DOI,title,year,journal,grade,reason,source_url,candidate_fingerprint,extracted_at_utc,sample_state,sample_norm,LOI_pct,LOI_uncertainty_pct,atmosphere,heating_rate_C_min,R650_pct,source_location,evidence,direct_numeric_use,pair_key,T1_C,Tmax1_C,R800_pct,R600_pct,T5_C,Tonset_C
10.3390/ma15072537,In Situ Synthesis of Silver Nanoparticles on Flame-Retardant Cotton Textiles Treated with Biological Phytic Acid and Antibacterial Activity,2022,Materials,C,No structured open-full-text tables could be parsed.,https://europepmc.org/articles/PMC9000066,9f136aedfb947b8fea15,2026-09-24T01:47:51.893206+00:00,,,,,,,,,,,,,,,,,
10.3390/ma13235492,Environmentally-Benign Phytic Acid-Based Multilayer Coating for Flame Retardant Cotton,2020,Materials,B,"Exact numeric pairing found, but TGA atmosphere or heating rate is ambiguous/missing.",https://europepmc.org/articles/PMC7730485,111da265bddc6dc08442,2026-09-24T01:47:53.167177+00:00,Control,control,18.0,,,,1.17,LOI table: Table 1 Weight gain and limiting oxygen index data.; TG table: Table 4 Summary of thermogravimetric analysis of treated and untreated cotton.,Automatically extracted from structured open-full-text tables; sample states matched exactly after conservative normalization.,review,10.3390/ma13235492||Control||||,,,,,,
10.3390/ma13235492,Environmentally-Benign Phytic Acid-Based Multilayer Coating for Flame Retardant Cotton,2020,Materials,B,"Exact numeric pairing found, but TGA atmosphere or heating rate is ambiguous/missing.",https://europepmc.org/articles/PMC7730485,111da265bddc6dc08442,2026-09-24T01:47:53.167199+00:00,8,8,26.0,,,,6.96,LOI table: Table 1 Weight gain and limiting oxygen index data.; TG table: Table 4 Summary of thermogravimetric analysis of treated and untreated cotton.,Automatically extracted from structured open-full-text tables; sample states matched exactly after conservative normalization.,review,10.3390/ma13235492||8||||,,,,,,
10.3390/ma13235492,Environmentally-Benign Phytic Acid-Based Multilayer Coating for Flame Retardant Cotton,2020,Materials,B,"Exact numeric pairing found, but TGA atmosphere or heating rate is ambiguous/missing.",https://europepmc.org/articles/PMC7730485,111da265bddc6dc08442,2026-09-24T01:47:53.167210+00:00,10,10,28.0,,,,14.63,LOI table: Table 1 Weight gain and limiting oxygen index data.; TG table: Table 4 Summary of thermogravimetric analysis of treated and untreated cotton.,Automatically extracted from structured open-full-text tables; sample states matched exactly after conservative normalization.,review,10.3390/ma13235492||10||||,,,,,,
10.3390/ma13235492,Environmentally-Benign Phytic Acid-Based Multilayer Coating for Flame Retardant Cotton,2020,Materials,B,"Exact numeric pairing found, but TGA atmosphere or heating rate is ambiguous/missing.",https://europepmc.org/articles/PMC7730485,111da265bddc6dc08442,2026-09-24T01:47:53.167229+00:00,12,12,29.0,,,,13.82,LOI table: Table 1 Weight gain and limiting oxygen index data.; TG table: Table 4 Summary of thermogravimetric analysis of treated and untreated cotton.,Automatically extracted from structured open-full-text tables; sample states matched exactly after conservative normalization.,review,10.3390/ma13235492||12||||,,,,,,
10.3390/ma13235492,Environmentally-Benign Phytic Acid-Based Multilayer Coating for Flame Retardant Cotton,2020,Materials,B,"Exact numeric pairing found, but TGA atmosphere or heating rate is ambiguous/missing.",https://europepmc.org/articles/PMC7730485,111da265bddc6dc08442,2026-09-24T01:47:53.167240+00:00,15,15,31.0,,,,13.8,LOI table: Table 1 Weight gain and limiting oxygen index data.; TG table: Table 4 Summary of thermogravimetric analysis of treated and untreated cotton.,Automatically extracted from structured open-full-text tables; sample states matched exactly after conservative normalization.,review,10.3390/ma13235492||15||||,,,,,,
10.3390/polym8080288,Flame Retardant Polyamide Fibres: The Challenge of Minimising Flame Retardant Additive Contents with Added Nanoclays,2016,Polymers,B,"Exact numeric pairing found, but TGA atmosphere or heating rate is ambiguous/missing.",https://europepmc.org/articles/PMC6431929,e43849417e58c4fa62b0,2026-09-24T01:47:54.545328+00:00,PA6a,pa6a,22.3,,,10.0,,LOI table: Table 4 Limiting oxygen index values of PA6 plaques containing AlPi or AS/DP and/or Cloisite 25A.; TG table: Table 5 Flame spread and dripping rates (DR) from UL94 results for PA6 plaque samples.,Automatically extracted from structured open-full-text tables; sample states matched exactly after conservative normalization.,review,10.3390/polym8080288||PA6a||||10,56.0,,,,,
10.3390/polym8080288,Flame Retardant Polyamide Fibres: The Challenge of Minimising Flame Retardant Additive Contents with Added Nanoclays,2016,Polymers,B,"Exact numeric pairing found, but TGA atmosphere or heating rate is ambiguous/missing.",https://europepmc.org/articles/PMC6431929,e43849417e58c4fa62b0,2026-09-24T01:47:54.545352+00:00,PA6/AlPi(10%)/25A(2%),pa6/alpi(10%)/25a(2%),29.0,,,10.0,,LOI table: Table 4 Limiting oxygen index values of PA6 plaques containing AlPi or AS/DP and/or Cloisite 25A.; TG table: Table 5 Flame spread and dripping rates (DR) from UL94 results for PA6 plaque samples.,Automatically extracted from structured open-full-text tables; sample states matched exactly after conservative normalization.,review,10.3390/polym8080288||PA6/AlPi(10%)/25A(2%)||||10,49.0,,,,,
10.3390/polym17111531,"Green Fabrication of Phosphorus-Containing Chitosan Derivatives via One-Step Protonation for Multifunctional Flame-Retardant, Anti-Dripping, and Antibacterial Coatings on Polyester Fabrics",2025,Polymers,C,No structured open-full-text tables could be parsed.,https://europepmc.org/articles/PMC12158184,a9a7e1d888b21ddc0f4f,2026-09-24T01:47:57.700221+00:00,,,,,,,,,,,,,,,,,
10.3390/ma17164028,Modified Epoxy Resin on the Burning Behavior and Mechanical Properties of Aramid Fiber Composite,2024,Materials,C,"Structured LOI/TG tables found, but no exact sample-state match was established.",https://europepmc.org/articles/PMC11356078,36a132078d70b25840fd,2026-09-24T01:47:58.716016+00:00,,,,,,,,,,,,,,,,,
10.1016/j.heliyon.2023.e13127,Flammability and comfort properties of blended knit fabrics made from inherently fire-resistant fibers to use for fire fighters,2023,Heliyon,C,"Structured LOI/TG tables found, but no exact sample-state match was established.",https://europepmc.org/articles/PMC9898679,d467f42052765468900a,2026-09-24T01:48:00.965494+00:00,,,,,,,,,,,,,,,,,
10.3390/molecules27248737,The Effect of Combined Atmospheric Plasma/UV Treatments on Improving the Durability of Flame Retardants Applied to Cotton,2022,Molecules,C,No structured open-full-text tables could be parsed.,https://europepmc.org/articles/PMC9783300,8ed274bbb9396a90f908,2026-09-24T01:48:02.530870+00:00,,,,,,,,,,,,,,,,,
10.1021/acsomega.5c04482,A Carbon Layer Modulation Mechanism of 4‑Formylphenylboronic Acid Reactive Flame-Retardant PA66,2025,ACS Omega,C,"Structured LOI/TG tables found, but no exact sample-state match was established.",https://europepmc.org/articles/PMC12268427,20d1a612c8a87ed3a005,2026-09-24T01:48:06.102415+00:00,,,,,,,,,,,,,,,,,
10.3390/polym17030381,The Effect of Phosphoric Acid on the Flame Retardancy and Interfacial Adhesion of Carbon Fiber with Thermoplastic Resin PA6,2025,Polymers,C,"Structured LOI/TG tables found, but no exact sample-state match was established.",https://europepmc.org/articles/PMC11820676,01e18a5098bf04b9a00e,2026-09-24T01:48:09.756560+00:00,,,,,,,,,,,,,,,,,
10.3390/ma16124386,Quality of Fine Yarns from Modacrylic/Polyacrylate/Lyocell Blends Intended for Affordable Flame-Resistant Underwear,2023,Materials,C,No structured open-full-text tables could be parsed.,https://europepmc.org/articles/PMC10303398,7bc7a2846f577fc25bb0,2026-09-24T01:48:10.402368+00:00,,,,,,,,,,,,,,,,,
10.3390/polym17202744,Advanced Post-Processing Techniques for Hydrophobic and Flame-Retardant Textiles,2025,Polymers,C,"Structured LOI/TG tables found, but no exact sample-state match was established.",https://europepmc.org/articles/PMC12567407,4bb4e39f4f3b1e383ab9,2026-09-24T01:48:11.504288+00:00,,,,,,,,,,,,,,,,,
10.3390/polym11040699,"Thermal Stability, Fire Performance, and Mechanical Properties of Natural Fibre Fabric-Reinforced Polymer Composites with Different Fire Retardants",2019,Polymers,C,"Structured LOI/TG tables found, but no exact sample-state match was established.",https://europepmc.org/articles/PMC6523417,604d20711d5bcb0a8259,2026-09-24T01:48:12.592851+00:00,,,,,,,,,,,,,,,,,
10.3390/polym14224994,Fabrication of an Eco-Friendly Clay-Based Coating for Enhancing Flame Retardant and Mechanical Properties of Cotton Fabrics via LbL Assembly,2022,Polymers,C,"Structured LOI/TG tables found, but no exact sample-state match was established.",https://europepmc.org/articles/PMC9695412,87b50da7f572695106b9,2026-09-24T01:48:16.361816+00:00,,,,,,,,,,,,,,,,,
10.3390/molecules24101947,Preparation of Ion-Exchanged TEMPO-Oxidized Celluloses as Flame Retardant Products,2019,Molecules,B,"Exact numeric pairing found, but TGA atmosphere or heating rate is ambiguous/missing.",https://europepmc.org/articles/PMC6571781,72cbf5fd7965bafc0c6c,2026-09-24T01:48:17.473716+00:00,Cellulose,cellulose,19.0,,,10.0,,LOI table: Table 3 The result of LOI of cellulose and TOC.; TG table: Table 2 Microscale combustion calorimetry (MCC) data of cellulose and TOC.,Automatically extracted from structured open-full-text tables; sample states matched exactly after conservative normalization.,review,10.3390/molecules24101947||Cellulose||||10,,,,8.57,,
10.3390/molecules24101947,Preparation of Ion-Exchanged TEMPO-Oxidized Celluloses as Flame Retardant Products,2019,Molecules,B,"Exact numeric pairing found, but TGA atmosphere or heating rate is ambiguous/missing.",https://europepmc.org/articles/PMC6571781,72cbf5fd7965bafc0c6c,2026-09-24T01:48:17.473736+00:00,cellulose-COOZn,cellulose-coozn,34.0,,,10.0,,LOI table: Table 3 The result of LOI of cellulose and TOC.; TG table: Table 2 Microscale combustion calorimetry (MCC) data of cellulose and TOC.,Automatically extracted from structured open-full-text tables; sample states matched exactly after conservative normalization.,review,10.3390/molecules24101947||cellulose-COOZn||||10,,,,35.51,,
10.3390/molecules24101947,Preparation of Ion-Exchanged TEMPO-Oxidized Celluloses as Flame Retardant Products,2019,Molecules,B,"Exact numeric pairing found, but TGA atmosphere or heating rate is ambiguous/missing.",https://europepmc.org/articles/PMC6571781,72cbf5fd7965bafc0c6c,2026-09-24T01:48:17.473754+00:00,cellulose-COOMg,cellulose-coomg,27.0,,,10.0,,LOI table: Table 3 The result of LOI of cellulose and TOC.; TG table: Table 2 Microscale combustion calorimetry (MCC) data of cellulose and TOC.,Automatically extracted from structured open-full-text tables; sample states matched exactly after conservative normalization.,review,10.3390/molecules24101947||cellulose-COOMg||||10,,,,28.55,,
10.3390/molecules24101947,Preparation of Ion-Exchanged TEMPO-Oxidized Celluloses as Flame Retardant Products,2019,Molecules,B,"Exact numeric pairing found, but TGA atmosphere or heating rate is ambiguous/missing.",https://europepmc.org/articles/PMC6571781,72cbf5fd7965bafc0c6c,2026-09-24T01:48:17.473772+00:00,cellulose-COOCa,cellulose-cooca,25.0,,,10.0,,LOI table: Table 3 The result of LOI of cellulose and TOC.; TG table: Table 2 Microscale combustion calorimetry (MCC) data of cellulose and TOC.,Automatically extracted from structured open-full-text tables; sample states matched exactly after conservative normalization.,review,10.3390/molecules24101947||cellulose-COOCa||||10,,,,32.65,,
10.3390/molecules24101947,Preparation of Ion-Exchanged TEMPO-Oxidized Celluloses as Flame Retardant Products,2019,Molecules,B,"Exact numeric pairing found, but TGA atmosphere or heating rate is ambiguous/missing.",https://europepmc.org/articles/PMC6571781,72cbf5fd7965bafc0c6c,2026-09-24T01:48:17.473790+00:00,cellulose-COONa,cellulose-coona,27.0,,,10.0,,LOI table: Table 3 The result of LOI of cellulose and TOC.; TG table: Table 2 Microscale combustion calorimetry (MCC) data of cellulose and TOC.,Automatically extracted from structured open-full-text tables; sample states matched exactly after conservative normalization.,review,10.3390/molecules24101947||cellulose-COONa||||10,,,,29.73,,
10.3390/molecules24101947,Preparation of Ion-Exchanged TEMPO-Oxidized Celluloses as Flame Retardant Products,2019,Molecules,B,"Exact numeric pairing found, but TGA atmosphere or heating rate is ambiguous/missing.",https://europepmc.org/articles/PMC6571781,72cbf5fd7965bafc0c6c,2026-09-24T01:48:17.473807+00:00,cellulose-COOBa,cellulose-cooba,25.0,,,10.0,,LOI table: Table 3 The result of LOI of cellulose and TOC.; TG table: Table 2 Microscale combustion calorimetry (MCC) data of cellulose and TOC.,Automatically extracted from structured open-full-text tables; sample states matched exactly after conservative normalization.,review,10.3390/molecules24101947||cellulose-COOBa||||10,,,,35.89,,
10.1080/15685551.2024.2301804,Preparation and performance study of waterproof and breathable layer of alginate/aramid-based fabrics and flame-retardant multilayer combination,2024,Designed Monomers & Polymers,C,"Structured LOI/TG tables found, but no exact sample-state match was established.",https://europepmc.org/articles/PMC10878337,becfe598e0bb9366936c,2026-09-24T01:48:18.576000+00:00,,,,,,,,,,,,,,,,,
10.3390/ma15155373,Impact of Washing Parameters on Thermal Characteristics and Appearance of Proban®—Flame Retardant Material,2022,Materials,C,"Structured LOI/TG tables found, but no exact sample-state match was established.",https://europepmc.org/articles/PMC9369599,79bd4ae42aead98691c0,2026-09-24T01:48:19.606839+00:00,,,,,,,,,,,,,,,,,
10.1021/acsomega.2c01870,Investigation and Optimization of Vacuum Plasma Treatment of PA66 Fabric for Reduced Fire Retardant Consumption,2022,ACS Omega,C,No structured open-full-text tables could be parsed.,https://europepmc.org/articles/PMC9244904,5df2c486bfa8ec308ca4,2026-09-24T01:48:20.156330+00:00,,,,,,,,,,,,,,,,,
10.1039/c9ra07743j,Modified melamine-formaldehyde resins improve tensile strength along with antifouling and flame retardancy in impregnation of cellulose paper,2019,RSC Advances,C,"Structured LOI/TG tables found, but no exact sample-state match was established.",https://europepmc.org/articles/PMC9075157,7e97c3b57ea7c887c01a,2026-09-24T01:48:21.153340+00:00,,,,,,,,,,,,,,,,,
10.1021/acsomega.5c00281,Application of Novel Triazolium-Containing Hydrogels to Cotton Fabrics: Evaluation of Their Flame Retardancy and Antibacterial Properties,2025,ACS Omega,C,No structured open-full-text tables could be parsed.,https://europepmc.org/articles/PMC12138650,f714c3c4b9f8dd775d1b,2026-09-24T01:48:21.797039+00:00,,,,,,,,,,,,,,,,,
10.1021/acsami.2c14709,Fabrication of Highly Efficient Flame-Retardant and Fluorine-Free Superhydrophobic Cotton Fabric by Constructing Multielement-Containing POSS@ZIF-67@PDMS Micro–Nano Hierarchical Coatings,2022,ACS Applied Materials & Interfaces,C,No structured open-full-text tables could be parsed.,https://doi.org/10.1021/acsami.2c14709,f17940ab9d2046daad91,2026-09-24T01:48:22.172416+00:00,,,,,,,,,,,,,,,,,
10.11648/j.ijmsa.20200904.11,Development of Flame-Resistant Cotton Fabrics with Casein Using Pad-dry-cure and Supercritical Fluids Methods,2020,International Journal of Materials Science and Applications,C,No structured open-full-text tables could be parsed.,https://doi.org/10.11648/j.ijmsa.20200904.11,0c957976320caeff9691,2026-09-24T01:48:22.534135+00:00,,,,,,,,,,,,,,,,,
10.1039/d1ra07410e,Preparation and thermal cross-linking mechanism of co-polyester fiber with flame retardancy and anti-dripping by in situ polymerization,2021,RSC Advances,B,"Exact numeric pairing found, but TGA atmosphere or heating rate is ambiguous/missing.",https://europepmc.org/articles/PMC8978624,ffb3c41c1d80f6f6caad,2026-09-24T01:48:23.615342+00:00,PET,pet,21.2,0.2,air,,,LOI table: The flammability of modified PET polyester; TG table: The TGA and DTG of copolyester (air atmospheres),Automatically extracted from structured open-full-text tables; sample states matched exactly after conservative normalization.,review,10.1039/d1ra07410e||PET||air||,,556.7,,,370.3,
10.1039/d1ra07410e,Preparation and thermal cross-linking mechanism of co-polyester fiber with flame retardancy and anti-dripping by in situ polymerization,2021,RSC Advances,B,"Exact numeric pairing found, but TGA atmosphere or heating rate is ambiguous/missing.",https://europepmc.org/articles/PMC8978624,ffb3c41c1d80f6f6caad,2026-09-24T01:48:23.615365+00:00,PET,pet,21.2,0.2,,,,LOI table: The flammability of modified PET polyester; TG table: The TG-DSC data of copolyester containing phosphorus–silica,Automatically extracted from structured open-full-text tables; sample states matched exactly after conservative normalization.,review,10.1039/d1ra07410e||PET||||,,445.4,,,422.1,
10.1039/d1ra07410e,Preparation and thermal cross-linking mechanism of co-polyester fiber with flame retardancy and anti-dripping by in situ polymerization,2021,RSC Advances,B,"Exact numeric pairing found, but TGA atmosphere or heating rate is ambiguous/missing.",https://europepmc.org/articles/PMC8978624,ffb3c41c1d80f6f6caad,2026-09-24T01:48:23.615395+00:00,PETP-1Si,petp-1si,32.8,0.2,air,,,LOI table: The flammability of modified PET polyester; TG table: The TGA and DTG of copolyester (air atmospheres),Automatically extracted from structured open-full-text tables; sample states matched exactly after conservative normalization.,review,10.1039/d1ra07410e||PETP-1Si||air||,,557.2,,,380.0,
10.1039/d1ra07410e,Preparation and thermal cross-linking mechanism of co-polyester fiber with flame retardancy and anti-dripping by in situ polymerization,2021,RSC Advances,B,"Exact numeric pairing found, but TGA atmosphere or heating rate is ambiguous/missing.",https://europepmc.org/articles/PMC8978624,ffb3c41c1d80f6f6caad,2026-09-24T01:48:23.615411+00:00,PETP-1Si,petp-1si,32.8,0.2,,,,LOI table: The flammability of modified PET polyester; TG table: The TG-DSC data of copolyester containing phosphorus–silica,Automatically extracted from structured open-full-text tables; sample states matched exactly after conservative normalization.,review,10.1039/d1ra07410e||PETP-1Si||||,,455.2,,,424.4,
10.1039/d1ra07410e,Preparation and thermal cross-linking mechanism of co-polyester fiber with flame retardancy and anti-dripping by in situ polymerization,2021,RSC Advances,B,"Exact numeric pairing found, but TGA atmosphere or heating rate is ambiguous/missing.",https://europepmc.org/articles/PMC8978624,ffb3c41c1d80f6f6caad,2026-09-24T01:48:23.615421+00:00,PETP-2Si,petp-2si,33.8,0.1,air,,,LOI table: The flammability of modified PET polyester; TG table: The TGA and DTG of copolyester (air atmospheres),Automatically extracted from structured open-full-text tables; sample states matched exactly after conservative normalization.,review,10.1039/d1ra07410e||PETP-2Si||air||,,555.1,,,380.9,
10.1039/d1ra07410e,Preparation and thermal cross-linking mechanism of co-polyester fiber with flame retardancy and anti-dripping by in situ polymerization,2021,RSC Advances,B,"Exact numeric pairing found, but TGA atmosphere or heating rate is ambiguous/missing.",https://europepmc.org/articles/PMC8978624,ffb3c41c1d80f6f6caad,2026-09-24T01:48:23.615437+00:00,PETP-2Si,petp-2si,33.8,0.1,,,,LOI table: The flammability of modified PET polyester; TG table: The TG-DSC data of copolyester containing phosphorus–silica,Automatically extracted from structured open-full-text tables; sample states matched exactly after conservative normalization.,review,10.1039/d1ra07410e||PETP-2Si||||,,450.1,,,419.9,
10.1039/d1ra07410e,Preparation and thermal cross-linking mechanism of co-polyester fiber with flame retardancy and anti-dripping by in situ polymerization,2021,RSC Advances,B,"Exact numeric pairing found, but TGA atmosphere or heating rate is ambiguous/missing.",https://europepmc.org/articles/PMC8978624,ffb3c41c1d80f6f6caad,2026-09-24T01:48:23.615472+00:00,PETP,petp,31.9,0.2,air,,,LOI table: The mechanical properties and LOI of copolymers fiber; TG table: The TGA and DTG of copolyester (air atmospheres),Automatically extracted from structured open-full-text tables; sample states matched exactly after conservative normalization.,review,10.1039/d1ra07410e||PETP||air||,,565.8,,,386.5,
10.1039/d1ra07410e,Preparation and thermal cross-linking mechanism of co-polyester fiber with flame retardancy and anti-dripping by in situ polymerization,2021,RSC Advances,B,"Exact numeric pairing found, but TGA atmosphere or heating rate is ambiguous/missing.",https://europepmc.org/articles/PMC8978624,ffb3c41c1d80f6f6caad,2026-09-24T01:48:23.615479+00:00,PETP,petp,31.9,0.2,,,,LOI table: The mechanical properties and LOI of copolymers fiber; TG table: Cure analysis of the prepared samples based on nonisothermal DSC data,Automatically extracted from structured open-full-text tables; sample states matched exactly after conservative normalization.,review,10.1039/d1ra07410e||PETP||||,,,,,,82.1
10.1039/d1ra07410e,Preparation and thermal cross-linking mechanism of co-polyester fiber with flame retardancy and anti-dripping by in situ polymerization,2021,RSC Advances,B,"Exact numeric pairing found, but TGA atmosphere or heating rate is ambiguous/missing.",https://europepmc.org/articles/PMC8978624,ffb3c41c1d80f6f6caad,2026-09-24T01:48:23.615488+00:00,PETP-3Si,petp-3si,34.1,0.1,air,,,LOI table: The mechanical properties and LOI of copolymers fiber; TG table: The TGA and DTG of copolyester (air atmospheres),Automatically extracted from structured open-full-text tables; sample states matched exactly after conservative normalization.,review,10.1039/d1ra07410e||PETP-3Si||air||,,553.7,,,381.2,
10.1039/d1ra07410e,Preparation and thermal cross-linking mechanism of co-polyester fiber with flame retardancy and anti-dripping by in situ polymerization,2021,RSC Advances,B,"Exact numeric pairing found, but TGA atmosphere or heating rate is ambiguous/missing.",https://europepmc.org/articles/PMC8978624,ffb3c41c1d80f6f6caad,2026-09-24T01:48:23.615504+00:00,PETP-3Si,petp-3si,34.1,0.1,,,,LOI table: The mechanical properties and LOI of copolymers fiber; TG table: The TG-DSC data of copolyester containing phosphorus–silica,Automatically extracted from structured open-full-text tables; sample states matched exactly after conservative normalization.,review,10.1039/d1ra07410e||PETP-3Si||||,,455.3,,,422.9,
10.1002/pc.28089,Comparison of different flame‐retardant agents for polylactic acid/fiber composites by a film‐stacking method: Flame‐retardant performance and mechanical properties,2024,Polymer Composites,C,No structured open-full-text tables could be parsed.,https://doi.org/10.1002/pc.28089,7b591e986aff457b9bfe,2026-09-24T01:48:24.035575+00:00,,,,,,,,,,,,,,,,,
10.3390/polym17070924,The Gas- and Condensed-Phase Efficacy of Functionalized Phosphorus Flame Retardants for Cotton Fabric: Phenyl vs. Phenoxy Groups,2025,Polymers,C,"Structured LOI/TG tables found, but no exact sample-state match was established.",https://europepmc.org/articles/PMC11990989,ee0a851bba4f978c180d,2026-09-24T01:48:25.473612+00:00,,,,,,,,,,,,,,,,,
10.1039/c8ra09005j,Durable flame retardant polyacrylonitrile fabric via UV-induced grafting polymerization and surface chemical modification,2018,RSC Advances,C,"Structured LOI/TG tables found, but no exact sample-state match was established.",https://europepmc.org/articles/PMC9091708,92c615046c34c7653953,2026-09-24T01:48:26.481051+00:00,,,,,,,,,,,,,,,,,
10.48048/tis.2025.9093,Epoxy Composite Reinforced with Bacterial Cellulose and Multi-Walled Carbon Nanotubes: Mechanical Properties and Flame Retardancy Performance,2025,Trends in Sciences,C,No structured open-full-text tables could be parsed.,https://doi.org/10.48048/tis.2025.9093,b7035b7490617be367c2,2026-09-24T01:48:26.863643+00:00,,,,,,,,,,,,,,,,,
10.21203/rs.3.rs-315407/v1,Synthesis of a Novel Highly Efficient Flame-Retardant Coating for Cotton Fabrics With Low Combustion Toxicity and Antibacterial Properties,2021,Research Square,C,No structured open-full-text tables could be parsed.,https://doi.org/10.21203/rs.3.rs-315407/v1,c3358d6c1809815f61de,2026-09-24T01:48:27.271731+00:00,,,,,,,,,,,,,,,,,
10.1002/fam.990,The application of a novel flame retardant on viscose fiber,2008,Fire and Materials,C,No structured open-full-text tables could be parsed.,https://doi.org/10.1002/fam.990,b1b482564f722fa54076,2026-09-24T01:48:27.638458+00:00,,,,,,,,,,,,,,,,,
10.3390/polym12092107,Basalt Fiber Modified Ethylene Vinyl Acetate/Magnesium Hydroxide Composites with Balanced Flame Retardancy and Improved Mechanical Properties,2020,Polymers,C,"Structured LOI/TG tables found, but no exact sample-state match was established.",https://europepmc.org/articles/PMC7570181,012441ddb31b0671d003,2026-09-24T01:48:28.645608+00:00,,,,,,,,,,,,,,,,,
10.21203/rs.3.rs-2081673/v1,Eco-friendly fire-retardant finishing of Cotton fabric with mixture of Ammonium Sulfamate and Sodium Stannate,2022,Research Square,C,No structured open-full-text tables could be parsed.,https://doi.org/10.21203/rs.3.rs-2081673/v1,f96ea024758175865d17,2026-09-24T01:48:29.070981+00:00,,,,,,,,,,,,,,,,,
10.1021/acsapm.2c01257,Water-Soluble Cyclophosphazenes as Durable Flame-Retardant Finishes for Nylon/Cotton Blend Fabrics,2022,ACS Applied Polymer Materials,C,No structured open-full-text tables could be parsed.,https://doi.org/10.1021/acsapm.2c01257,54ceea3d33cacc9ba9fa,2026-09-24T01:48:29.461593+00:00,,,,,,,,,,,,,,,,,
10.3390/ma16237347,An Analysis of the Performance and Comfort Properties of Fire-Protective Material by Using Inherently Fire-Retardant Fibers and Knitting Structures,2023,Materials,C,"Structured LOI/TG tables found, but no exact sample-state match was established.",https://europepmc.org/articles/PMC10707135,4838deaf21b8dcc8170b,2026-09-24T01:48:30.607163+00:00,,,,,,,,,,,,,,,,,
10.3390/polym14153071,Barrier Effects of Cellulosic Fibers with Hybrid Coating Based on Zirconium Metal-Organic Framework,2022,Polymers,C,"Structured LOI/TG tables found, but no exact sample-state match was established.",https://europepmc.org/articles/PMC9370460,c98b2e25036ecdc4c24f,2026-09-24T01:48:32.601046+00:00,,,,,,,,,,,,,,,,,
10.1007/s12221-026-01461-1,"Thermal, Chemical and Mechanical Properties of Alginate-Coated Wool/Polyamide Fabrics Containing Boron Compounds",2026,Fibers and Polymers,C,No structured open-full-text tables could be parsed.,https://doi.org/10.1007/s12221-026-01461-1,c274af8638b7f9aaa73a,2026-09-24T01:48:32.995244+00:00,,,,,,,,,,,,,,,,,
10.1002/fam.920,Flame retardancy finish with an organophosphorus retardant on silk fabrics,2006,Fire and Materials,C,No structured open-full-text tables could be parsed.,https://doi.org/10.1002/fam.920,fa78b646cb427b3bfabb,2026-09-24T01:48:33.390884+00:00,,,,,,,,,,,,,,,,,
10.1002/fam.3243,Extract from the peels of jackfruit ( Artocarpus heterophyllus ): Flame retardancy and toxic gaseous emission suppression effects on cotton textiles,2024,Fire and Materials,C,No structured open-full-text tables could be parsed.,https://doi.org/10.1002/fam.3243,eba27bc27954e30ebb5a,2026-09-24T01:48:33.790280+00:00,,,,,,,,,,,,,,,,,
10.1016/j.matdes.2022.110925,Biobased coating derived from fish scale protein and phytic acid for flame-retardant cotton fabrics,2022,Materials & Design,C,No structured open-full-text tables could be parsed.,https://doi.org/10.1016/j.matdes.2022.110925,8d6a22bbc959d64e93f3,2026-09-24T01:48:34.219729+00:00,,,,,,,,,,,,,,,,,
10.21203/rs.3.rs-1781201/v1,"Reactive P/S/N-containing synergistic flame retardant towards eco-friendly durable flame-retardant cotton fabric: Flame-retardant property, durability and mechanism",2022,Research Square,C,No structured open-full-text tables could be parsed.,https://doi.org/10.21203/rs.3.rs-1781201/v1,4d0787b63784f28a2e53,2026-09-24T01:48:34.564588+00:00,,,,,,,,,,,,,,,,,
10.15376/biores.17.4.6521-6531,Fully bio-based chitosan/sodium alginate coating for flame retardant Xuan paper,2022,BioResources,C,No structured open-full-text tables could be parsed.,https://doi.org/10.15376/biores.17.4.6521-6531,ffbaa5b491655366f49f,2026-09-24T01:48:34.963214+00:00,,,,,,,,,,,,,,,,,
10.1177/0040517516632478,Preparation and characterizations of flame retardant melamine cyanurate/polyamide 6 composite fibers via in situ polymerization,2016,Textile Research Journal,C,No structured open-full-text tables could be parsed.,https://doi.org/10.1177/0040517516632478,ab896f55932cce16b43d,2026-09-24T01:48:35.335522+00:00,,,,,,,,,,,,,,,,,
10.3390/polym13030430,Suppression of Smoldering of Calcium Alginate Flame-Retardant Paper by Flame-Retardant Polyamide-66,2021,Polymers,C,"Structured LOI/TG tables found, but no exact sample-state match was established.",https://europepmc.org/articles/PMC7866267,4351b983026735981ff9,2026-09-24T01:48:36.408960+00:00,,,,,,,,,,,,,,,,,
10.1002/vnl.21688,Synthesize and Characterization of Flame Retardant Copolyesters PET/Phosphorus Compound,2018,Journal of Vinyl and Additive Technology,C,No structured open-full-text tables could be parsed.,https://doi.org/10.1002/vnl.21688,6b4c3b1bac821b00a3af,2026-09-24T01:48:36.770213+00:00,,,,,,,,,,,,,,,,,
10.5755/j01.ms.24.4.18606,A Phosphorus-Nitrogen Flame-retardant: Synthesis and Application in Cotton Fabrics,2018,Materials Science,C,No structured open-full-text tables could be parsed.,https://doi.org/10.5755/j01.ms.24.4.18606,2b0f114539dd4a2c4c60,2026-09-24T01:48:37.115952+00:00,,,,,,,,,,,,,,,,,
10.11648/j.ijmsa.20190805.12,Innovative Approach to Flame Retardant Cotton Fabrics with Phosphorus Rich Casein via Layer-by-Layer Processing,2019,International Journal of Materials Science and Applications,C,No structured open-full-text tables could be parsed.,https://doi.org/10.11648/j.ijmsa.20190805.12,2e4699621acfab27138c,2026-09-24T01:48:37.800915+00:00,,,,,,,,,,,,,,,,,
10.21203/rs.3.rs-3748177/v1,Hydrophobic and anti-fouling polyelectrolyte complex coating for durable flame-retardant cotton fabric,2024,Research Square,C,No structured open-full-text tables could be parsed.,http://dx.doi.org/10.21203/rs.3.rs-3748177/v1,8d740239cc7c53b25a14,2026-09-24T01:48:38.144926+00:00,,,,,,,,,,,,,,,,,
10.21203/rs.3.rs-494207/v1,One-step Green Synthesis of Eco-friendly Novel N-P Synergistic Flame Retardant for Cotton Fabric,2021,Research Square,C,No structured open-full-text tables could be parsed.,https://doi.org/10.21203/rs.3.rs-494207/v1,1015275b3ad65af4267f,2026-09-24T01:48:38.526754+00:00,,,,,,,,,,,,,,,,,
10.3390/nano8110875,Surface Coating for Flame Retardancy and Pyrolysis Behavior of Polyester Fabric Based on Calcium Alginate Nanocomposites,2018,Nanomaterials,C,"Structured LOI/TG tables found, but no exact sample-state match was established.",https://europepmc.org/articles/PMC6267167,48136ea4dea35428194c,2026-09-24T01:48:39.552209+00:00,,,,,,,,,,,,,,,,,
10.3390/coatings15080886,A Thorough Investigation of the Mechanism of theAntagonistic Effect Between Phosphorus and Basic Oxide-Forming Minerals as Flame Retardants of PolymericComposite Coatings,2025,Coatings,C,No structured open-full-text tables could be parsed.,https://doi.org/10.3390/coatings15080886,dbdcfc32a072f72b1763,2026-09-24T01:48:39.911734+00:00,,,,,,,,,,,,,,,,,
10.1021/acssuschemeng.8b03980,Fabrication and Characterization of Flame-Retardant Nanoencapsulated n-Octadecane with Melamine–Formaldehyde Shell for Thermal Energy Storage,2018,ACS Sustainable Chemistry & Engineering,C,No structured open-full-text tables could be parsed.,https://doi.org/10.1021/acssuschemeng.8b03980,5958ac59b3d4adc9acd6,2026-09-24T01:48:40.278605+00:00,,,,,,,,,,,,,,,,,
10.1016/j.clet.2021.100319,Chemically modified wool waste keratin for flame retardant cotton finishing,2021,Cleaner Engineering and Technology,C,No structured open-full-text tables could be parsed.,https://doi.org/10.1016/j.clet.2021.100319,caec8079b1c857fd8867,2026-09-24T01:48:40.665281+00:00,,,,,,,,,,,,,,,,,
10.1108/ijcst-12-2013-0135,Flame retardant cellulosic textile using bannana pseudostem sap,2015,International Journal of Clothing Science and Technology,C,No structured open-full-text tables could be parsed.,https://doi.org/10.1108/ijcst-12-2013-0135,48c97cc0d6d5e3285920,2026-09-24T01:48:41.032132+00:00,,,,,,,,,,,,,,,,,
10.32710/tekstilvekonfeksiyon.674115,Investigation of Flame Retardant Effects of Resins on the Flammability of Leather,2021,TEKSTİL VE KONFEKSİYON,C,No structured open-full-text tables could be parsed.,https://doi.org/10.32710/tekstilvekonfeksiyon.674115,3a87afcae0b5049793fd,2026-09-24T01:48:41.388842+00:00,,,,,,,,,,,,,,,,,
10.1021/ie300964g,Enhanced Flame Retardant Property of Fiber Reactive Halogen-Free Organophosphonate,2012,Industrial & Engineering Chemistry Research,C,No structured open-full-text tables could be parsed.,https://doi.org/10.1021/ie300964g,55f807767cf14b3af901,2026-09-24T01:48:42.280582+00:00,,,,,,,,,,,,,,,,,
10.33263/briac95.272278,"Novel flame retardant and antibacterial agent containing MgO NPs, phosphorus, nitrogen and silicon units for functionalise cotton fabrics",2019,Biointerface Research in Applied Chemistry,C,No structured open-full-text tables could be parsed.,https://doi.org/10.33263/briac95.272278,33e8baeb92332cba627d,2026-09-24T01:48:42.633133+00:00,,,,,,,,,,,,,,,,,
10.1515/pjct-2015-0018,Flame resistant cellulosic substrate using banana pseudostem sap,2015,Green Sciences,C,No structured open-full-text tables could be parsed.,https://doi.org/10.1515/pjct-2015-0018,bbc819c1d813b52fef50,2026-09-24T01:48:42.985169+00:00,,,,,,,,,,,,,,,,,
10.1002/fam.2314,Flame retardancy in fabric consisting of cellulosic fiber and modacrylic fiber containing fine‐grained MoO3particles,2015,Fire and Materials,C,No structured open-full-text tables could be parsed.,https://doi.org/10.1002/fam.2314,345c2d6c861371320edc,2026-09-24T01:48:43.330352+00:00,,,,,,,,,,,,,,,,,
10.1016/j.pnsc.2017.04.013,Flame retardancy of polyamide 6 hybrid fibers: Combined effects of α -zirconium phosphate and ammonium sulfamate,2017,Progress in Natural Science Materials International,C,No structured open-full-text tables could be parsed.,https://doi.org/10.1016/j.pnsc.2017.04.013,61cd8fc014bfab17dfd2,2026-09-24T01:48:43.671818+00:00,,,,,,,,,,,,,,,,,
10.1016/j.heliyon.2023.e14806,Fire retardant properties enhancement of cotton twill fabric using pumpkin (Cucurbita maxima) extract,2023,Heliyon,C,No structured open-full-text tables could be parsed.,https://doi.org/10.1016/j.heliyon.2023.e14806,32d7484b513e1538a546,2026-09-24T01:48:44.503378+00:00,,,,,,,,,,,,,,,,,
10.1108/ijcst-03-2016-0036,Silica precursor as synergist for cotton flame retardancy,2016,International Journal of Clothing Science and Technology,C,No structured open-full-text tables could be parsed.,https://doi.org/10.1108/ijcst-03-2016-0036,6d6bdf54e21077a9624b,2026-09-24T01:48:44.850802+00:00,,,,,,,,,,,,,,,,,
10.1080/00405000.2014.995456,Fire retardant property of cotton fabric treated with herbal extract,2014,Journal of the Textile Institute,C,No structured open-full-text tables could be parsed.,https://doi.org/10.1080/00405000.2014.995456,0a8381ce067bdc22d861,2026-09-24T01:48:45.193168+00:00,,,,,,,,,,,,,,,,,
10.1177/0040517514555801,Synthesis of a novel flame retardant phosphorus/nitrogen/siloxane and its application on cotton fabrics,2014,Textile Research Journal,C,No structured open-full-text tables could be parsed.,https://doi.org/10.1177/0040517514555801,a52df2631a7a3ddfa6bb,2026-09-24T01:48:45.562623+00:00,,,,,,,,,,,,,,,,,
10.1021/acs.chas.4c00050,Nature-Derived Flame Retardant for Cotton Fabrics with Green Coconut Shells,2024,ACS Chemical Health & Safety,C,No structured open-full-text tables could be parsed.,https://doi.org/10.1021/acs.chas.4c00050,bb0064a3e6baddf87b5b,2026-09-24T01:48:46.101416+00:00,,,,,,,,,,,,,,,,,
10.1007/s10570-022-05033-3,Flame-retardant finishing of cotton fabrics using DOPO functionalized alkoxy- and amido alkoxysilane,2023,Cellulose,C,No structured open-full-text tables could be parsed.,https://doi.org/10.1007/s10570-022-05033-3,1e1d033c2a339c72ff1c,2026-09-24T01:48:46.455549+00:00,,,,,,,,,,,,,,,,,
10.1002/app.1992.070460312,Flame‐retarding modification of nylon 6 textile,1992,Journal of Applied Polymer Science,C,No structured open-full-text tables could be parsed.,https://doi.org/10.1002/app.1992.070460312,67f43e024aae4ba5c98d,2026-09-24T01:48:46.806980+00:00,,,,,,,,,,,,,,,,,
10.1016/j.ejpe.2015.04.001,Evaluation of the flammability and thermal properties of a new flame retardant coating applied on polyester fabric,2015,Egyptian Journal of Petroleum,C,No structured open-full-text tables could be parsed.,https://doi.org/10.1016/j.ejpe.2015.04.001,51fc120a2e98cbc4d8dd,2026-09-24T01:48:47.172155+00:00,,,,,,,,,,,,,,,,,
10.1515/epoly-2020-0059,Synthesis of a phosphoramidate flame retardant and its flame retardancy on cotton fabrics,2020,e-Polymers,C,No structured open-full-text tables could be parsed.,https://doi.org/10.1515/epoly-2020-0059,9bfddccae1b0a14b4078,2026-09-24T01:48:47.530336+00:00,,,,,,,,,,,,,,,,,
10.1016/j.proeng.2017.12.114,Pyrolysis Properties and Flame Retardant Effects of Fabrics Finished by Hybrid Silica-based Sols,2018,Procedia Engineering,C,No structured open-full-text tables could be parsed.,https://doi.org/10.1016/j.proeng.2017.12.114,9b2c0de80f628224b570,2026-09-24T01:48:47.877116+00:00,,,,,,,,,,,,,,,,,
10.5121/msej.2018.5101,Flammability Characteristics of Chemical Treated Woven Hemp Fabric,2018,Advances in Materials Science and Engineering An International Journal (MSEJ),C,No structured open-full-text tables could be parsed.,https://doi.org/10.5121/msej.2018.5101,e4628f8432754e0253c8,2026-09-24T01:48:48.242025+00:00,,,,,,,,,,,,,,,,,
10.7317/pk.2018.42.2.157,Synthesis and Application of a Polyamide-containing Phosphorous and Sulfur Flame-retardant for Nylon Fabric,2018,Polymer(Korea),C,No structured open-full-text tables could be parsed.,https://doi.org/10.7317/pk.2018.42.2.157,4dc10a9724229e419ccc,2026-09-24T01:48:48.597095+00:00,,,,,,,,,,,,,,,,,
10.15376/biores.16.2.islam,Cotton-based flame-retardant textiles: A review,2021,BioResources,C,No structured open-full-text tables could be parsed.,https://doi.org/10.15376/biores.16.2.islam,2e059ae7499ea8d11d6d,2026-09-24T01:48:48.935804+00:00,,,,,,,,,,,,,,,,,
10.1007/s10570-020-03270-y,Flame retardant effect of lignin/carbon nanotubes/potassium carbonate composite coatings on cotton roving,2020,Cellulose,C,No structured open-full-text tables could be parsed.,https://doi.org/10.1007/s10570-020-03270-y,68af8b7242bb11a1c29d,2026-09-24T01:48:49.287070+00:00,,,,,,,,,,,,,,,,,
10.20944/preprints201804.0094.v1,Environmentally Sustainable Flame Retardant Surface Treatments for Textiles: The Potential of a Novel Atmospheric Plasma/UV Laser Technology,2018,Preprints.org,C,No structured open-full-text tables could be parsed.,https://doi.org/10.20944/preprints201804.0094.v1,32c72bd5769ceddd207d,2026-09-24T01:48:49.635062+00:00,,,,,,,,,,,,,,,,,
10.1039/9781847559210-00359,"Chapter 23. Effect of Yarn, Fabric Construction and Colour in Respect of Red Reflectance and Pigmentation on the Thermal Properties and Limiting Oxygen Index of Flame Retardant Polypropylene Fabrics",2009,,C,No structured open-full-text tables could be parsed.,https://ub-ir.bolton.ac.uk/esploro/outputs/bookChapter/Effect-of-Yarn-Fabric-Construction-and/999333008841,c71a76702e3f4955a6fe,2026-09-24T01:48:50.012636+00:00,,,,,,,,,,,,,,,,,
10.1002/app.43889,The flame retardancy and mechanical properties of jute/polypropylene composites enhanced by ammonium polyphosphate/polypropylene powder,2016,Journal of Applied Polymer Science,C,No structured open-full-text tables could be parsed.,https://doi.org/10.1002/app.43889,e14b549a935a5ce46129,2026-09-24T01:48:50.539699+00:00,,,,,,,,,,,,,,,,,
10.32710/tekstilvekonfeksiyon.675352,A study on coating with nanoclay on the production of flame retardant cotton fabrics,2020,TEKSTİL VE KONFEKSİYON,C,No structured open-full-text tables could be parsed.,https://doi.org/10.32710/tekstilvekonfeksiyon.675352,3f2e8bbbaad5e59180af,2026-09-24T01:48:50.885757+00:00,,,,,,,,,,,,,,,,,
10.3390/polym14163414,Zinc Oxide Nanoparticles (ZnO NPs) and N-Methylol Dimethyl Phosphonopropion Amide (MDPA) System for Flame Retardant Cotton Fabrics,2022,Polymers,B,"Exact numeric pairing found, but TGA atmosphere or heating rate is ambiguous/missing.",https://europepmc.org/articles/PMC9416732,a0449dc1486809a32d62,2026-09-24T01:48:52.264862+00:00,Sample A,samplea,23.5,,,10.0,,"LOI table: Table 9 Results of Zn contents, P contents, flammability test, LOI, bacterial reduction, and UPF after different wash cycles.; TG table: Table 3 Thermal characteristics of pristine cotton and developed samples.",Automatically extracted from structured open-full-text tables; sample states matched exactly after conservative normalization.,review,10.3390/polym14163414||Sample A||||10,,68.47,,30.91,,280.34
10.3390/polym14163414,Zinc Oxide Nanoparticles (ZnO NPs) and N-Methylol Dimethyl Phosphonopropion Amide (MDPA) System for Flame Retardant Cotton Fabrics,2022,Polymers,B,"Exact numeric pairing found, but TGA atmosphere or heating rate is ambiguous/missing.",https://europepmc.org/articles/PMC9416732,a0449dc1486809a32d62,2026-09-24T01:48:52.264872+00:00,Sample B,sampleb,20.4,,,10.0,,"LOI table: Table 9 Results of Zn contents, P contents, flammability test, LOI, bacterial reduction, and UPF after different wash cycles.; TG table: Table 3 Thermal characteristics of pristine cotton and developed samples.",Automatically extracted from structured open-full-text tables; sample states matched exactly after conservative normalization.,review,10.3390/polym14163414||Sample B||||10,,67.11,,24.25,,295.18
10.3390/polym14163414,Zinc Oxide Nanoparticles (ZnO NPs) and N-Methylol Dimethyl Phosphonopropion Amide (MDPA) System for Flame Retardant Cotton Fabrics,2022,Polymers,B,"Exact numeric pairing found, but TGA atmosphere or heating rate is ambiguous/missing.",https://europepmc.org/articles/PMC9416732,a0449dc1486809a32d62,2026-09-24T01:48:52.264890+00:00,Sample 23,sample23,29.6,,,10.0,,"LOI table: Table 9 Results of Zn contents, P contents, flammability test, LOI, bacterial reduction, and UPF after different wash cycles.; TG table: Table 3 Thermal characteristics of pristine cotton and developed samples.",Automatically extracted from structured open-full-text tables; sample states matched exactly after conservative normalization.,review,10.3390/polym14163414||Sample 23||||10,,70.21,,38.17,,266.07
10.1007/s10973-016-5498-3,Study of PET fibres modified with phosphorus–silicon retardants,2016,Journal of Thermal Analysis and Calorimetry,C,No structured open-full-text tables could be parsed.,https://doi.org/10.1007/s10973-016-5498-3,8808fe5204cf9811277e,2026-09-24T01:48:52.615380+00:00,,,,,,,,,,,,,,,,,
10.2478/pjct-2014-0039,Flame Retardant and Antimicrobial Jute Textile Using Sodium Metasilicate Nonahydrate,2014,Green Sciences,C,No structured open-full-text tables could be parsed.,https://doi.org/10.2478/pjct-2014-0039,f95b90ff5c97a72f1c9b,2026-09-24T01:48:52.964978+00:00,,,,,,,,,,,,,,,,,
10.7216/1300759920212812102,Kalsiyum Hipofosfit ve Magnezyum Hipofosfit Emdirilmiş Jüt Elyaf Katkılı Poli (Laktik Asit) Biyokompozitlerinin Isıl Ve Güç Tutuşurluk Özelliklerinin İncelenmesi,2021,Tekstil ve Mühendis,C,No structured open-full-text tables could be parsed.,https://doi.org/10.7216/1300759920212812102,c86395d5a976614c4790,2026-09-24T01:48:53.323881+00:00,,,,,,,,,,,,,,,,,
10.3144/expresspolymlett.2020.50,Optimal distribution of phosphorus compounds in multi-layered natural fabric reinforced biocomposites,2020,eXPRESS Polymer Letters,C,No structured open-full-text tables could be parsed.,https://doi.org/10.3144/expresspolymlett.2020.50,14598935bd9ba9f2e478,2026-09-24T01:48:53.674777+00:00,,,,,,,,,,,,,,,,,
10.1002/slct.202401571,Fabrication of Laminated Electrospun Fire˗Resistant Phosphorylated Poly(Vinylalcohol) Membrane for Enhanced Firefighter Safety,2024,ChemistrySelect,C,No structured open-full-text tables could be parsed.,https://doi.org/10.1002/slct.202401571,c31d6fe31445eb579c4c,2026-09-24T01:48:54.022947+00:00,,,,,,,,,,,,,,,,,
10.21203/rs.3.rs-723535/v1,"Effect of Synthesized Chitosan Flame Retardant On Flammability, Thermal, And Mechanical Properties of Vinyl Ester/Bamboo Nonwoven Fiber Composites",2021,Research Square,C,No structured open-full-text tables could be parsed.,https://doi.org/10.21203/rs.3.rs-723535/v1,15d5d2d83a6bee88509f,2026-09-24T01:48:54.389649+00:00,,,,,,,,,,,,,,,,,
10.1002/vnl.22060,Synergistic flame retardant modification of bio‐based nylon 56 by graphitic carbon nitride and melamine cyanurate,2023,Journal of Vinyl and Additive Technology,C,No structured open-full-text tables could be parsed.,https://doi.org/10.1002/vnl.22060,0d54ab54f6cc65617f3b,2026-09-24T01:48:54.736776+00:00,,,,,,,,,,,,,,,,,
10.48130/emst-0025-0024,Bio-based L-lysine phosphate/dicyandiamide/silica sol composite system for highly efficient green flame retardancy of cotton fabrics,2025,Emergency Management Science and Technology,C,No structured open-full-text tables could be parsed.,https://doi.org/10.48130/emst-0025-0024,15892d290550b902a74f,2026-09-24T01:48:55.086170+00:00,,,,,,,,,,,,,,,,,
10.1016/j.apsadv.2021.100202,Chitosan-metal oxide nanoparticle hybrids in developing bi-functional polyamide 66 textiles with enhanced flame retardancy and wettability,2021,Applied Surface Science Advances,C,No structured open-full-text tables could be parsed.,https://doi.org/10.1016/j.apsadv.2021.100202,e96a610989e62c6e6328,2026-09-24T01:48:55.432652+00:00,,,,,,,,,,,,,,,,,
10.1002/adma.202310023,Robust and Flame‐Retardant Zylon Aerogel Fibers for Wearable Thermal Insulation and Sensing in Harsh Environment,2023,Advanced Materials,C,No structured open-full-text tables could be parsed.,https://doi.org/10.1002/adma.202310023,613e3e50ded161c13352,2026-09-24T01:48:55.824472+00:00,,,,,,,,,,,,,,,,,
10.21203/rs.3.rs-702994/v1,Superamphiphobic and Flame-Resistant Cotton Fabrics for Protective Clothing,2021,Research Square,C,No structured open-full-text tables could be parsed.,https://doi.org/10.21203/rs.3.rs-702994/v1,04a0535f8cba98b2432f,2026-09-24T01:48:56.204770+00:00,,,,,,,,,,,,,,,,,
10.1021/acsaenm.3c00570,Boron Improved High Limiting Oxygen Index Polyelectrolyte Treatment for Cotton,2023,ACS Applied Engineering Materials,C,No structured open-full-text tables could be parsed.,https://doi.org/10.1021/acsaenm.3c00570,a2893d8553a648f29295,2026-09-24T01:48:56.544448+00:00,,,,,,,,,,,,,,,,,
10.1002/app.70241,"Preparation and Characterization of Zinc Phosphinate Flame Retardant Masterbatch on Polyester Fibers' Thermal, Rheological, Physical and Mechanical Properties",2025,Journal of Applied Polymer Science,C,No structured open-full-text tables could be parsed.,https://doi.org/10.1002/app.70241,e6e3cf5aab701f07fcb4,2026-09-24T01:48:56.897097+00:00,,,,,,,,,,,,,,,,,
10.1186/s44147-026-01054-y,Advances in the thermal properties of Nomex honeycomb composites,2026,Journal of Engineering and Applied Science,C,No structured open-full-text tables could be parsed.,https://doi.org/10.1186/s44147-026-01054-y,07cfaabee397ba30c85f,2026-09-24T01:48:57.238741+00:00,,,,,,,,,,,,,,,,,
10.1016/j.polymertesting.2022.107595,Sustainable modification of polyamide 6 fabric by Maillard reaction product for mitigating fire hazards and molten-dripping,2022,Polymer Testing,C,No structured open-full-text tables could be parsed.,https://doi.org/10.1016/j.polymertesting.2022.107595,545b8f3b10129fdcac1a,2026-09-24T01:48:57.599091+00:00,,,,,,,,,,,,,,,,,
10.1016/j.carpta.2025.101006,Enhancing the flame resistance of cotton via N-acryloylglycine-based chemical functionalization,2025,Carbohydrate Polymer Technologies and Applications,C,No structured open-full-text tables could be parsed.,https://doi.org/10.1016/j.carpta.2025.101006,c0290e2ea83669a43804,2026-09-24T01:48:57.934063+00:00,,,,,,,,,,,,,,,,,
10.1002/adfm.202425093,"A Facile Strategy Based on Ionic Liquids to Modulate the Antibacterial, Flame‐Retardant, and Sensing Properties of Cotton Fabrics",2025,Advanced Functional Materials,C,No structured open-full-text tables could be parsed.,https://doi.org/10.1002/adfm.202425093,e10b0592043717f20250,2026-09-24T01:48:58.295773+00:00,,,,,,,,,,,,,,,,,
10.1002/vnl.70083,Electrochemically Exfoliated Graphene Synergized With MPP / ADP for In Situ Polymerized Flame‐Retardant PA6 Composites,2026,Journal of Vinyl and Additive Technology,C,No structured open-full-text tables could be parsed.,https://doi.org/10.1002/vnl.70083,4c86b1fefe70b8242101,2026-09-24T01:48:58.724070+00:00,,,,,,,,,,,,,,,,,
10.3390/polym15010224,Thermal Degradation and Carbonization Mechanism of Fe-Based Metal-Organic Frameworks onto Flame-Retardant Polyethylene Terephthalate,2023,Polymers,B,"Exact numeric pairing found, but TGA atmosphere or heating rate is ambiguous/missing.",https://europepmc.org/articles/PMC9823990,09d0b6f0b47b4fc96c84,2026-09-24T01:48:59.799691+00:00,PET,pet,22.0,,N2,,,LOI table: Table 3 Results of LOI and VFT tests for MIL-PET and MIL-P-PET composites.; TG table: Table 2 TG and DTG data of MIL-PET and MIL-P-PET composites.,Automatically extracted from structured open-full-text tables; sample states matched exactly after conservative normalization.,review,10.3390/polym15010224||PET||N2||,,434.95,,,395.54,
10.3390/polym15010224,Thermal Degradation and Carbonization Mechanism of Fe-Based Metal-Organic Frameworks onto Flame-Retardant Polyethylene Terephthalate,2023,Polymers,B,"Exact numeric pairing found, but TGA atmosphere or heating rate is ambiguous/missing.",https://europepmc.org/articles/PMC9823990,09d0b6f0b47b4fc96c84,2026-09-24T01:48:59.799712+00:00,PET,pet,22.0,,air,,,LOI table: Table 3 Results of LOI and VFT tests for MIL-PET and MIL-P-PET composites.; TG table: Table 2 TG and DTG data of MIL-PET and MIL-P-PET composites.,Automatically extracted from structured open-full-text tables; sample states matched exactly after conservative normalization.,review,10.3390/polym15010224||PET||air||,,437.22,,,362.31,
10.3390/polym15010224,Thermal Degradation and Carbonization Mechanism of Fe-Based Metal-Organic Frameworks onto Flame-Retardant Polyethylene Terephthalate,2023,Polymers,B,"Exact numeric pairing found, but TGA atmosphere or heating rate is ambiguous/missing.",https://europepmc.org/articles/PMC9823990,09d0b6f0b47b4fc96c84,2026-09-24T01:48:59.799724+00:00,PET,pet,22.0,,,,,LOI table: Table 3 Results of LOI and VFT tests for MIL-PET and MIL-P-PET composites.; TG table: Table 3 Results of LOI and VFT tests for MIL-PET and MIL-P-PET composites.,Automatically extracted from structured open-full-text tables; sample states matched exactly after conservative normalization.,review,10.3390/polym15010224||PET||||,32.6,,,,,
10.3390/polym15010224,Thermal Degradation and Carbonization Mechanism of Fe-Based Metal-Organic Frameworks onto Flame-Retardant Polyethylene Terephthalate,2023,Polymers,B,"Exact numeric pairing found, but TGA atmosphere or heating rate is ambiguous/missing.",https://europepmc.org/articles/PMC9823990,09d0b6f0b47b4fc96c84,2026-09-24T01:48:59.799734+00:00,0.2MIL-PET,0.2mil-pet,25.0,,N2,,,LOI table: Table 3 Results of LOI and VFT tests for MIL-PET and MIL-P-PET composites.; TG table: Table 2 TG and DTG data of MIL-PET and MIL-P-PET composites.,Automatically extracted from structured open-full-text tables; sample states matched exactly after conservative normalization.,review,10.3390/polym15010224||0.2MIL-PET||N2||,,439.46,,,399.03,
10.3390/polym15010224,Thermal Degradation and Carbonization Mechanism of Fe-Based Metal-Organic Frameworks onto Flame-Retardant Polyethylene Terephthalate,2023,Polymers,B,"Exact numeric pairing found, but TGA atmosphere or heating rate is ambiguous/missing.",https://europepmc.org/articles/PMC9823990,09d0b6f0b47b4fc96c84,2026-09-24T01:48:59.799742+00:00,0.2MIL-PET,0.2mil-pet,25.0,,air,,,LOI table: Table 3 Results of LOI and VFT tests for MIL-PET and MIL-P-PET composites.; TG table: Table 2 TG and DTG data of MIL-PET and MIL-P-PET composites.,Automatically extracted from structured open-full-text tables; sample states matched exactly after conservative normalization.,review,10.3390/polym15010224||0.2MIL-PET||air||,,431.95,,,381.03,
10.3390/polym15010224,Thermal Degradation and Carbonization Mechanism of Fe-Based Metal-Organic Frameworks onto Flame-Retardant Polyethylene Terephthalate,2023,Polymers,B,"Exact numeric pairing found, but TGA atmosphere or heating rate is ambiguous/missing.",https://europepmc.org/articles/PMC9823990,09d0b6f0b47b4fc96c84,2026-09-24T01:48:59.799751+00:00,0.6MIL-PET,0.6mil-pet,26.0,,N2,,,LOI table: Table 3 Results of LOI and VFT tests for MIL-PET and MIL-P-PET composites.; TG table: Table 2 TG and DTG data of MIL-PET and MIL-P-PET composites.,Automatically extracted from structured open-full-text tables; sample states matched exactly after conservative normalization.,review,10.3390/polym15010224||0.6MIL-PET||N2||,,436.92,,,394.35,
10.3390/polym15010224,Thermal Degradation and Carbonization Mechanism of Fe-Based Metal-Organic Frameworks onto Flame-Retardant Polyethylene Terephthalate,2023,Polymers,B,"Exact numeric pairing found, but TGA atmosphere or heating rate is ambiguous/missing.",https://europepmc.org/articles/PMC9823990,09d0b6f0b47b4fc96c84,2026-09-24T01:48:59.799759+00:00,0.6MIL-PET,0.6mil-pet,26.0,,air,,,LOI table: Table 3 Results of LOI and VFT tests for MIL-PET and MIL-P-PET composites.; TG table: Table 2 TG and DTG data of MIL-PET and MIL-P-PET composites.,Automatically extracted from structured open-full-text tables; sample states matched exactly after conservative normalization.,review,10.3390/polym15010224||0.6MIL-PET||air||,,429.22,,,388.61,
10.3390/polym15010224,Thermal Degradation and Carbonization Mechanism of Fe-Based Metal-Organic Frameworks onto Flame-Retardant Polyethylene Terephthalate,2023,Polymers,B,"Exact numeric pairing found, but TGA atmosphere or heating rate is ambiguous/missing.",https://europepmc.org/articles/PMC9823990,09d0b6f0b47b4fc96c84,2026-09-24T01:48:59.799769+00:00,P-PET,p-pet,29.0,,N2,,,LOI table: Table 3 Results of LOI and VFT tests for MIL-PET and MIL-P-PET composites.; TG table: Table 2 TG and DTG data of MIL-PET and MIL-P-PET composites.,Automatically extracted from structured open-full-text tables; sample states matched exactly after conservative normalization.,review,10.3390/polym15010224||P-PET||N2||,,442.79,,,395.43,
10.3390/polym15010224,Thermal Degradation and Carbonization Mechanism of Fe-Based Metal-Organic Frameworks onto Flame-Retardant Polyethylene Terephthalate,2023,Polymers,B,"Exact numeric pairing found, but TGA atmosphere or heating rate is ambiguous/missing.",https://europepmc.org/articles/PMC9823990,09d0b6f0b47b4fc96c84,2026-09-24T01:48:59.799776+00:00,P-PET,p-pet,29.0,,air,,,LOI table: Table 3 Results of LOI and VFT tests for MIL-PET and MIL-P-PET composites.; TG table: Table 2 TG and DTG data of MIL-PET and MIL-P-PET composites.,Automatically extracted from structured open-full-text tables; sample states matched exactly after conservative normalization.,review,10.3390/polym15010224||P-PET||air||,,434.52,,,338.75,
10.3390/polym15010224,Thermal Degradation and Carbonization Mechanism of Fe-Based Metal-Organic Frameworks onto Flame-Retardant Polyethylene Terephthalate,2023,Polymers,B,"Exact numeric pairing found, but TGA atmosphere or heating rate is ambiguous/missing.",https://europepmc.org/articles/PMC9823990,09d0b6f0b47b4fc96c84,2026-09-24T01:48:59.799785+00:00,0.6MIL-P-PET,0.6mil-p-pet,30.0,,N2,,,LOI table: Table 3 Results of LOI and VFT tests for MIL-PET and MIL-P-PET composites.; TG table: Table 2 TG and DTG data of MIL-PET and MIL-P-PET composites.,Automatically extracted from structured open-full-text tables; sample states matched exactly after conservative normalization.,review,10.3390/polym15010224||0.6MIL-P-PET||N2||,,439.56,,,382.37,
10.3390/polym15010224,Thermal Degradation and Carbonization Mechanism of Fe-Based Metal-Organic Frameworks onto Flame-Retardant Polyethylene Terephthalate,2023,Polymers,B,"Exact numeric pairing found, but TGA atmosphere or heating rate is ambiguous/missing.",https://europepmc.org/articles/PMC9823990,09d0b6f0b47b4fc96c84,2026-09-24T01:48:59.799793+00:00,0.6MIL-P-PET,0.6mil-p-pet,30.0,,air,,,LOI table: Table 3 Results of LOI and VFT tests for MIL-PET and MIL-P-PET composites.; TG table: Table 2 TG and DTG data of MIL-PET and MIL-P-PET composites.,Automatically extracted from structured open-full-text tables; sample states matched exactly after conservative normalization.,review,10.3390/polym15010224||0.6MIL-P-PET||air||,,437.5,,,377.37,
10.7731/kifse.2015.29.2.025,Na3PO4 Flame Retardant Treatment on Lyocell Fiber for Thermal Stability and Anti-oxidation Properties,2015,Fire science and engineering,C,No structured open-full-text tables could be parsed.,https://doi.org/10.7731/kifse.2015.29.2.025,082afeb0fda8a052fbd7,2026-09-24T01:49:00.186689+00:00,,,,,,,,,,,,,,,,,
10.3390/polym17212854,Development of Infrared Transmission Flame-Retardant Polyethylene Melt Blends and Melt-Blown Nonwovens,2025,Polymers,C,No structured open-full-text tables could be parsed.,https://doi.org/10.3390/polym17212854,f69381801819b4ed99fe,2026-09-24T01:49:00.542095+00:00,,,,,,,,,,,,,,,,,
10.3390/ma15072537,In Situ Synthesis of Silver Nanoparticles on Flame-Retardant Cotton Textiles Treated with Biological Phytic Acid and Antibacterial Activity,2022,Materials,C,"Structured LOI/TG tables found, but no exact sample-state match was established.",https://europepmc.org/articles/PMC9000066,a2305715f0474f9f08d1,2026-09-24T01:51:45.660612+00:00,,,,,,,,,,,,,,,,,
10.3390/ma13235492,Environmentally-Benign Phytic Acid-Based Multilayer Coating for Flame Retardant Cotton,2020,Materials,B,"Numeric pairing found, but a TGA condition or textile-form criterion is ambiguous/missing.",https://europepmc.org/articles/PMC7730485,7fbeb2f22e2726f86f36,2026-09-24T01:51:47.340117+00:00,Control,control,18.0,,air,,1.17,LOI table: Table 1 Weight gain and limiting oxygen index data.; TG table: Table 4 Summary of thermogravimetric analysis of treated and untreated cotton.,Automatically extracted from structured open-full-text tables; sample states matched exactly after conservative normalization.,review,10.3390/ma13235492||Control||air||,,,,,,
10.3390/ma13235492,Environmentally-Benign Phytic Acid-Based Multilayer Coating for Flame Retardant Cotton,2020,Materials,B,"Numeric pairing found, but a TGA condition or textile-form criterion is ambiguous/missing.",https://europepmc.org/articles/PMC7730485,7fbeb2f22e2726f86f36,2026-09-24T01:51:47.340157+00:00,8,8,26.0,,air,,6.96,LOI table: Table 1 Weight gain and limiting oxygen index data.; TG table: Table 4 Summary of thermogravimetric analysis of treated and untreated cotton.,Automatically extracted from structured open-full-text tables; sample states matched exactly after conservative normalization.,review,10.3390/ma13235492||8||air||,,,,,,
10.3390/ma13235492,Environmentally-Benign Phytic Acid-Based Multilayer Coating for Flame Retardant Cotton,2020,Materials,B,"Numeric pairing found, but a TGA condition or textile-form criterion is ambiguous/missing.",https://europepmc.org/articles/PMC7730485,7fbeb2f22e2726f86f36,2026-09-24T01:51:47.340183+00:00,10,10,28.0,,air,,14.63,LOI table: Table 1 Weight gain and limiting oxygen index data.; TG table: Table 4 Summary of thermogravimetric analysis of treated and untreated cotton.,Automatically extracted from structured open-full-text tables; sample states matched exactly after conservative normalization.,review,10.3390/ma13235492||10||air||,,,,,,
10.3390/ma13235492,Environmentally-Benign Phytic Acid-Based Multilayer Coating for Flame Retardant Cotton,2020,Materials,B,"Numeric pairing found, but a TGA condition or textile-form criterion is ambiguous/missing.",https://europepmc.org/articles/PMC7730485,7fbeb2f22e2726f86f36,2026-09-24T01:51:47.340218+00:00,12,12,29.0,,air,,13.82,LOI table: Table 1 Weight gain and limiting oxygen index data.; TG table: Table 4 Summary of thermogravimetric analysis of treated and untreated cotton.,Automatically extracted from structured open-full-text tables; sample states matched exactly after conservative normalization.,review,10.3390/ma13235492||12||air||,,,,,,
10.3390/ma13235492,Environmentally-Benign Phytic Acid-Based Multilayer Coating for Flame Retardant Cotton,2020,Materials,B,"Numeric pairing found, but a TGA condition or textile-form criterion is ambiguous/missing.",https://europepmc.org/articles/PMC7730485,7fbeb2f22e2726f86f36,2026-09-24T01:51:47.340243+00:00,15,15,31.0,,air,,13.8,LOI table: Table 1 Weight gain and limiting oxygen index data.; TG table: Table 4 Summary of thermogravimetric analysis of treated and untreated cotton.,Automatically extracted from structured open-full-text tables; sample states matched exactly after conservative normalization.,review,10.3390/ma13235492||15||air||,,,,,,
10.3390/polym8080288,Flame Retardant Polyamide Fibres: The Challenge of Minimising Flame Retardant Additive Contents with Added Nanoclays,2016,Polymers,C,No structured open-full-text tables could be parsed.,https://europepmc.org/articles/PMC6431929,f551eb79f8cb55a818e1,2026-09-24T01:51:47.973127+00:00,,,,,,,,,,,,,,,,,
10.3390/polym11111829,"Synthesis of a Novel Linear α, ω-Di (Chloro Phosphoramide) Polydimethylsiloxane and Its Applications in Improving Flame-Retardant and Water-Repellent Properties of Cotton Fabrics",2019,Polymers,C,"Structured LOI/TG tables found, but no exact sample-state match was established.",https://europepmc.org/articles/PMC6918139,95726e281e7fbf4c3d40,2026-09-24T01:51:49.667116+00:00,,,,,,,,,,,,,,,,,
10.3390/ma19020265,"Flame-Retardant and Hydrophobic Cotton via Alkoxysilyl-Functionalized Polysiloxanes, Cyclosiloxanes, and POSS with Surface Thiol-Ene Dithiophosphate Grafting",2026,Materials,C,"Structured LOI/TG tables found, but no exact sample-state match was established.",https://europepmc.org/articles/PMC12842728,f53d03a855052a464481,2026-09-24T01:51:51.658172+00:00,,,,,,,,,,,,,,,,,
10.3390/polym16101409,Facile Fabrication of Highly Efficient Chitosan-Based Multifunctional Coating for Cotton Fabrics with Excellent Flame-Retardant and Antibacterial Properties,2024,Polymers,C,"Structured LOI/TG tables found, but no exact sample-state match was established.",https://europepmc.org/articles/PMC11125217,8f151ad6d172ceff5f68,2026-09-24T01:51:53.391136+00:00,,,,,,,,,,,,,,,,,
10.3390/polym17111531,"Green Fabrication of Phosphorus-Containing Chitosan Derivatives via One-Step Protonation for Multifunctional Flame-Retardant, Anti-Dripping, and Antibacterial Coatings on Polyester Fabrics",2025,Polymers,C,"Structured LOI/TG tables found, but no exact sample-state match was established.",https://europepmc.org/articles/PMC12158184,936ec3a72260626250c8,2026-09-24T01:51:55.056831+00:00,,,,,,,,,,,,,,,,,
10.3390/polym15051183,Flame Retardancy and Mechanical Properties of Melt-Spun PA66 Fibers Prepared by End-Group Blocking Technology,2023,Polymers,C,"Structured LOI/TG tables found, but no exact sample-state match was established.",https://europepmc.org/articles/PMC10007604,60aaa82dccefee61f9c4,2026-09-24T01:51:57.134569+00:00,,,,,,,,,,,,,,,,,
10.3390/ma17164028,Modified Epoxy Resin on the Burning Behavior and Mechanical Properties of Aramid Fiber Composite,2024,Materials,C,No structured open-full-text tables could be parsed.,https://europepmc.org/articles/PMC11356078,f981b493f1f0b7005eed,2026-09-24T01:51:57.765122+00:00,,,,,,,,,,,,,,,,,
10.3389/fchem.2024.1503694,The fully bio-based bilayered flame retardant treatment for paper via natural bio-materials,2024,Frontiers in Chemistry,C,"Structured LOI/TG tables found, but no exact sample-state match was established.",https://europepmc.org/articles/PMC11689656,acf47b5afb913a318a08,2026-09-24T01:51:59.505771+00:00,,,,,,,,,,,,,,,,,
10.3390/polym15051284,Flame-Retardant and Smoke-Suppressant Flexible Polyurethane Foams Based on Phosphorus-Containing Polyester Diols and Expandable Graphite,2023,Polymers,C,No structured open-full-text tables could be parsed.,https://europepmc.org/articles/PMC10006967,81a8fb3c374f1d5d06df,2026-09-24T01:52:00.131046+00:00,,,,,,,,,,,,,,,,,
10.1039/d3ra07931g,"One pot application of a green chemistry-based finish for cotton fabric, providing hydrophobic, flame retardant, and antimicrobial properties",2024,RSC Advances,C,No structured open-full-text tables could be parsed.,https://europepmc.org/articles/PMC10875413,d99bda7783ff8c8a0782,2026-09-24T01:52:00.775135+00:00,,,,,,,,,,,,,,,,,
10.1016/j.heliyon.2023.e13127,Flammability and comfort properties of blended knit fabrics made from inherently fire-resistant fibers to use for fire fighters,2023,Heliyon,C,No structured open-full-text tables could be parsed.,https://europepmc.org/articles/PMC9898679,f3bee7ead4150b415693,2026-09-24T01:52:01.425111+00:00,,,,,,,,,,,,,,,,,
10.1021/acsomega.5c04482,A Carbon Layer Modulation Mechanism of 4‑Formylphenylboronic Acid Reactive Flame-Retardant PA66,2025,ACS Omega,C,No structured open-full-text tables could be parsed.,https://europepmc.org/articles/PMC12268427,4016c6c720d037ed33a4,2026-09-24T01:52:02.047967+00:00,,,,,,,,,,,,,,,,,
10.3390/polym12051078,Poly (vinyl alcohol)/β-Cyclodextrin Composite Fiber with Good Flame Retardant and Super-Smoke Suppression Properties,2020,Polymers,C,No structured open-full-text tables could be parsed.,https://europepmc.org/articles/PMC7284589,611f45cc8872c9f83bfb,2026-09-24T01:52:02.693157+00:00,,,,,,,,,,,,,,,,,
10.3390/molecules24203749,Fabrication of Chitosan-Based Intumescent Flame Retardant Coating for Improving Flame Retardancy of Polyacrylonitrile Fabric,2019,Molecules,C,"Structured LOI/TG tables found, but no exact sample-state match was established.",https://europepmc.org/articles/PMC6833438,fd7147a7d6415825f96e,2026-09-24T01:52:04.275967+00:00,,,,,,,,,,,,,,,,,
10.3390/polym17091249,Advances in the Study of Flame-Retardant Cellulose and Its Application in Polymers: A Review,2025,Polymers,C,"Structured LOI/TG tables found, but no exact sample-state match was established.",https://europepmc.org/articles/PMC12073191,ddc3c2365a03892eb4e1,2026-09-24T01:52:06.295934+00:00,,,,,,,,,,,,,,,,,
10.3390/polym15081920,A New Phosphorous/Nitrogen-Containing Flame-Retardant Film with High Adhesion for Jute Fiber Composites,2023,Polymers,C,"Structured LOI/TG tables found, but no exact sample-state match was established.",https://europepmc.org/articles/PMC10144265,abbcf6e3b251be770432,2026-09-24T01:52:07.982295+00:00,,,,,,,,,,,,,,,,,
10.3390/molecules27248737,The Effect of Combined Atmospheric Plasma/UV Treatments on Improving the Durability of Flame Retardants Applied to Cotton,2022,Molecules,C,"Structured LOI/TG tables found, but no exact sample-state match was established.",https://europepmc.org/articles/PMC9783300,3eea2f74be3c06a04e6b,2026-09-24T01:52:10.352602+00:00,,,,,,,,,,,,,,,,,
10.3390/polym12071482,Bio-Based Polyamide 1010 with a Halogen-Free Flame Retardant Based on Melamine–Gallic Acid Complex,2020,Polymers,C,"Structured LOI/TG tables found, but no exact sample-state match was established.",https://europepmc.org/articles/PMC7407098,952f9c89feee94b0b61a,2026-09-24T01:52:12.260341+00:00,,,,,,,,,,,,,,,,,
10.3390/polym17111497,Cashmere Blended with Calcium Alginate Fibers: Eco-Friendly Improvement of Flame Retardancy and Maintenance of Hygroscopicity,2025,Polymers,C,No structured open-full-text tables could be parsed.,https://europepmc.org/articles/PMC12157917,492407dec604c57d644b,2026-09-24T01:52:12.898903+00:00,,,,,,,,,,,,,,,,,
10.3390/polym15132877,The Relationships between the Structure and Properties of PA56 and PA66 and Their Fibers,2023,Polymers,C,"Structured LOI/TG tables found, but no exact sample-state match was established.",https://europepmc.org/articles/PMC10347031,d2e0e20da0c45a364cf1,2026-09-24T01:52:14.714138+00:00,,,,,,,,,,,,,,,,,
10.1016/j.heliyon.2024.e32939,Study on combustion characteristics of glass fiber/phenolic resin composites,2024,Heliyon,C,"Structured LOI/TG tables found, but no exact sample-state match was established.",https://europepmc.org/articles/PMC467059,500de9b55f022554556e,2026-09-24T01:52:16.298639+00:00,,,,,,,,,,,,,,,,,
10.20868/upm.thesis.69340,Design and study of multifunctional fabrics,2021,,C,No structured open-full-text tables could be parsed.,https://doi.org/10.20868/upm.thesis.69340,aff7cbac51278bbbadb0,2026-09-24T01:52:16.913010+00:00,,,,,,,,,,,,,,,,,
10.3390/polym14224994,Fabrication of an Eco-Friendly Clay-Based Coating for Enhancing Flame Retardant and Mechanical Properties of Cotton Fabrics via LbL Assembly,2022,Polymers,C,No structured open-full-text tables could be parsed.,https://europepmc.org/articles/PMC9695412,91652d030eb37613ff5d,2026-09-24T01:52:17.546753+00:00,,,,,,,,,,,,,,,,,
