ACPMPA_bath_reported_pct,DOI,LOI_instrument,LOI_locator,LOI_pct,LOI_specimen_dimensions_reported,LOI_standard,LOI_test_temperature_reported,R700_pct,R800_pct,SPMA_APP_mass_ratio_reported,SPMA_bath_wt_pct,T10_C,T10_definition,TGA_instrument,TG_atmosphere_composition,TG_end_C,TG_end_method_C,TG_locator,TG_plot_axis_end_C,TG_sample_mass_reported,TG_start_C,TG_start_reported,Tmax1_C,Tmax2_C,Tmax3_C,Tonset_C,Tonset_definition,add_on,add_on_basis,add_on_unit,atmosphere,bath_percentage_basis,composition,conditions_locator,dataset_type,direct_numeric_use,evidence_reviewed_at,evidence_reviewed_by,heating_rate_C_min,journal,limitations,main_stage_mass_loss_pct,material_category,material_form,material_form_LOI,material_form_TGA,max_mass_loss_rate,native_sample_label,numeric_evidence_type,pairing_evidence,pairing_status,publication_type,publication_type_evidence,rate_unit,residue_pct,residue_temp_C,residue_temperature_qualifier,review_disposition,reviewed_measurement_fingerprint,sample_state,source_LOI_warp_pct,source_LOI_weft_pct,source_R800_table_pct,source_Ti_prose_C,source_Ti_table_C,source_document_version,source_location,source_peak_definition,source_stage1_end_C,source_stage2_end_C,source_stage2_max_rate_pct_C,source_stage3_end_C,source_stage3_mass_loss_prose_pct,source_stage3_mass_loss_table_pct,source_stage3_max_rate_pct_C,source_thermal_range_end_C,source_thermal_range_start_C,source_title,source_url,supplement_review_status,supplement_url,treatment_method,treatment_state,washing_state,water_stage_mass_loss_pct,weight_gain_pct,year
,10.1016/j.ijbiomac.2021.02.023,"JF-3,Jiangning","Publishedp142 Table1,Uncoated initial row,LOI column",17.3,,ASTM D2863,room temperature,0.3,,,,350,Native Table3 footnote explicitly defines 10% mass loss; not generic onset,"DTG-60H,Shimadzu",,,800,"Publishedp144 Table3,nitrogen Uncoated row; native T10 and stage1/2/3 Tmax/Rmax",700,,,room temperature,362,433,,,,,Native100*(M-M0)/M0 with uncoated fabric massM0,%,nitrogen,,Polyester/cotton65/35; own uncoated reference,"Publishedp141-142 Section2.3:DTG-60H,roomtemperature-800C,10C/min explicitly underN2; air Table3 has no explicit own ramp",literature,TG+LOI,2026-10-01,Codex complete local primary text and original method/numerical pixel review,10,International Journal of Biological Macromolecules,"Section2.2 heading prints PEI/PA on PET but body/materials/Figure1/title consistently specifyCS/PA polyester/cotton65/35; preserve heading discrepancy,do not substitutePEIorPET. Method gives10C/min underN2 only; no rate inferred forair. Method800C vsFigure5 axis700C retained; Table3 residue explicitly700C,not800C. Uncoated NaOHpretreatment unspecified,no assignment from treated preparation. PC-1/5/15BL LOI18.9/21.2/26.0 lack own numericTG; washed20BLLOI24.8 lackswashedTG. Table2CONE residue22.84 is notTG6.50. LOI/TG repeats,uncertainty,TGmass/flow unspecified; rateunits%/C not%/min; native stage numbers retained.",,polyester/cotton blend,"Polyester/cotton blend fabric,65T/35C,120g/m2; weave unspecified","Polyester/cotton blend fabric,65T/35C,120g/m2; weave unspecified","Polyester/cotton blend fabric,65T/35C,120g/m2; weave unspecified",0.5,Uncoated,tabulated,Same own initial Uncoated/PC-10BL/PC-20BL fabric codes in Table1 LOI and Table3 TG. Six native TG rows correspond to three independent fabric states; only three N2 conditions have an explicit reported ramp. Initial LOI29.2 is distinct from washed20BL24.8.,verified_exact,journal_article,"Local journal-article registry; original journal masthead, DOI and accepted article identity checked",%/C,0.3,700,,source_review_approved,66fa34e30199faea39cea3c84efc1e6c12d08b0a51dbcc765f22bf312ba649ad,Uncoated,,,,,,"published version of record,175(2021)140-146",Publishedp141-142 methods/Table1;p144 Table3/Figure5/thermal text,,,,1.87,,,,,,,Eco-friendly flame retardant and dripping-resistant of polyester/cotton blend fabrics through layer-by-layer assembly fully bio-based chitosan/phytic acid coating,https://doi.org/10.1016/j.ijbiomac.2021.02.023,"Complete seven-page primary text/tables/captions/references read; originalp141 preparation/LOI,p142 TG method/LOI table,p144 TG table andcurves visually checked. No supplement listed in primary; external inventory not inspected.",,Own uncoated reference; pretreatment of this reference not explicitly specified,initial prepared fabric; no durability laundering,initial prepared fabric; preparative rinsing is distinct from durability laundering,,,2021
,10.1016/j.ijbiomac.2021.02.023,"JF-3,Jiangning","Publishedp142 Table1,PC-10BL initial row,LOI column",23.7,,ASTM D2863,room temperature,4.97,,,,291,Native Table3 footnote explicitly defines 10% mass loss; not generic onset,"DTG-60H,Shimadzu",,,800,"Publishedp144 Table3,nitrogen PC-10BL row; native T10 and stage1/2/3 Tmax/Rmax",700,,,room temperature,306,444,,,,16.1,Native100*(M-M0)/M0 with uncoated fabric massM0,%,nitrogen,,"Polyester/cotton65/35,LBL chitosan/phytic acid coating,PC-10BL","Publishedp141-142 Section2.3:DTG-60H,roomtemperature-800C,10C/min explicitly underN2; air Table3 has no explicit own ramp",literature,TG+LOI,2026-10-01,Codex complete local primary text and original method/numerical pixel review,10,International Journal of Biological Macromolecules,"Section2.2 heading prints PEI/PA on PET but body/materials/Figure1/title consistently specifyCS/PA polyester/cotton65/35; preserve heading discrepancy,do not substitutePEIorPET. Method gives10C/min underN2 only; no rate inferred forair. Method800C vsFigure5 axis700C retained; Table3 residue explicitly700C,not800C. Uncoated NaOHpretreatment unspecified,no assignment from treated preparation. PC-1/5/15BL LOI18.9/21.2/26.0 lack own numericTG; washed20BLLOI24.8 lackswashedTG. Table2CONE residue22.84 is notTG6.50. LOI/TG repeats,uncertainty,TGmass/flow unspecified; rateunits%/C not%/min; native stage numbers retained.",,polyester/cotton blend,"Polyester/cotton blend fabric,65T/35C,120g/m2; weave unspecified","Polyester/cotton blend fabric,65T/35C,120g/m2; weave unspecified","Polyester/cotton blend fabric,65T/35C,120g/m2; weave unspecified",0.32,PC-10BL,tabulated,Same own initial Uncoated/PC-10BL/PC-20BL fabric codes in Table1 LOI and Table3 TG. Six native TG rows correspond to three independent fabric states; only three N2 conditions have an explicit reported ramp. Initial LOI29.2 is distinct from washed20BL24.8.,verified_exact,journal_article,"Local journal-article registry; original journal masthead, DOI and accepted article identity checked",%/C,4.97,700,,source_review_approved,9ca07afb95488acb1145f49a61da868eb57516e9a7eecae77a3e6ac5f4d6ee82,PC-10BL,,,,,,"published version of record,175(2021)140-146",Publishedp141-142 methods/Table1;p144 Table3/Figure5/thermal text,,,,1.48,,,,,,,Eco-friendly flame retardant and dripping-resistant of polyester/cotton blend fabrics through layer-by-layer assembly fully bio-based chitosan/phytic acid coating,https://doi.org/10.1016/j.ijbiomac.2021.02.023,"Complete seven-page primary text/tables/captions/references read; originalp141 preparation/LOI,p142 TG method/LOI table,p144 TG table andcurves visually checked. No supplement listed in primary; external inventory not inspected.",,"Pretreat1MNaOH90C30min,dry60C2h. Chitosan0.5wt%aqueous,pH4-5/HCl,stir24h;PA1wt%aqueous from70%solution. FirstCS andPA dips5min each,rinses1min each,dry60C2h each; laterdips2min,rinses30s. Repeat to exact10 or20CS/PA bilayers. No wetpickup or final actual chemical ratio reported.",initial prepared fabric; no durability laundering,initial prepared fabric; preparative rinsing is distinct from durability laundering,,,2021
,10.1016/j.ijbiomac.2021.02.023,"JF-3,Jiangning","Publishedp142 Table1,PC-20BL initial row,LOI column",29.2,,ASTM D2863,room temperature,6.5,,,,257,Native Table3 footnote explicitly defines 10% mass loss; not generic onset,"DTG-60H,Shimadzu",,,800,"Publishedp144 Table3,nitrogen PC-20BL row; native T10 and stage1/2/3 Tmax/Rmax",700,,,room temperature,298,443,,,,43.0,Native100*(M-M0)/M0 with uncoated fabric massM0,%,nitrogen,,"Polyester/cotton65/35,LBL chitosan/phytic acid coating,PC-20BL","Publishedp141-142 Section2.3:DTG-60H,roomtemperature-800C,10C/min explicitly underN2; air Table3 has no explicit own ramp",literature,TG+LOI,2026-10-01,Codex complete local primary text and original method/numerical pixel review,10,International Journal of Biological Macromolecules,"Section2.2 heading prints PEI/PA on PET but body/materials/Figure1/title consistently specifyCS/PA polyester/cotton65/35; preserve heading discrepancy,do not substitutePEIorPET. Method gives10C/min underN2 only; no rate inferred forair. Method800C vsFigure5 axis700C retained; Table3 residue explicitly700C,not800C. Uncoated NaOHpretreatment unspecified,no assignment from treated preparation. PC-1/5/15BL LOI18.9/21.2/26.0 lack own numericTG; washed20BLLOI24.8 lackswashedTG. Table2CONE residue22.84 is notTG6.50. LOI/TG repeats,uncertainty,TGmass/flow unspecified; rateunits%/C not%/min; native stage numbers retained.",,polyester/cotton blend,"Polyester/cotton blend fabric,65T/35C,120g/m2; weave unspecified","Polyester/cotton blend fabric,65T/35C,120g/m2; weave unspecified","Polyester/cotton blend fabric,65T/35C,120g/m2; weave unspecified",0.31,PC-20BL,tabulated,Same own initial Uncoated/PC-10BL/PC-20BL fabric codes in Table1 LOI and Table3 TG. Six native TG rows correspond to three independent fabric states; only three N2 conditions have an explicit reported ramp. Initial LOI29.2 is distinct from washed20BL24.8.,verified_exact,journal_article,"Local journal-article registry; original journal masthead, DOI and accepted article identity checked",%/C,6.5,700,,source_review_approved,73b0a3f8ee6a45967dea53d84c03b92b9a1f5ed4bac8f7898aa45e2970ecacf9,PC-20BL,,,,,,"published version of record,175(2021)140-146",Publishedp141-142 methods/Table1;p144 Table3/Figure5/thermal text,,,,1.11,,,,,,,Eco-friendly flame retardant and dripping-resistant of polyester/cotton blend fabrics through layer-by-layer assembly fully bio-based chitosan/phytic acid coating,https://doi.org/10.1016/j.ijbiomac.2021.02.023,"Complete seven-page primary text/tables/captions/references read; originalp141 preparation/LOI,p142 TG method/LOI table,p144 TG table andcurves visually checked. No supplement listed in primary; external inventory not inspected.",,"Pretreat1MNaOH90C30min,dry60C2h. Chitosan0.5wt%aqueous,pH4-5/HCl,stir24h;PA1wt%aqueous from70%solution. FirstCS andPA dips5min each,rinses1min each,dry60C2h each; laterdips2min,rinses30s. Repeat to exact10 or20CS/PA bilayers. No wetpickup or final actual chemical ratio reported.",initial prepared fabric; no durability laundering,initial prepared fabric; preparative rinsing is distinct from durability laundering,,,2021
,10.1016/j.ijbiomac.2021.02.023,"JF-3,Jiangning","Publishedp142 Table1,Uncoated initial row,LOI column",17.3,,ASTM D2863,room temperature,0,,,,324,Native Table3 footnote explicitly defines 10% mass loss; not generic onset,"DTG-60H,Shimadzu",,,800,"Publishedp144 Table3,air Uncoated row; native T10 and stage1/2/3 Tmax/Rmax",700,,,room temperature,335,435,517,,,,Native100*(M-M0)/M0 with uncoated fabric massM0,%,air,,Polyester/cotton65/35; own uncoated reference,"Publishedp141-142 Section2.3:DTG-60H,roomtemperature-800C,10C/min explicitly underN2; air Table3 has no explicit own ramp",literature,Native TG/LOI facts; unknown air ramp; outside verified target,2026-10-01,Codex complete local primary text and original method/numerical pixel review,,International Journal of Biological Macromolecules,"Section2.2 heading prints PEI/PA on PET but body/materials/Figure1/title consistently specifyCS/PA polyester/cotton65/35; preserve heading discrepancy,do not substitutePEIorPET. Method gives10C/min underN2 only; no rate inferred forair. Method800C vsFigure5 axis700C retained; Table3 residue explicitly700C,not800C. Uncoated NaOHpretreatment unspecified,no assignment from treated preparation. PC-1/5/15BL LOI18.9/21.2/26.0 lack own numericTG; washed20BLLOI24.8 lackswashedTG. Table2CONE residue22.84 is notTG6.50. LOI/TG repeats,uncertainty,TGmass/flow unspecified; rateunits%/C not%/min; native stage numbers retained.",,polyester/cotton blend,"Polyester/cotton blend fabric,65T/35C,120g/m2; weave unspecified","Polyester/cotton blend fabric,65T/35C,120g/m2; weave unspecified","Polyester/cotton blend fabric,65T/35C,120g/m2; weave unspecified",0.62,Uncoated,tabulated,Same own initial Uncoated/PC-10BL/PC-20BL fabric codes in Table1 LOI and Table3 TG. Six native TG rows correspond to three independent fabric states; only three N2 conditions have an explicit reported ramp. Initial LOI29.2 is distinct from washed20BL24.8.,TG_LOI_condition_pending,journal_article,"Local journal-article registry; original journal masthead, DOI and accepted article identity checked",%/C,0,700,,source_condition_held,,Uncoated,,,,,,"published version of record,175(2021)140-146",Publishedp141-142 methods/Table1;p144 Table3/Figure5/thermal text,,,,2.04,,,,0.31,,,Eco-friendly flame retardant and dripping-resistant of polyester/cotton blend fabrics through layer-by-layer assembly fully bio-based chitosan/phytic acid coating,https://doi.org/10.1016/j.ijbiomac.2021.02.023,"Complete seven-page primary text/tables/captions/references read; originalp141 preparation/LOI,p142 TG method/LOI table,p144 TG table andcurves visually checked. No supplement listed in primary; external inventory not inspected.",,Own uncoated reference; pretreatment of this reference not explicitly specified,initial prepared fabric; no durability laundering,initial prepared fabric; preparative rinsing is distinct from durability laundering,,,2021
,10.1016/j.ijbiomac.2021.02.023,"JF-3,Jiangning","Publishedp142 Table1,PC-10BL initial row,LOI column",23.7,,ASTM D2863,room temperature,1.69,,,,288,Native Table3 footnote explicitly defines 10% mass loss; not generic onset,"DTG-60H,Shimadzu",,,800,"Publishedp144 Table3,air PC-10BL row; native T10 and stage1/2/3 Tmax/Rmax",700,,,room temperature,298,420,524,,,16.1,Native100*(M-M0)/M0 with uncoated fabric massM0,%,air,,"Polyester/cotton65/35,LBL chitosan/phytic acid coating,PC-10BL","Publishedp141-142 Section2.3:DTG-60H,roomtemperature-800C,10C/min explicitly underN2; air Table3 has no explicit own ramp",literature,Native TG/LOI facts; unknown air ramp; outside verified target,2026-10-01,Codex complete local primary text and original method/numerical pixel review,,International Journal of Biological Macromolecules,"Section2.2 heading prints PEI/PA on PET but body/materials/Figure1/title consistently specifyCS/PA polyester/cotton65/35; preserve heading discrepancy,do not substitutePEIorPET. Method gives10C/min underN2 only; no rate inferred forair. Method800C vsFigure5 axis700C retained; Table3 residue explicitly700C,not800C. Uncoated NaOHpretreatment unspecified,no assignment from treated preparation. PC-1/5/15BL LOI18.9/21.2/26.0 lack own numericTG; washed20BLLOI24.8 lackswashedTG. Table2CONE residue22.84 is notTG6.50. LOI/TG repeats,uncertainty,TGmass/flow unspecified; rateunits%/C not%/min; native stage numbers retained.",,polyester/cotton blend,"Polyester/cotton blend fabric,65T/35C,120g/m2; weave unspecified","Polyester/cotton blend fabric,65T/35C,120g/m2; weave unspecified","Polyester/cotton blend fabric,65T/35C,120g/m2; weave unspecified",0.31,PC-10BL,tabulated,Same own initial Uncoated/PC-10BL/PC-20BL fabric codes in Table1 LOI and Table3 TG. Six native TG rows correspond to three independent fabric states; only three N2 conditions have an explicit reported ramp. Initial LOI29.2 is distinct from washed20BL24.8.,TG_LOI_condition_pending,journal_article,"Local journal-article registry; original journal masthead, DOI and accepted article identity checked",%/C,1.69,700,,source_condition_held,,PC-10BL,,,,,,"published version of record,175(2021)140-146",Publishedp141-142 methods/Table1;p144 Table3/Figure5/thermal text,,,,1.44,,,,0.13,,,Eco-friendly flame retardant and dripping-resistant of polyester/cotton blend fabrics through layer-by-layer assembly fully bio-based chitosan/phytic acid coating,https://doi.org/10.1016/j.ijbiomac.2021.02.023,"Complete seven-page primary text/tables/captions/references read; originalp141 preparation/LOI,p142 TG method/LOI table,p144 TG table andcurves visually checked. No supplement listed in primary; external inventory not inspected.",,"Pretreat1MNaOH90C30min,dry60C2h. Chitosan0.5wt%aqueous,pH4-5/HCl,stir24h;PA1wt%aqueous from70%solution. FirstCS andPA dips5min each,rinses1min each,dry60C2h each; laterdips2min,rinses30s. Repeat to exact10 or20CS/PA bilayers. No wetpickup or final actual chemical ratio reported.",initial prepared fabric; no durability laundering,initial prepared fabric; preparative rinsing is distinct from durability laundering,,,2021
,10.1016/j.ijbiomac.2021.02.023,"JF-3,Jiangning","Publishedp142 Table1,PC-20BL initial row,LOI column",29.2,,ASTM D2863,room temperature,5.8,,,,262,Native Table3 footnote explicitly defines 10% mass loss; not generic onset,"DTG-60H,Shimadzu",,,800,"Publishedp144 Table3,air PC-20BL row; native T10 and stage1/2/3 Tmax/Rmax",700,,,room temperature,292,400,520,,,43.0,Native100*(M-M0)/M0 with uncoated fabric massM0,%,air,,"Polyester/cotton65/35,LBL chitosan/phytic acid coating,PC-20BL","Publishedp141-142 Section2.3:DTG-60H,roomtemperature-800C,10C/min explicitly underN2; air Table3 has no explicit own ramp",literature,Native TG/LOI facts; unknown air ramp; outside verified target,2026-10-01,Codex complete local primary text and original method/numerical pixel review,,International Journal of Biological Macromolecules,"Section2.2 heading prints PEI/PA on PET but body/materials/Figure1/title consistently specifyCS/PA polyester/cotton65/35; preserve heading discrepancy,do not substitutePEIorPET. Method gives10C/min underN2 only; no rate inferred forair. Method800C vsFigure5 axis700C retained; Table3 residue explicitly700C,not800C. Uncoated NaOHpretreatment unspecified,no assignment from treated preparation. PC-1/5/15BL LOI18.9/21.2/26.0 lack own numericTG; washed20BLLOI24.8 lackswashedTG. Table2CONE residue22.84 is notTG6.50. LOI/TG repeats,uncertainty,TGmass/flow unspecified; rateunits%/C not%/min; native stage numbers retained.",,polyester/cotton blend,"Polyester/cotton blend fabric,65T/35C,120g/m2; weave unspecified","Polyester/cotton blend fabric,65T/35C,120g/m2; weave unspecified","Polyester/cotton blend fabric,65T/35C,120g/m2; weave unspecified",0.31,PC-20BL,tabulated,Same own initial Uncoated/PC-10BL/PC-20BL fabric codes in Table1 LOI and Table3 TG. Six native TG rows correspond to three independent fabric states; only three N2 conditions have an explicit reported ramp. Initial LOI29.2 is distinct from washed20BL24.8.,TG_LOI_condition_pending,journal_article,"Local journal-article registry; original journal masthead, DOI and accepted article identity checked",%/C,5.8,700,,source_condition_held,,PC-20BL,,,,,,"published version of record,175(2021)140-146",Publishedp141-142 methods/Table1;p144 Table3/Figure5/thermal text,,,,1.19,,,,0.17,,,Eco-friendly flame retardant and dripping-resistant of polyester/cotton blend fabrics through layer-by-layer assembly fully bio-based chitosan/phytic acid coating,https://doi.org/10.1016/j.ijbiomac.2021.02.023,"Complete seven-page primary text/tables/captions/references read; originalp141 preparation/LOI,p142 TG method/LOI table,p144 TG table andcurves visually checked. No supplement listed in primary; external inventory not inspected.",,"Pretreat1MNaOH90C30min,dry60C2h. Chitosan0.5wt%aqueous,pH4-5/HCl,stir24h;PA1wt%aqueous from70%solution. FirstCS andPA dips5min each,rinses1min each,dry60C2h each; laterdips2min,rinses30s. Repeat to exact10 or20CS/PA bilayers. No wetpickup or final actual chemical ratio reported.",initial prepared fabric; no durability laundering,initial prepared fabric; preparative rinsing is distinct from durability laundering,,,2021
,10.1016/j.ijbiomac.2020.11.022,"FI-RE/M606B,QingdaoShangfang","OriginalPDFp8 Table3 LOI row0durabilitycycles,rawcotton column",18.5,5cmx14cm,ASTM D2863-2000,,,,,,,,"Pyris1,PerkinElmer",,700,,"OriginalPDFp8 Table1,nitrogen,raw cotton column;p6-7 Section3.3",,,40,,362,,,,,,,,nitrogen,,"Pure cotton fabric,own untreated reference","OriginalPDFp4 Section2.4.6:Pyris1,40-700C,10C/min,N2andair",literature,TG+LOI,2026-10-01,Codex complete local primary text and original method/numerical pixel review,10,International Journal of Biological Macromolecules,"NativeTmax andrate%/C kept distinct fromwaterstage40-311/285/296/273C andfromT5/T10/Tonset. Char11.24/39.79/1.61/35.22% is notR700 solelybecauseTGends700C. Nativeprose gives N2treated697C andaircontrol656C; N2controlabove694C andairtreatedgenerictemperatureunknown stayblank. N2treated stage3lossTable24.23%vsprose26.96% retained as conflictingrawfacts,not corrected orrecomputed. Aircontrolglobalpeak371C vsstage2end368C retained; no inferredstagemaxremapping. Table4after50LCrowlabels30%vsprose/Figure9/Table5 35% discrepancy held; no washedTGpairs. CONEprose swaps THR/CO2ratio columns and callsitTable1; useTGTable1 andLOITable3,notCONEresidue18.90. Native synthesis masses/mol labels disagree with usualformula molarmass; recordasprinted,not corrected. No LOI/TG uncertainty,repeats,mass/flow,finaldryduration orpercentbasis inferred. In-presspublisherjournal version explicit,notassumedfinalpaginatedVoR.",70.87,cotton,"Cotton fabric,130.68g/m2; weave unspecified","Cotton fabric,130.68g/m2; weave unspecified","Cotton fabric,130.68g/m2; weave unspecified",1.43,Raw cotton,tabulated,Section3.3 explicitly restricts TG to own raw and35%ACPMPA-treated fabric. Table1N2/aircolumns match Table3 initial0cycleLOI18.5/49.2;35%bath differsWG24%. Air/N2 are conditions of the same two fabric states. Preparativerinse differs from durabilitywash;25/30%baths and30/50LCLOI lacksame-stateTG.,verified_exact,journal_article,"Local journal-article registry; original journal masthead, DOI and accepted article identity checked",%/C,11.24,,Above694C in nativeprose; exact assessment temperatureunknown,source_review_approved,f554f4a4a6a52e1bee34f814fa978ebd517f42f9ad5046b6da762d1401bbc663,Raw cotton,,,,,,"Publisher journal article in-press proof,BIOMAC-17185; unpaginated volume header",OriginalPDFp2-4 Sections2.3/2.4;p6-7 thermaltext/Figure5;p8 Tables1-3,NativeTable1Tmax/prosemaximumofentireDTGcurve; no inferred threshold or water-removal peak,311,391,,694,,8.59,,,,Facile synthesis of a high efficiency and durability L-citrulline flame retardant for cotton,https://doi.org/10.1016/j.ijbiomac.2020.11.022,"Complete ten-page original in-press journal primary text/tables/captions/references read; originalp3LOI/preparation,p4TGmethod,p8TG/LOI/CONEtables visually checked. No supplement listed in primary; external inventory not inspected.",,"Own pure raw cotton reference,noACPMPAgrafting",initial prepared fabric; no durability laundering,initial prepared fabric; preparative rinsing is distinct from durability laundering,9.3,,2021
35,10.1016/j.ijbiomac.2020.11.022,"FI-RE/M606B,QingdaoShangfang","OriginalPDFp8 Table3 LOI row0durabilitycycles,35%treatedcotton column",49.2,5cmx14cm,ASTM D2863-2000,,,,,,,,"Pyris1,PerkinElmer",,700,,"OriginalPDFp8 Table1,nitrogen,treated cotton column;p6-7 Section3.3",,,40,,295,,,,,,,,nitrogen,Native35%solution; percentage basis not explicitly stated,"Cotton,ACPMPA ammonium salt ofcitrulline-penta(methylphosphonic acid),native35%finishingbath","OriginalPDFp4 Section2.4.6:Pyris1,40-700C,10C/min,N2andair",literature,TG+LOI,2026-10-01,Codex complete local primary text and original method/numerical pixel review,10,International Journal of Biological Macromolecules,"NativeTmax andrate%/C kept distinct fromwaterstage40-311/285/296/273C andfromT5/T10/Tonset. Char11.24/39.79/1.61/35.22% is notR700 solelybecauseTGends700C. Nativeprose gives N2treated697C andaircontrol656C; N2controlabove694C andairtreatedgenerictemperatureunknown stayblank. N2treated stage3lossTable24.23%vsprose26.96% retained as conflictingrawfacts,not corrected orrecomputed. Aircontrolglobalpeak371C vsstage2end368C retained; no inferredstagemaxremapping. Table4after50LCrowlabels30%vsprose/Figure9/Table5 35% discrepancy held; no washedTGpairs. CONEprose swaps THR/CO2ratio columns and callsitTable1; useTGTable1 andLOITable3,notCONEresidue18.90. Native synthesis masses/mol labels disagree with usualformula molarmass; recordasprinted,not corrected. No LOI/TG uncertainty,repeats,mass/flow,finaldryduration orpercentbasis inferred. In-presspublisherjournal version explicit,notassumedfinalpaginatedVoR.",26.98,cotton,"Cotton fabric,130.68g/m2; weave unspecified","Cotton fabric,130.68g/m2; weave unspecified","Cotton fabric,130.68g/m2; weave unspecified",3.35,35% ACPMPA-treated cotton,tabulated,Section3.3 explicitly restricts TG to own raw and35%ACPMPA-treated fabric. Table1N2/aircolumns match Table3 initial0cycleLOI18.5/49.2;35%bath differsWG24%. Air/N2 are conditions of the same two fabric states. Preparativerinse differs from durabilitywash;25/30%baths and30/50LCLOI lacksame-stateTG.,verified_exact,journal_article,"Local journal-article registry; original journal masthead, DOI and accepted article identity checked",%/C,39.79,697,Own thermal prose explicitlyat697C,source_review_approved,4a5bf60a2f557cf0017febb3cb5fdf57fef04206b276353e357874f31661ad24,35% ACPMPA-treated cotton,,,,,,"Publisher journal article in-press proof,BIOMAC-17185; unpaginated volume header",OriginalPDFp2-4 Sections2.3/2.4;p6-7 thermaltext/Figure5;p8 Tables1-3,NativeTable1Tmax/prosemaximumofentireDTGcurve; no inferred threshold or water-removal peak,285,308,,697,26.96,24.23,,,,Facile synthesis of a high efficiency and durability L-citrulline flame retardant for cotton,https://doi.org/10.1016/j.ijbiomac.2020.11.022,"Complete ten-page original in-press journal primary text/tables/captions/references read; originalp3LOI/preparation,p4TGmethod,p8TG/LOI/CONEtables visually checked. No supplement listed in primary; external inventory not inspected.",,"ACPMPA synthesis from nativeL-citrulline13.68g/0.1mol,formaldehyde40.50g/0.5mol,H3PO3 24.84g/0.5mol,110C2.5h;urea amountunknown,140C3.5h,ethanolpurification. Native35%ACPMPA aqueousbath,dicyandiamide5%withpercentagebasisunknown,80C60min,bath1:20,approximately100%wetpickup,nip;bake180C6min,tapwaterwash,dry80C;drydurationunspecified.",initial prepared fabric; no durability laundering,initial prepared fabric; preparative rinsing is distinct from durability laundering,9.0,24.0,2021
,10.1016/j.ijbiomac.2020.11.022,"FI-RE/M606B,QingdaoShangfang","OriginalPDFp8 Table3 LOI row0durabilitycycles,rawcotton column",18.5,5cmx14cm,ASTM D2863-2000,,,,,,,,"Pyris1,PerkinElmer",,700,,"OriginalPDFp8 Table1,air,raw cotton column;p6-7 Section3.3",,,40,,371,,,,,,,,air,,"Pure cotton fabric,own untreated reference","OriginalPDFp4 Section2.4.6:Pyris1,40-700C,10C/min,N2andair",literature,TG+LOI,2026-10-01,Codex complete local primary text and original method/numerical pixel review,10,International Journal of Biological Macromolecules,"NativeTmax andrate%/C kept distinct fromwaterstage40-311/285/296/273C andfromT5/T10/Tonset. Char11.24/39.79/1.61/35.22% is notR700 solelybecauseTGends700C. Nativeprose gives N2treated697C andaircontrol656C; N2controlabove694C andairtreatedgenerictemperatureunknown stayblank. N2treated stage3lossTable24.23%vsprose26.96% retained as conflictingrawfacts,not corrected orrecomputed. Aircontrolglobalpeak371C vsstage2end368C retained; no inferredstagemaxremapping. Table4after50LCrowlabels30%vsprose/Figure9/Table5 35% discrepancy held; no washedTGpairs. CONEprose swaps THR/CO2ratio columns and callsitTable1; useTGTable1 andLOITable3,notCONEresidue18.90. Native synthesis masses/mol labels disagree with usualformula molarmass; recordasprinted,not corrected. No LOI/TG uncertainty,repeats,mass/flow,finaldryduration orpercentbasis inferred. In-presspublisherjournal version explicit,notassumedfinalpaginatedVoR.",70.17,cotton,"Cotton fabric,130.68g/m2; weave unspecified","Cotton fabric,130.68g/m2; weave unspecified","Cotton fabric,130.68g/m2; weave unspecified",2.03,Raw cotton,tabulated,Section3.3 explicitly restricts TG to own raw and35%ACPMPA-treated fabric. Table1N2/aircolumns match Table3 initial0cycleLOI18.5/49.2;35%bath differsWG24%. Air/N2 are conditions of the same two fabric states. Preparativerinse differs from durabilitywash;25/30%baths and30/50LCLOI lacksame-stateTG.,verified_exact,journal_article,"Local journal-article registry; original journal masthead, DOI and accepted article identity checked",%/C,1.61,656,Own thermal prose explicitlyat656C,source_review_approved,b10d8c7319b4141a6876758cabc5619fbc534b9db54ee552dda831584e586e22,Raw cotton,,,,,,"Publisher journal article in-press proof,BIOMAC-17185; unpaginated volume header",OriginalPDFp2-4 Sections2.3/2.4;p6-7 thermaltext/Figure5;p8 Tables1-3,NativeTable1Tmax/prosemaximumofentireDTGcurve; no inferred threshold or water-removal peak,296,368,,656,,20.62,,,,Facile synthesis of a high efficiency and durability L-citrulline flame retardant for cotton,https://doi.org/10.1016/j.ijbiomac.2020.11.022,"Complete ten-page original in-press journal primary text/tables/captions/references read; originalp3LOI/preparation,p4TGmethod,p8TG/LOI/CONEtables visually checked. No supplement listed in primary; external inventory not inspected.",,"Own pure raw cotton reference,noACPMPAgrafting",initial prepared fabric; no durability laundering,initial prepared fabric; preparative rinsing is distinct from durability laundering,7.6,,2021
35,10.1016/j.ijbiomac.2020.11.022,"FI-RE/M606B,QingdaoShangfang","OriginalPDFp8 Table3 LOI row0durabilitycycles,35%treatedcotton column",49.2,5cmx14cm,ASTM D2863-2000,,,,,,,,"Pyris1,PerkinElmer",,700,,"OriginalPDFp8 Table1,air,treated cotton column;p6-7 Section3.3",,,40,,303,,,,,,,,air,Native35%solution; percentage basis not explicitly stated,"Cotton,ACPMPA ammonium salt ofcitrulline-penta(methylphosphonic acid),native35%finishingbath","OriginalPDFp4 Section2.4.6:Pyris1,40-700C,10C/min,N2andair",literature,TG+LOI,2026-10-01,Codex complete local primary text and original method/numerical pixel review,10,International Journal of Biological Macromolecules,"NativeTmax andrate%/C kept distinct fromwaterstage40-311/285/296/273C andfromT5/T10/Tonset. Char11.24/39.79/1.61/35.22% is notR700 solelybecauseTGends700C. Nativeprose gives N2treated697C andaircontrol656C; N2controlabove694C andairtreatedgenerictemperatureunknown stayblank. N2treated stage3lossTable24.23%vsprose26.96% retained as conflictingrawfacts,not corrected orrecomputed. Aircontrolglobalpeak371C vsstage2end368C retained; no inferredstagemaxremapping. Table4after50LCrowlabels30%vsprose/Figure9/Table5 35% discrepancy held; no washedTGpairs. CONEprose swaps THR/CO2ratio columns and callsitTable1; useTGTable1 andLOITable3,notCONEresidue18.90. Native synthesis masses/mol labels disagree with usualformula molarmass; recordasprinted,not corrected. No LOI/TG uncertainty,repeats,mass/flow,finaldryduration orpercentbasis inferred. In-presspublisherjournal version explicit,notassumedfinalpaginatedVoR.",33.66,cotton,"Cotton fabric,130.68g/m2; weave unspecified","Cotton fabric,130.68g/m2; weave unspecified","Cotton fabric,130.68g/m2; weave unspecified",2.81,35% ACPMPA-treated cotton,tabulated,Section3.3 explicitly restricts TG to own raw and35%ACPMPA-treated fabric. Table1N2/aircolumns match Table3 initial0cycleLOI18.5/49.2;35%bath differsWG24%. Air/N2 are conditions of the same two fabric states. Preparativerinse differs from durabilitywash;25/30%baths and30/50LCLOI lacksame-stateTG.,verified_exact,journal_article,"Local journal-article registry; original journal masthead, DOI and accepted article identity checked",%/C,35.22,,Table1 genericchar residual; stage3 ends696C but no explicit residue assessment temperature,source_review_approved,34c977d76400024095568743a36b4f94f7666ca5d8d2a42956715c78e8a81065,35% ACPMPA-treated cotton,,,,,,"Publisher journal article in-press proof,BIOMAC-17185; unpaginated volume header",OriginalPDFp2-4 Sections2.3/2.4;p6-7 thermaltext/Figure5;p8 Tables1-3,NativeTable1Tmax/prosemaximumofentireDTGcurve; no inferred threshold or water-removal peak,273,313,,696,,26.9,,,,Facile synthesis of a high efficiency and durability L-citrulline flame retardant for cotton,https://doi.org/10.1016/j.ijbiomac.2020.11.022,"Complete ten-page original in-press journal primary text/tables/captions/references read; originalp3LOI/preparation,p4TGmethod,p8TG/LOI/CONEtables visually checked. No supplement listed in primary; external inventory not inspected.",,"ACPMPA synthesis from nativeL-citrulline13.68g/0.1mol,formaldehyde40.50g/0.5mol,H3PO3 24.84g/0.5mol,110C2.5h;urea amountunknown,140C3.5h,ethanolpurification. Native35%ACPMPA aqueousbath,dicyandiamide5%withpercentagebasisunknown,80C60min,bath1:20,approximately100%wetpickup,nip;bake180C6min,tapwaterwash,dry80C;drydurationunspecified.",initial prepared fabric; no durability laundering,initial prepared fabric; preparative rinsing is distinct from durability laundering,4.28,24.0,2021
,10.1007/s42114-021-00348-4,"JF3,Jiangning",Publishedp1161 Figure5A directprintednumber; SPMA5 also p1160 Section3.2 andofficialTablesS2/S3; APP values are sourceprintedaggregates not recalculated,23.5,130x60mm,ASTM D2863-09,,,26.1,3:0,20,,,STA6000,static nitrogen,800,,OfficialTableS5 exactsample row andfootnote; publishedp1162 Section3.3/Figure6A-B,,3-5mg,50,,,,,182.7,NativeTi initialdecompositiontemperature; no threshold definition; notT5/T10,20,NativeTableS1Add-on20%; texttotalFR20%ofcotton; final analyticalretention not separatelyreported,%,nitrogen,,"Cotton with UV-cured N-hydroxymethylacrylamide spirophosphate,SPMA:APP=3:0","Publishedp1159 Section2.5:50-800C,staticN2,10C/min,3-5mg",literature,TG+LOI,2026-10-01,Codex complete local original andcomplete officialSI review; native methods/figures visuallychecked,10,Advanced Composites and Hybrid Materials,"SPMA/SPAM notation differs in native text/S1; same definedcompoundcode context retained. SPMA5TableTi182.7 vsproserounded182 compatible; nativeTi notT5/T10andTa196-308 is range notTmax. TwoAPPformulations haveTi swapped betweentext190/199andTable199.7/190.2; preservedraw,notcorrected. Figure6C explicitlylabels800C29.8%,282C9.7%/min and192C,butpanelcaptionAPP1 vsTGIRproseAPP2 ambiguous; not assigned to regularTGAcleanmetrics orSPMA5. APP1Table/prosechar29.7,APP2Table28.2 preservedraw; APP2initialLOI29.8inFig5A/prose/S3 vswashingprosebefore28 conflicting; do notresolveusingcurveestimates. Fig7Bwashcurvehasno printednumericlabels andwashstatehasnoTG. LOIdirectionalS3 values keptsource-native; no recalculatedmeans/repeatsoruncertainty. Purecottonaround18notownexactTGpair. LOIrepeatsunknown; tenverticalflametestsnottenLOItests. StaticN2flowundefined; nocleanTmax fromTGIR282C,noconeSEMresidueused.",,cotton,"Cotton fabric,100%cotton,261g/m2,native66*38; weave unspecified","Cotton fabric,100%cotton,261g/m2,native66*38; weave unspecified","Cotton fabric,100%cotton,261g/m2,native66*38; weave unspecified",9.6,SPMA-5,tabulated,"Same initialSPMA-5 exactUV20% formulation inTableS1, LOI23.5inS2/S3/Fig5A and TGTableS5. NonUVSPMA1-4 have LOIbutno ownTG. Twocompound rows retained as unapprovednativefacts due originalnumerical/assignmentconflicts. No washedTGpaired.",verified_exact,journal_article,"Original journal masthead,2021 volume4 pp1155-1165 andDOI; complete original andofficialSI identitychecked",%/min,26.1,800,,source_review_approved,0e209a6e366f1127f4b5fbc6bc482cdae4dc78e58ee477f5cb491b8fef0a8344,SPMA-5,,,26.1,182,182.7,"Published version of record,4(2021)1155-1165; complete official supplementaryDOCX",Publishedp1156 materials;p1157 preparation;p1158-1159methods;p1160-1163results/Figures5-7;officialTablesS1-S6/FigureS1,,,,,,,,,308,196,Flame resistance of cotton fabric finishing with N-hydroxymethylacrylamide spirophosphate,https://doi.org/10.1007/s42114-021-00348-4,"Complete11pageprimarytext/tables/captions/references read; nativep1157preparation,p1158LOImethod,p1159TGmethod,p1161-1163Figures5-7/thermal/washtext visuallychecked. Complete officialSI6tables/allparagraphs anditsoneembeddedFigureS1 image inspected.",https://media.springernature.com/original/springer-static/esm/art%3A10.1007%2Fs42114-021-00348-4/MediaObjects/42114_2021_348_MOESM1_ESM.docx,"Cottonboilingwater30min,naturaldry;30x15cmsheets. SPMA DMSO bath20wt%30min,dry,cutinhalf,UVcrosslink30s. CompoundFRrouteAPP predry105C14h,mixSPMA/APPinDMSO specifiedratio,totalFR20%ofcotton,impregnate/nip100%rollingresidualrate,naturaldryandUV; no compound dipduration or measuredretention inferred.",Initial UV-finished fabric; no durability laundering,Initial UV-finished fabric; preparativeboilingwash distinct from durabilitywashing,,,2021
,10.1007/s42114-021-00348-4,"JF3,Jiangning",Publishedp1161 Figure5A directprintednumber; SPMA5 also p1160 Section3.2 andofficialTablesS2/S3; APP values are sourceprintedaggregates not recalculated,26.5,130x60mm,ASTM D2863-09,,,,3:1,,,,STA6000,static nitrogen,800,,OfficialTableS5 exactsample row andfootnote; publishedp1162 Section3.3/Figure6A-B,,3-5mg,50,,,,,,NativeTi initialdecompositiontemperature; no threshold definition; notT5/T10,20,NativeTableS1Add-on20%; texttotalFR20%ofcotton; final analyticalretention not separatelyreported,%,nitrogen,,"Cotton with UV-cured N-hydroxymethylacrylamide spirophosphate,SPMA:APP=3:1","Publishedp1159 Section2.5:50-800C,staticN2,10C/min,3-5mg",literature,Nativefacts withTi/LOI/panel-assignment conflicts;outsideverifiedtarget,2026-10-01,Codex complete local original andcomplete officialSI review; native methods/figures visuallychecked,10,Advanced Composites and Hybrid Materials,"SPMA/SPAM notation differs in native text/S1; same definedcompoundcode context retained. SPMA5TableTi182.7 vsproserounded182 compatible; nativeTi notT5/T10andTa196-308 is range notTmax. TwoAPPformulations haveTi swapped betweentext190/199andTable199.7/190.2; preservedraw,notcorrected. Figure6C explicitlylabels800C29.8%,282C9.7%/min and192C,butpanelcaptionAPP1 vsTGIRproseAPP2 ambiguous; not assigned to regularTGAcleanmetrics orSPMA5. APP1Table/prosechar29.7,APP2Table28.2 preservedraw; APP2initialLOI29.8inFig5A/prose/S3 vswashingprosebefore28 conflicting; do notresolveusingcurveestimates. Fig7Bwashcurvehasno printednumericlabels andwashstatehasnoTG. LOIdirectionalS3 values keptsource-native; no recalculatedmeans/repeatsoruncertainty. Purecottonaround18notownexactTGpair. LOIrepeatsunknown; tenverticalflametestsnottenLOItests. StaticN2flowundefined; nocleanTmax fromTGIR282C,noconeSEMresidueused.",,cotton,"Cotton fabric,100%cotton,261g/m2,native66*38; weave unspecified","Cotton fabric,100%cotton,261g/m2,native66*38; weave unspecified","Cotton fabric,100%cotton,261g/m2,native66*38; weave unspecified",8.6,SPMA/APP-1,tabulated,"Same initialSPMA-5 exactUV20% formulation inTableS1, LOI23.5inS2/S3/Fig5A and TGTableS5. NonUVSPMA1-4 have LOIbutno ownTG. Twocompound rows retained as unapprovednativefacts due originalnumerical/assignmentconflicts. No washedTGpaired.",TG_LOI_source_conflict_pending,journal_article,"Original journal masthead,2021 volume4 pp1155-1165 andDOI; complete original andofficialSI identitychecked",%/min,,,,source_conflict_held,,SPMA/APP-1,26.4,26.6,29.7,190,199.7,"Published version of record,4(2021)1155-1165; complete official supplementaryDOCX",Publishedp1156 materials;p1157 preparation;p1158-1159methods;p1160-1163results/Figures5-7;officialTablesS1-S6/FigureS1,,,,,,,,,291,207,Flame resistance of cotton fabric finishing with N-hydroxymethylacrylamide spirophosphate,https://doi.org/10.1007/s42114-021-00348-4,"Complete11pageprimarytext/tables/captions/references read; nativep1157preparation,p1158LOImethod,p1159TGmethod,p1161-1163Figures5-7/thermal/washtext visuallychecked. Complete officialSI6tables/allparagraphs anditsoneembeddedFigureS1 image inspected.",https://media.springernature.com/original/springer-static/esm/art%3A10.1007%2Fs42114-021-00348-4/MediaObjects/42114_2021_348_MOESM1_ESM.docx,"Cottonboilingwater30min,naturaldry;30x15cmsheets. SPMA DMSO bath20wt%30min,dry,cutinhalf,UVcrosslink30s. CompoundFRrouteAPP predry105C14h,mixSPMA/APPinDMSO specifiedratio,totalFR20%ofcotton,impregnate/nip100%rollingresidualrate,naturaldryandUV; no compound dipduration or measuredretention inferred.",Initial UV-finished fabric; no durability laundering,Initial UV-finished fabric; preparativeboilingwash distinct from durabilitywashing,,,2021
,10.1007/s42114-021-00348-4,"JF3,Jiangning",Publishedp1161 Figure5A directprintednumber; SPMA5 also p1160 Section3.2 andofficialTablesS2/S3; APP values are sourceprintedaggregates not recalculated,29.8,130x60mm,ASTM D2863-09,,,,2:1,,,,STA6000,static nitrogen,800,,OfficialTableS5 exactsample row andfootnote; publishedp1162 Section3.3/Figure6A-B,,3-5mg,50,,,,,,NativeTi initialdecompositiontemperature; no threshold definition; notT5/T10,20,NativeTableS1Add-on20%; texttotalFR20%ofcotton; final analyticalretention not separatelyreported,%,nitrogen,,"Cotton with UV-cured N-hydroxymethylacrylamide spirophosphate,SPMA:APP=2:1","Publishedp1159 Section2.5:50-800C,staticN2,10C/min,3-5mg",literature,Nativefacts withTi/LOI/panel-assignment conflicts;outsideverifiedtarget,2026-10-01,Codex complete local original andcomplete officialSI review; native methods/figures visuallychecked,10,Advanced Composites and Hybrid Materials,"SPMA/SPAM notation differs in native text/S1; same definedcompoundcode context retained. SPMA5TableTi182.7 vsproserounded182 compatible; nativeTi notT5/T10andTa196-308 is range notTmax. TwoAPPformulations haveTi swapped betweentext190/199andTable199.7/190.2; preservedraw,notcorrected. Figure6C explicitlylabels800C29.8%,282C9.7%/min and192C,butpanelcaptionAPP1 vsTGIRproseAPP2 ambiguous; not assigned to regularTGAcleanmetrics orSPMA5. APP1Table/prosechar29.7,APP2Table28.2 preservedraw; APP2initialLOI29.8inFig5A/prose/S3 vswashingprosebefore28 conflicting; do notresolveusingcurveestimates. Fig7Bwashcurvehasno printednumericlabels andwashstatehasnoTG. LOIdirectionalS3 values keptsource-native; no recalculatedmeans/repeatsoruncertainty. Purecottonaround18notownexactTGpair. LOIrepeatsunknown; tenverticalflametestsnottenLOItests. StaticN2flowundefined; nocleanTmax fromTGIR282C,noconeSEMresidueused.",,cotton,"Cotton fabric,100%cotton,261g/m2,native66*38; weave unspecified","Cotton fabric,100%cotton,261g/m2,native66*38; weave unspecified","Cotton fabric,100%cotton,261g/m2,native66*38; weave unspecified",9.8,SPMA/APP-2,tabulated,"Same initialSPMA-5 exactUV20% formulation inTableS1, LOI23.5inS2/S3/Fig5A and TGTableS5. NonUVSPMA1-4 have LOIbutno ownTG. Twocompound rows retained as unapprovednativefacts due originalnumerical/assignmentconflicts. No washedTGpaired.",TG_LOI_source_conflict_pending,journal_article,"Original journal masthead,2021 volume4 pp1155-1165 andDOI; complete original andofficialSI identitychecked",%/min,,,,source_conflict_held,,SPMA/APP-2,29.5,30.1,28.2,199,190.2,"Published version of record,4(2021)1155-1165; complete official supplementaryDOCX",Publishedp1156 materials;p1157 preparation;p1158-1159methods;p1160-1163results/Figures5-7;officialTablesS1-S6/FigureS1,,,,,,,,,306,205,Flame resistance of cotton fabric finishing with N-hydroxymethylacrylamide spirophosphate,https://doi.org/10.1007/s42114-021-00348-4,"Complete11pageprimarytext/tables/captions/references read; nativep1157preparation,p1158LOImethod,p1159TGmethod,p1161-1163Figures5-7/thermal/washtext visuallychecked. Complete officialSI6tables/allparagraphs anditsoneembeddedFigureS1 image inspected.",https://media.springernature.com/original/springer-static/esm/art%3A10.1007%2Fs42114-021-00348-4/MediaObjects/42114_2021_348_MOESM1_ESM.docx,"Cottonboilingwater30min,naturaldry;30x15cmsheets. SPMA DMSO bath20wt%30min,dry,cutinhalf,UVcrosslink30s. CompoundFRrouteAPP predry105C14h,mixSPMA/APPinDMSO specifiedratio,totalFR20%ofcotton,impregnate/nip100%rollingresidualrate,naturaldryandUV; no compound dipduration or measuredretention inferred.",Initial UV-finished fabric; no durability laundering,Initial UV-finished fabric; preparativeboilingwash distinct from durabilitywashing,,,2021
