DOI,HC_bath_wt_pct,LOI_direction,LOI_instrument,LOI_locator,LOI_pct,LOI_repeats,LOI_specimen_dimensions,LOI_standard,LOI_uncertainty_description,LOI_uncertainty_pct,PSi_emulsion_g_L,R600_pct,R700_pct,T10_C,T1_C,T5_C,TGA_instrument,TG_atmosphere_composition,TG_end_C,TG_gas_flow_mL_min,TG_locator,TG_specimen_mass_reported,TG_start_C,TG_start_reported,TG_weight_experimental_error_pct,Tmax1_C,Tmax2_C,Tmax3_C,atmosphere,atmosphere_reported,composition,conditions_locator,dataset_type,dip_coating_count,direct_numeric_use,evidence_reviewed_at,evidence_reviewed_by,heating_rate_C_min,limitations,material_form,material_form_LOI,material_form_TGA,numeric_evidence_type,pairing_evidence,pairing_status,phosphorus_content_mg_g,publication_type,publication_type_evidence,residue_at_Tmax_pct,residue_temp_C,review_disposition,reviewed_measurement_fingerprint,sample_state,source_R800_table_pct,source_Vmax1_pct_min,source_Vmax2_pct_min,source_Vmax3_pct_min,source_Vmax_pct_min,source_document_version,source_location,source_residue_at_Tmax1_table_pct,source_residue_at_Tmax2_table_pct,source_residue_at_Tmax3_table_pct,source_stage_II_weight_change_pct,source_stage_I_weight_change_pct,source_url,supplement_review_status,supplement_source_url,temperature_experimental_error_C,treatment_method,washing_state,weight_gain_pct,weight_gain_uncertainty_description,weight_gain_uncertainty_pct
10.1016/j.polymdegradstab.2017.11.018,,warp,,Accepted manuscript PDFp30 Figure6 directlyprintedbarlabel Cotton,18,3,,PN-EN ISO4589-2:2006/A1:2006,Section2.4.5 experimental error +/-0.5%; mean of three measurements; not claimed asSD,0.5,,,0.65,331.27,36.3,282.1,TA Instruments Q50,Source synthetic air; O2/N2 proportions not reported,700,60,Accepted manuscript PDFp26 Table3 Cotton row; PDFpp10-11 thermalbody states700Cchar,9-10mg,,room temperature,0.5,363,482.8,,air,synthetic air,"Cotton145g/m2; HC=hexakis(3-(triethoxysilyl)propyloxy)cyclotriphosphazene, source compound3. Nativecontrol or extra2HC recipe unresolved.",Accepted manuscript PDFp7 Section2.4.5 LOI and2.4.6 TG; PDFpp5-6 Section2.3; PDFp22 Table1,literature,,TG+LOI,2026-10-01,Codex complete local primary review,10,"NativeT1/T5/T10 are1/5/10%mass-loss thresholds,notonsets orpeaks. Early1%loss notassignedasdecomposition orwaterpeakwithoutsourceassignment. SourceTmaxI/II Table3 retainedstageorder; PCFCTmax(Table4/5)notTG. Stageweightchangesnotchar orpercent-losstemperatures. Table3extra2HC absentTable1/Fig6,no fabricated2wt%recipe orLOI. Compoundnumber4 inSection2.3.1 vs3 inTable1/synthesis preserved as source numbering inconsistency; HT5HC/MT5CH/MT5H-W prose aliases notsilentlyoverwritten. InitialTGandLOIonly; five-washPCFC andEDSnotpairedTG/LOI. Syntheticair60mLmin notPCFCO2/N2flow20/80 or1Csec ramp. LOIexperimentalerror notSD; TGreplicates unspecified.","100% cotton fabric,145g/m2; weave not specified, LOI in warp direction","100% cotton fabric,145g/m2; weave not specified, LOI in warp direction","100% cotton fabric,145g/m2; weave not specified, LOI in warp direction",tabulated,"Exactsameinitial Cotton145g/m2cotton matches ownTable3TG atsyntheticair10Cmin anddirectprintedFigure6LOIlabel. Table1separatesHCbathloading/dryadd-on,mercerization andsilica routes. No curve digitization and no washed-state mapping.",verified_exact,,journal_article,Local bibliographic registry explicit journal-article type; original publisher cover names Polymer Degradation and Stability and accepted publication status,,700,source_review_approved,25145f48c5d8628d240d964aacbbb7fb6784d955504c9ac9d9e13d4688c6c706,Cotton,,,,,,accepted manuscript,Accepted manuscript PDFpp5-7 methods;PDFp22 Table1;PDFp26 Table3;PDFp30 Figure6,,,,14.9,79.6,https://doi.org/10.1016/j.polymdegradstab.2017.11.018,"Complete36-page locallyheldprimary text,tables,captions,references reviewed; original numerical/method pixels viewed. No listedSI inprimary andno distinctmatchinglocalsupplement; externalinventorynotinspected.",,1,Basefabric hydrogen-peroxide bleached.,initial prepared fabric; no durability laundering or aging,0,,
10.1016/j.polymdegradstab.2017.11.018,1,warp,,Accepted manuscript PDFp30 Figure6 directlyprintedbarlabel 1HC,18,3,,PN-EN ISO4589-2:2006/A1:2006,Section2.4.5 experimental error +/-0.5%; mean of three measurements; not claimed asSD,0.5,,,2.84,306.5,41.8,283.9,TA Instruments Q50,Source synthetic air; O2/N2 proportions not reported,700,60,Accepted manuscript PDFp26 Table3 1HC row; PDFpp10-11 thermalbody states700Cchar,9-10mg,,room temperature,0.5,327.9,511.2,,air,synthetic air,"Cotton145g/m2; HC=hexakis(3-(triethoxysilyl)propyloxy)cyclotriphosphazene, source compound3. Bath concentration1wt% distinctfromdryfabricadd-on3.3%.",Accepted manuscript PDFp7 Section2.4.5 LOI and2.4.6 TG; PDFpp5-6 Section2.3; PDFp22 Table1,literature,,TG+LOI,2026-10-01,Codex complete local primary review,10,"NativeT1/T5/T10 are1/5/10%mass-loss thresholds,notonsets orpeaks. Early1%loss notassignedasdecomposition orwaterpeakwithoutsourceassignment. SourceTmaxI/II Table3 retainedstageorder; PCFCTmax(Table4/5)notTG. Stageweightchangesnotchar orpercent-losstemperatures. Table3extra2HC absentTable1/Fig6,no fabricated2wt%recipe orLOI. Compoundnumber4 inSection2.3.1 vs3 inTable1/synthesis preserved as source numbering inconsistency; HT5HC/MT5CH/MT5H-W prose aliases notsilentlyoverwritten. InitialTGandLOIonly; five-washPCFC andEDSnotpairedTG/LOI. Syntheticair60mLmin notPCFCO2/N2flow20/80 or1Csec ramp. LOIexperimentalerror notSD; TGreplicates unspecified.","100% cotton fabric,145g/m2; weave not specified, LOI in warp direction","100% cotton fabric,145g/m2; weave not specified, LOI in warp direction","100% cotton fabric,145g/m2; weave not specified, LOI in warp direction",tabulated,"Exactsameinitial 1HC145g/m2cotton matches ownTable3TG atsyntheticair10Cmin anddirectprintedFigure6LOIlabel. Table1separatesHCbathloading/dryadd-on,mercerization andsilica routes. No curve digitization and no washed-state mapping.",verified_exact,,journal_article,Local bibliographic registry explicit journal-article type; original publisher cover names Polymer Degradation and Stability and accepted publication status,,700,source_review_approved,689af6b93e6c766dc2c8083564fd3a3ca883a0a0633c2c4b2ed398cdba5d4121,1HC,,,,,,accepted manuscript,Accepted manuscript PDFpp5-7 methods;PDFp22 Table1;PDFp26 Table3;PDFp30 Figure6,,,,40.2,52.4,https://doi.org/10.1016/j.polymdegradstab.2017.11.018,"Complete36-page locallyheldprimary text,tables,captions,references reviewed; original numerical/method pixels viewed. No listedSI inprimary andno distinctmatchinglocalsupplement; externalinventorynotinspected.",,1,"Basefabric hydrogen-peroxide bleached. HC 1wt%THFbath,15min immersion,without squeezing,dry80C1h then120C30min.",initial prepared fabric; no durability laundering or aging,3.3,,
10.1016/j.polymdegradstab.2017.11.018,,warp,,2HC absentfromFigure6; noLOI assigned,,3,,PN-EN ISO4589-2:2006/A1:2006,Section2.4.5 experimental error +/-0.5%; mean of three measurements; not claimed asSD,0.5,,,2.94,306,41.2,282.3,TA Instruments Q50,Source synthetic air; O2/N2 proportions not reported,700,60,Accepted manuscript PDFp26 Table3 2HC row; PDFpp10-11 thermalbody states700Cchar,9-10mg,,room temperature,0.5,327.1,507.9,,air,synthetic air,"Cotton145g/m2; HC=hexakis(3-(triethoxysilyl)propyloxy)cyclotriphosphazene, source compound3. Nativecontrol or extra2HC recipe unresolved.",Accepted manuscript PDFp7 Section2.4.5 LOI and2.4.6 TG; PDFpp5-6 Section2.3; PDFp22 Table1,literature,,TG only,2026-10-01,Codex complete local primary review,10,"NativeT1/T5/T10 are1/5/10%mass-loss thresholds,notonsets orpeaks. Early1%loss notassignedasdecomposition orwaterpeakwithoutsourceassignment. SourceTmaxI/II Table3 retainedstageorder; PCFCTmax(Table4/5)notTG. Stageweightchangesnotchar orpercent-losstemperatures. Table3extra2HC absentTable1/Fig6,no fabricated2wt%recipe orLOI. Compoundnumber4 inSection2.3.1 vs3 inTable1/synthesis preserved as source numbering inconsistency; HT5HC/MT5CH/MT5H-W prose aliases notsilentlyoverwritten. InitialTGandLOIonly; five-washPCFC andEDSnotpairedTG/LOI. Syntheticair60mLmin notPCFCO2/N2flow20/80 or1Csec ramp. LOIexperimentalerror notSD; TGreplicates unspecified.","100% cotton fabric,145g/m2; weave not specified, LOI in warp direction","100% cotton fabric,145g/m2; weave not specified, LOI in warp direction","100% cotton fabric,145g/m2; weave not specified, LOI in warp direction",tabulated,"Exactsameinitial 2HC145g/m2cotton matches ownTable3TG atsyntheticair10Cmin anddirectprintedFigure6LOIlabel. Table1separatesHCbathloading/dryadd-on,mercerization andsilica routes. No curve digitization and no washed-state mapping.",TG_only_no_exact_same_state_LOI,,journal_article,Local bibliographic registry explicit journal-article type; original publisher cover names Polymer Degradation and Stability and accepted publication status,,700,reviewed_TG_unpaired,,2HC,,,,,,accepted manuscript,Accepted manuscript PDFpp5-7 methods;PDFp22 Table1;PDFp26 Table3;PDFp30 Figure6,,,,40.9,52.3,https://doi.org/10.1016/j.polymdegradstab.2017.11.018,"Complete36-page locallyheldprimary text,tables,captions,references reviewed; original numerical/method pixels viewed. No listedSI inprimary andno distinctmatchinglocalsupplement; externalinventorynotinspected.",,1,Basefabric hydrogen-peroxide bleached. NativeTable3extra2HC absentfromTable1/Figure6; no recipe orLOI assigned.,initial prepared fabric; no durability laundering or aging,,,
10.1016/j.polymdegradstab.2017.11.018,5,warp,,Accepted manuscript PDFp30 Figure6 directlyprintedbarlabel 5HC,19.9,3,,PN-EN ISO4589-2:2006/A1:2006,Section2.4.5 experimental error +/-0.5%; mean of three measurements; not claimed asSD,0.5,,,6.79,305.6,41.9,286.8,TA Instruments Q50,Source synthetic air; O2/N2 proportions not reported,700,60,Accepted manuscript PDFp26 Table3 5HC row; PDFpp10-11 thermalbody states700Cchar,9-10mg,,room temperature,0.5,320.3,516.3,,air,synthetic air,"Cotton145g/m2; HC=hexakis(3-(triethoxysilyl)propyloxy)cyclotriphosphazene, source compound3. Bath concentration5wt% distinctfromdryfabricadd-on8.6%.",Accepted manuscript PDFp7 Section2.4.5 LOI and2.4.6 TG; PDFpp5-6 Section2.3; PDFp22 Table1,literature,,TG+LOI,2026-10-01,Codex complete local primary review,10,"NativeT1/T5/T10 are1/5/10%mass-loss thresholds,notonsets orpeaks. Early1%loss notassignedasdecomposition orwaterpeakwithoutsourceassignment. SourceTmaxI/II Table3 retainedstageorder; PCFCTmax(Table4/5)notTG. Stageweightchangesnotchar orpercent-losstemperatures. Table3extra2HC absentTable1/Fig6,no fabricated2wt%recipe orLOI. Compoundnumber4 inSection2.3.1 vs3 inTable1/synthesis preserved as source numbering inconsistency; HT5HC/MT5CH/MT5H-W prose aliases notsilentlyoverwritten. InitialTGandLOIonly; five-washPCFC andEDSnotpairedTG/LOI. Syntheticair60mLmin notPCFCO2/N2flow20/80 or1Csec ramp. LOIexperimentalerror notSD; TGreplicates unspecified.","100% cotton fabric,145g/m2; weave not specified, LOI in warp direction","100% cotton fabric,145g/m2; weave not specified, LOI in warp direction","100% cotton fabric,145g/m2; weave not specified, LOI in warp direction",tabulated,"Exactsameinitial 5HC145g/m2cotton matches ownTable3TG atsyntheticair10Cmin anddirectprintedFigure6LOIlabel. Table1separatesHCbathloading/dryadd-on,mercerization andsilica routes. No curve digitization and no washed-state mapping.",verified_exact,,journal_article,Local bibliographic registry explicit journal-article type; original publisher cover names Polymer Degradation and Stability and accepted publication status,,700,source_review_approved,3c8d71234fbc44da62b40f5693fcbd4446b25df7bfae59c1e5f0660116809733,5HC,,,,,,accepted manuscript,Accepted manuscript PDFpp5-7 methods;PDFp22 Table1;PDFp26 Table3;PDFp30 Figure6,,,,44.6,44.4,https://doi.org/10.1016/j.polymdegradstab.2017.11.018,"Complete36-page locallyheldprimary text,tables,captions,references reviewed; original numerical/method pixels viewed. No listedSI inprimary andno distinctmatchinglocalsupplement; externalinventorynotinspected.",,1,"Basefabric hydrogen-peroxide bleached. HC 5wt%THFbath,15min immersion,without squeezing,dry80C1h then120C30min.",initial prepared fabric; no durability laundering or aging,8.6,,
10.1016/j.polymdegradstab.2017.11.018,10,warp,,Accepted manuscript PDFp30 Figure6 directlyprintedbarlabel 10HC,24.6,3,,PN-EN ISO4589-2:2006/A1:2006,Section2.4.5 experimental error +/-0.5%; mean of three measurements; not claimed asSD,0.5,,,11.89,306.6,43.5,289.3,TA Instruments Q50,Source synthetic air; O2/N2 proportions not reported,700,60,Accepted manuscript PDFp26 Table3 10HC row; PDFpp10-11 thermalbody states700Cchar,9-10mg,,room temperature,0.5,316.6,520.1,,air,synthetic air,"Cotton145g/m2; HC=hexakis(3-(triethoxysilyl)propyloxy)cyclotriphosphazene, source compound3. Bath concentration10wt% distinctfromdryfabricadd-on15.9%.",Accepted manuscript PDFp7 Section2.4.5 LOI and2.4.6 TG; PDFpp5-6 Section2.3; PDFp22 Table1,literature,,TG+LOI,2026-10-01,Codex complete local primary review,10,"NativeT1/T5/T10 are1/5/10%mass-loss thresholds,notonsets orpeaks. Early1%loss notassignedasdecomposition orwaterpeakwithoutsourceassignment. SourceTmaxI/II Table3 retainedstageorder; PCFCTmax(Table4/5)notTG. Stageweightchangesnotchar orpercent-losstemperatures. Table3extra2HC absentTable1/Fig6,no fabricated2wt%recipe orLOI. Compoundnumber4 inSection2.3.1 vs3 inTable1/synthesis preserved as source numbering inconsistency; HT5HC/MT5CH/MT5H-W prose aliases notsilentlyoverwritten. InitialTGandLOIonly; five-washPCFC andEDSnotpairedTG/LOI. Syntheticair60mLmin notPCFCO2/N2flow20/80 or1Csec ramp. LOIexperimentalerror notSD; TGreplicates unspecified.","100% cotton fabric,145g/m2; weave not specified, LOI in warp direction","100% cotton fabric,145g/m2; weave not specified, LOI in warp direction","100% cotton fabric,145g/m2; weave not specified, LOI in warp direction",tabulated,"Exactsameinitial 10HC145g/m2cotton matches ownTable3TG atsyntheticair10Cmin anddirectprintedFigure6LOIlabel. Table1separatesHCbathloading/dryadd-on,mercerization andsilica routes. No curve digitization and no washed-state mapping.",verified_exact,,journal_article,Local bibliographic registry explicit journal-article type; original publisher cover names Polymer Degradation and Stability and accepted publication status,,700,source_review_approved,e226cdf48ea22ad86a9355d6866f7e9fe3536d86fcf31fc8c079c46cbc84979f,10HC,,,,,,accepted manuscript,Accepted manuscript PDFpp5-7 methods;PDFp22 Table1;PDFp26 Table3;PDFp30 Figure6,,,,43.9,40.1,https://doi.org/10.1016/j.polymdegradstab.2017.11.018,"Complete36-page locallyheldprimary text,tables,captions,references reviewed; original numerical/method pixels viewed. No listedSI inprimary andno distinctmatchinglocalsupplement; externalinventorynotinspected.",,1,"Basefabric hydrogen-peroxide bleached. HC 10wt%THFbath,15min immersion,without squeezing,dry80C1h then120C30min.",initial prepared fabric; no durability laundering or aging,15.9,,
10.1016/j.polymdegradstab.2017.11.018,5,warp,,Accepted manuscript PDFp30 Figure6 directlyprintedbarlabel T5HC,21.4,3,,PN-EN ISO4589-2:2006/A1:2006,Section2.4.5 experimental error +/-0.5%; mean of three measurements; not claimed asSD,0.5,,,4.84,325,44.5,306.7,TA Instruments Q50,Source synthetic air; O2/N2 proportions not reported,700,60,Accepted manuscript PDFp26 Table3 T5HC row; PDFpp10-11 thermalbody states700Cchar,9-10mg,,room temperature,0.5,345.1,513.5,,air,synthetic air,"Cotton145g/m2; HC=hexakis(3-(triethoxysilyl)propyloxy)cyclotriphosphazene, source compound3. Bath concentration5wt% distinctfromdryfabricadd-on12.3%.",Accepted manuscript PDFp7 Section2.4.5 LOI and2.4.6 TG; PDFpp5-6 Section2.3; PDFp22 Table1,literature,,TG+LOI,2026-10-01,Codex complete local primary review,10,"NativeT1/T5/T10 are1/5/10%mass-loss thresholds,notonsets orpeaks. Early1%loss notassignedasdecomposition orwaterpeakwithoutsourceassignment. SourceTmaxI/II Table3 retainedstageorder; PCFCTmax(Table4/5)notTG. Stageweightchangesnotchar orpercent-losstemperatures. Table3extra2HC absentTable1/Fig6,no fabricated2wt%recipe orLOI. Compoundnumber4 inSection2.3.1 vs3 inTable1/synthesis preserved as source numbering inconsistency; HT5HC/MT5CH/MT5H-W prose aliases notsilentlyoverwritten. InitialTGandLOIonly; five-washPCFC andEDSnotpairedTG/LOI. Syntheticair60mLmin notPCFCO2/N2flow20/80 or1Csec ramp. LOIexperimentalerror notSD; TGreplicates unspecified.","100% cotton fabric,145g/m2; weave not specified, LOI in warp direction","100% cotton fabric,145g/m2; weave not specified, LOI in warp direction","100% cotton fabric,145g/m2; weave not specified, LOI in warp direction",tabulated,"Exactsameinitial T5HC145g/m2cotton matches ownTable3TG atsyntheticair10Cmin anddirectprintedFigure6LOIlabel. Table1separatesHCbathloading/dryadd-on,mercerization andsilica routes. No curve digitization and no washed-state mapping.",verified_exact,,journal_article,Local bibliographic registry explicit journal-article type; original publisher cover names Polymer Degradation and Stability and accepted publication status,,700,source_review_approved,5224d3e1b6826c8c98b0a268ede698aa35894316839366ee805a834003199ad4,T5HC,,,,,,accepted manuscript,Accepted manuscript PDFpp5-7 methods;PDFp22 Table1;PDFp26 Table3;PDFp30 Figure6,,,,19.6,71.6,https://doi.org/10.1016/j.polymdegradstab.2017.11.018,"Complete36-page locallyheldprimary text,tables,captions,references reviewed; original numerical/method pixels viewed. No listedSI inprimary andno distinctmatchinglocalsupplement; externalinventorynotinspected.",,1,"Basefabric hydrogen-peroxide bleached. Silica sol:20vol%TEOS,0.9vol%water,0.9vol%dibutyltin dilaureate inisopropanol;hydrolyzeRT30min;immerse15min,squeeze,dry80C2h. HC 5wt%THFbath,15min immersion,without squeezing,dry80C1h then120C30min.",initial prepared fabric; no durability laundering or aging,12.3,,
10.1016/j.polymdegradstab.2017.11.018,5,warp,,Accepted manuscript PDFp30 Figure6 directlyprintedbarlabel MT5HC,27.7,3,,PN-EN ISO4589-2:2006/A1:2006,Section2.4.5 experimental error +/-0.5%; mean of three measurements; not claimed asSD,0.5,,,5.48,316.4,44.7,272.5,TA Instruments Q50,Source synthetic air; O2/N2 proportions not reported,700,60,Accepted manuscript PDFp26 Table3 MT5HC row; PDFpp10-11 thermalbody states700Cchar,9-10mg,,room temperature,0.5,351.1,497.3,,air,synthetic air,"Cotton145g/m2; HC=hexakis(3-(triethoxysilyl)propyloxy)cyclotriphosphazene, source compound3. Bath concentration5wt% distinctfromdryfabricadd-on16.7%.",Accepted manuscript PDFp7 Section2.4.5 LOI and2.4.6 TG; PDFpp5-6 Section2.3; PDFp22 Table1,literature,,TG+LOI,2026-10-01,Codex complete local primary review,10,"NativeT1/T5/T10 are1/5/10%mass-loss thresholds,notonsets orpeaks. Early1%loss notassignedasdecomposition orwaterpeakwithoutsourceassignment. SourceTmaxI/II Table3 retainedstageorder; PCFCTmax(Table4/5)notTG. Stageweightchangesnotchar orpercent-losstemperatures. Table3extra2HC absentTable1/Fig6,no fabricated2wt%recipe orLOI. Compoundnumber4 inSection2.3.1 vs3 inTable1/synthesis preserved as source numbering inconsistency; HT5HC/MT5CH/MT5H-W prose aliases notsilentlyoverwritten. InitialTGandLOIonly; five-washPCFC andEDSnotpairedTG/LOI. Syntheticair60mLmin notPCFCO2/N2flow20/80 or1Csec ramp. LOIexperimentalerror notSD; TGreplicates unspecified.","100% cotton fabric,145g/m2; weave not specified, LOI in warp direction","100% cotton fabric,145g/m2; weave not specified, LOI in warp direction","100% cotton fabric,145g/m2; weave not specified, LOI in warp direction",tabulated,"Exactsameinitial MT5HC145g/m2cotton matches ownTable3TG atsyntheticair10Cmin anddirectprintedFigure6LOIlabel. Table1separatesHCbathloading/dryadd-on,mercerization andsilica routes. No curve digitization and no washed-state mapping.",verified_exact,,journal_article,Local bibliographic registry explicit journal-article type; original publisher cover names Polymer Degradation and Stability and accepted publication status,,700,source_review_approved,4f911687f2205c1e6b6c32f31a1f3d48543e50111c7f122947043be635830a3c,MT5HC,,,,,,accepted manuscript,Accepted manuscript PDFpp5-7 methods;PDFp22 Table1;PDFp26 Table3;PDFp30 Figure6,,,,34.4,56.7,https://doi.org/10.1016/j.polymdegradstab.2017.11.018,"Complete36-page locallyheldprimary text,tables,captions,references reviewed; original numerical/method pixels viewed. No listedSI inprimary andno distinctmatchinglocalsupplement; externalinventorynotinspected.",,1,"Basefabric hydrogen-peroxide bleached. Mercerize10%aqueousNaOH10min,distilledwater rinse,dry. Silica sol:20vol%TEOS,0.9vol%water,0.9vol%dibutyltin dilaureate inisopropanol;hydrolyzeRT30min;immerse15min,squeeze,dry80C2h. HC 5wt%THFbath,15min immersion,without squeezing,dry80C1h then120C30min.",initial prepared fabric; no durability laundering or aging,16.7,,
10.1016/j.polymdegradstab.2016.02.009,,,ATS1004050,Accepted manuscript numberedp7 Table2 COT row and ownSection3.2,18.2,,5cm x15cm,ASTM D2863-08,,,0,4,,,,293,Netzsch209F1,,600,,"Accepted manuscript numberedp9 Table3 COT row; footnotea,b fromderivativeTGA; Section3.3",,30,,,353,,,air,,"Cotton semi-bleached twill288g/m2. Ownuncoatedcontrol; measuredP0.79mg/g,notassumedzero.","Accepted manuscript numberedpp3-4 Sections2.2/2.3; TG30-600C,20Cmin,air; officialSI FiguresS1-S4 productcharacterization",literature,,TG+LOI,2026-10-01,Codex complete local primary review,20,"NativeTonset5% is5%masslossT5,notaseparateoperationalonset. SourceVmaxnegative%/min values retainedwithout sign/unitconversion; nottemperature orresidue. Masslossaround3% below100Cmoisture notdecomppeak. MCC1Csec/O2-N2flow20/80 andTPHRR348.9/331.2/314/313.8 are notTGconditions/peaks. COT-Si11.4 hasMCConly andnoowninitialLOITable2/TGTable3;washed1/5/30soapingLOITable6 notinitialTG. TGmass/gasflow/replicates andLOIreplicates/uncertainty notreported. SI characterizes the synthesized PSi compound only; no additional TG/LOI measurements.","semi-bleached twill woven cotton fabric,approximately288g/m2","semi-bleached twill woven cotton fabric,approximately288g/m2","semi-bleached twill woven cotton fabric,approximately288g/m2",tabulated,Own initial COT exactTable1recipe/add-on matches Table2LOI andTable3air20CminTG; identical twillfabricandinitialstate. Originalmethods andcompleteofficialSIchecked. No COT-Si orwashedTG/LOI borrowing.,verified_exact,0.79,journal_article,Local bibliographic registry explicit journal-article type; original publisher cover names Polymer Degradation and Stability and accepted publication status,43,600,source_review_approved,c5ea265ce6dc6334a777cb9e5aacdc7c055875f2dfb633d3192fff02582ba9d5,COT,,,,,-79.6,accepted manuscript,"Accepted manuscript numberedp3 preparation,p4 Table1/methods,p7 Table2,p9 Table3; completeofficialSI FiguresS1-S4",,,,,,https://doi.org/10.1016/j.polymdegradstab.2016.02.009,"Complete15-numbered-page localoriginal andcompleteofficialsupplementaryDOCXtext/captions/all4embedded31P,1H,13C NMR/FTIR spectra reviewed; same title/authors/productformula. SI containsnoadditionalTG/LOIrecords; retained privately.",https://ars.els-cdn.com/content/image/1-s2.0-S0141391016300325-mmc1.docx,,Ownbasefabric semi-bleached; noPSifinishing cure assignedtocontrol.,initial prepared fabric; no durability laundering or aging,0,,
10.1016/j.polymdegradstab.2016.02.009,,,ATS1004050,Accepted manuscript numberedp7 Table2 COT-PSi5.4 row and ownSection3.2,20.5,,5cm x15cm,ASTM D2863-08,,,50,9,,,,253,Netzsch209F1,,600,,"Accepted manuscript numberedp9 Table3 COT-PSi5.4 row; footnotea,b fromderivativeTGA; Section3.3",,30,,,332,,,air,,"Cotton semi-bleached twill288g/m2. PSi=N3P3[NH(CH2)3Si(OC2H5)3]6; emulsion50g/L,dryadd-on5.4%,measuredP4.26mg/g.","Accepted manuscript numberedpp3-4 Sections2.2/2.3; TG30-600C,20Cmin,air; officialSI FiguresS1-S4 productcharacterization",literature,,TG+LOI,2026-10-01,Codex complete local primary review,20,"NativeTonset5% is5%masslossT5,notaseparateoperationalonset. SourceVmaxnegative%/min values retainedwithout sign/unitconversion; nottemperature orresidue. Masslossaround3% below100Cmoisture notdecomppeak. MCC1Csec/O2-N2flow20/80 andTPHRR348.9/331.2/314/313.8 are notTGconditions/peaks. COT-Si11.4 hasMCConly andnoowninitialLOITable2/TGTable3;washed1/5/30soapingLOITable6 notinitialTG. TGmass/gasflow/replicates andLOIreplicates/uncertainty notreported. SI characterizes the synthesized PSi compound only; no additional TG/LOI measurements.","semi-bleached twill woven cotton fabric,approximately288g/m2","semi-bleached twill woven cotton fabric,approximately288g/m2","semi-bleached twill woven cotton fabric,approximately288g/m2",tabulated,Own initial COT-PSi5.4 exactTable1recipe/add-on matches Table2LOI andTable3air20CminTG; identical twillfabricandinitialstate. Originalmethods andcompleteofficialSIchecked. No COT-Si orwashedTG/LOI borrowing.,verified_exact,4.26,journal_article,Local bibliographic registry explicit journal-article type; original publisher cover names Polymer Degradation and Stability and accepted publication status,61.1,600,source_review_approved,bbf90001fa5222c3d00a40f8543a31199d08bfea4b7f53fd2e35fba157f965f1,COT-PSi5.4,,,,,-40.4,accepted manuscript,"Accepted manuscript numberedp3 preparation,p4 Table1/methods,p7 Table2,p9 Table3; completeofficialSI FiguresS1-S4",,,,,,https://doi.org/10.1016/j.polymdegradstab.2016.02.009,"Complete15-numbered-page localoriginal andcompleteofficialsupplementaryDOCXtext/captions/all4embedded31P,1H,13C NMR/FTIR spectra reviewed; same title/authors/productformula. SI containsnoadditionalTG/LOIrecords; retained privately.",https://ars.els-cdn.com/content/image/1-s2.0-S0141391016300325-mmc1.docx,,"PSidissolvedinethanol500g/Lstock,dropsintodeionizedwater to50g/Lemulsion,stir30min;RTfullyimmersed,pad100%wetpickup,dry80C5min,cure120C1h. No soaping beforeinitialTG/LOI.",initial prepared fabric; no durability laundering or aging,5.4,,
10.1016/j.polymdegradstab.2016.02.009,,,ATS1004050,Accepted manuscript numberedp7 Table2 COT-PSi9.4 row and ownSection3.2,21.2,,5cm x15cm,ASTM D2863-08,,,100,13.4,,,,250,Netzsch209F1,,600,,"Accepted manuscript numberedp9 Table3 COT-PSi9.4 row; footnotea,b fromderivativeTGA; Section3.3",,30,,,329,,,air,,"Cotton semi-bleached twill288g/m2. PSi=N3P3[NH(CH2)3Si(OC2H5)3]6; emulsion100g/L,dryadd-on9.4%,measuredP5.27mg/g.","Accepted manuscript numberedpp3-4 Sections2.2/2.3; TG30-600C,20Cmin,air; officialSI FiguresS1-S4 productcharacterization",literature,,TG+LOI,2026-10-01,Codex complete local primary review,20,"NativeTonset5% is5%masslossT5,notaseparateoperationalonset. SourceVmaxnegative%/min values retainedwithout sign/unitconversion; nottemperature orresidue. Masslossaround3% below100Cmoisture notdecomppeak. MCC1Csec/O2-N2flow20/80 andTPHRR348.9/331.2/314/313.8 are notTGconditions/peaks. COT-Si11.4 hasMCConly andnoowninitialLOITable2/TGTable3;washed1/5/30soapingLOITable6 notinitialTG. TGmass/gasflow/replicates andLOIreplicates/uncertainty notreported. SI characterizes the synthesized PSi compound only; no additional TG/LOI measurements.","semi-bleached twill woven cotton fabric,approximately288g/m2","semi-bleached twill woven cotton fabric,approximately288g/m2","semi-bleached twill woven cotton fabric,approximately288g/m2",tabulated,Own initial COT-PSi9.4 exactTable1recipe/add-on matches Table2LOI andTable3air20CminTG; identical twillfabricandinitialstate. Originalmethods andcompleteofficialSIchecked. No COT-Si orwashedTG/LOI borrowing.,verified_exact,5.27,journal_article,Local bibliographic registry explicit journal-article type; original publisher cover names Polymer Degradation and Stability and accepted publication status,66.1,600,source_review_approved,dfa64d3be440270fac2999e6dbc0ac737ae5c80b5871b3f09ae6fc42ddda2dc1,COT-PSi9.4,,,,,-34.7,accepted manuscript,"Accepted manuscript numberedp3 preparation,p4 Table1/methods,p7 Table2,p9 Table3; completeofficialSI FiguresS1-S4",,,,,,https://doi.org/10.1016/j.polymdegradstab.2016.02.009,"Complete15-numbered-page localoriginal andcompleteofficialsupplementaryDOCXtext/captions/all4embedded31P,1H,13C NMR/FTIR spectra reviewed; same title/authors/productformula. SI containsnoadditionalTG/LOIrecords; retained privately.",https://ars.els-cdn.com/content/image/1-s2.0-S0141391016300325-mmc1.docx,,"PSidissolvedinethanol500g/Lstock,dropsintodeionizedwater to100g/Lemulsion,stir30min;RTfullyimmersed,pad100%wetpickup,dry80C5min,cure120C1h. No soaping beforeinitialTG/LOI.",initial prepared fabric; no durability laundering or aging,9.4,,
10.1016/j.polymdegradstab.2016.02.009,,,ATS1004050,Accepted manuscript numberedp7 Table2 COT-PSi18.7 row and ownSection3.2,24.5,,5cm x15cm,ASTM D2863-08,,,200,25.6,,,,237,Netzsch209F1,,600,,"Accepted manuscript numberedp9 Table3 COT-PSi18.7 row; footnotea,b fromderivativeTGA; Section3.3",,30,,,327,,,air,,"Cotton semi-bleached twill288g/m2. PSi=N3P3[NH(CH2)3Si(OC2H5)3]6; emulsion200g/L,dryadd-on18.7%,measuredP9.25mg/g.","Accepted manuscript numberedpp3-4 Sections2.2/2.3; TG30-600C,20Cmin,air; officialSI FiguresS1-S4 productcharacterization",literature,,TG+LOI,2026-10-01,Codex complete local primary review,20,"NativeTonset5% is5%masslossT5,notaseparateoperationalonset. SourceVmaxnegative%/min values retainedwithout sign/unitconversion; nottemperature orresidue. Masslossaround3% below100Cmoisture notdecomppeak. MCC1Csec/O2-N2flow20/80 andTPHRR348.9/331.2/314/313.8 are notTGconditions/peaks. COT-Si11.4 hasMCConly andnoowninitialLOITable2/TGTable3;washed1/5/30soapingLOITable6 notinitialTG. TGmass/gasflow/replicates andLOIreplicates/uncertainty notreported. SI characterizes the synthesized PSi compound only; no additional TG/LOI measurements.","semi-bleached twill woven cotton fabric,approximately288g/m2","semi-bleached twill woven cotton fabric,approximately288g/m2","semi-bleached twill woven cotton fabric,approximately288g/m2",tabulated,Own initial COT-PSi18.7 exactTable1recipe/add-on matches Table2LOI andTable3air20CminTG; identical twillfabricandinitialstate. Originalmethods andcompleteofficialSIchecked. No COT-Si orwashedTG/LOI borrowing.,verified_exact,9.25,journal_article,Local bibliographic registry explicit journal-article type; original publisher cover names Polymer Degradation and Stability and accepted publication status,67.3,600,source_review_approved,833485473a0a66a9ae41fa0d273c586d3ca17d7e1ff0cb8b9bef3c6f08ea1597,COT-PSi18.7,,,,,-23.7,accepted manuscript,"Accepted manuscript numberedp3 preparation,p4 Table1/methods,p7 Table2,p9 Table3; completeofficialSI FiguresS1-S4",,,,,,https://doi.org/10.1016/j.polymdegradstab.2016.02.009,"Complete15-numbered-page localoriginal andcompleteofficialsupplementaryDOCXtext/captions/all4embedded31P,1H,13C NMR/FTIR spectra reviewed; same title/authors/productformula. SI containsnoadditionalTG/LOIrecords; retained privately.",https://ars.els-cdn.com/content/image/1-s2.0-S0141391016300325-mmc1.docx,,"PSidissolvedinethanol500g/Lstock,dropsintodeionizedwater to200g/Lemulsion,stir30min;RTfullyimmersed,pad100%wetpickup,dry80C5min,cure120C1h. No soaping beforeinitialTG/LOI.",initial prepared fabric; no durability laundering or aging,18.7,,
10.1016/j.polymdegradstab.2019.109028,,,M606,Journalpreproof PDFp12 Table3 Untreated initialrow;Section3.4,21.2,5,130mm x65mm,GB/T5454-1997,Table3 printed +/-0.2; statisticalmeaning unspecified; methods reportfive LOItests,0.2,,,,,,349,Netzsch STA409,,800,50,Journalpreproof PDFp10 Table2 Untreated row andfootnote;Figure3 originalcurves,,100,,,432,,,nitrogen,,Own polyesterfabric. NoCAcoat forUntreated; DPPsourceDOPO/PVFA-coatedfabric lacksitsownLOI.,"Journalpreproof PDFp6 Section2.4 TG100-800C,N2,10Cmin,50mLmin;PDFp7 LOI;PDFpp5-6recipe",literature,0,TG+LOI,2026-10-01,Codex complete local primary review,10,"Table2 Tonset5%footnote defines5%weightloss; cleanT5only,notTonset. OriginalFigure3CAP2endpointordering contradictsTable2CAP2/CAP3tiedhighest27.3%; allsource-tableendpoint/peakresiduesheldoutsidecleanfields pendingquantitativeconsistencyadjudication,notdigitized. Table2 Vmax%/minnegativevalues versusFigure3DTG%/C andmagnitudeinconsistencyretained,nosign/rampconversion. Temperatures retainexplicitTable2metrics andmatchedinitialTable3LOI. OwnUntreatedlabelmatchesTG/LOIbutexactcontrolalkalipretreatmentuncertain,noinventedNaOHhistory. DPPonlyTG,noLOITable3. Washed10cycleTable5LOI21.0/25.6/27.2/27.7 notinitial21.2/27.2/28.1/28.8; no washedTG. CONE massloss/relativecharincrease22.2%notTGchar. Statisticaltypeofprinteduncertainty andTGmass/replicatesmissing. Missingfabricgsm/weave notguessed.","polyester fabric; weave,areal mass andPETgrade unspecified","polyester fabric; weave,areal mass andPETgrade unspecified","polyester fabric; weave,areal mass andPETgrade unspecified",tabulated,"Same own initial Untreated polyesterfabric label pairs originalTable2 explicitT5/Tmax temperaturemetrics withTable3LOI andunique1/2/3diprecipe(Table1add-on). Untreatedisownidenticaluncoatedreference label inbothassays; no assumptionofcontrolNaOHhistory. N2/10Cmin methoddirectlystated; noTG-IR20mLmin substitution. Conflictedresidue/ratefields remainnative-only, noestimatedcurve numbers.",verified_exact,,journal_article,Local bibliographic registry explicit journal-article type; original publisher cover names Polymer Degradation and Stability and accepted publication status,,,source_review_approved,e62310754dc6ebac8d79cf22de49b06f9de66fc3bad4e3a24c527f4940ef9e7a,Untreated,11.1,-0.0016,,,,journal preproof,Journalpreproof PDFpp5-7 methods;PDFp8 Table1;PDFp10 Table2/Figure3;PDFp12 Table3;PDFp20 Table5washedLOI,52.2,,,,,https://doi.org/10.1016/j.polymdegradstab.2019.109028,"Complete27-page localjournalpreproof text,tables,captions,references reviewed; original methods/recipe/numericalpages viewed. No listedSI inmain or distinctmatchinglocalrelatedfile;externalinventorynotinspected.",,,"Untreatedownreference withzeroFRdips; sourceSEMseparatesuntreated/alkali-treatedbase,so exactcontrolNaOHhistory notasserted. NoFRcure assigned. DPPcoatingformulation/numberofdipsnotfullyspecified.",initial prepared fabric; no durability laundering or aging,0,Table1 source +/-value; averageof6samples; noSDassumed,0
10.1016/j.polymdegradstab.2019.109028,,,M606,DPPabsentoriginalTable3; noownLOI,,5,130mm x65mm,GB/T5454-1997,Table3 printed +/-0.2; statisticalmeaning unspecified; methods reportfive LOItests,,,,,,,227,Netzsch STA409,,800,50,Journalpreproof PDFp10 Table2 DPP row andfootnote;Figure3 originalcurves,,100,,,288,342,428,nitrogen,,Own polyesterfabric. NoCAcoat forUntreated; DPPsourceDOPO/PVFA-coatedfabric lacksitsownLOI.,"Journalpreproof PDFp6 Section2.4 TG100-800C,N2,10Cmin,50mLmin;PDFp7 LOI;PDFpp5-6recipe",literature,,TG only,2026-10-01,Codex complete local primary review,10,"Table2 Tonset5%footnote defines5%weightloss; cleanT5only,notTonset. OriginalFigure3CAP2endpointordering contradictsTable2CAP2/CAP3tiedhighest27.3%; allsource-tableendpoint/peakresiduesheldoutsidecleanfields pendingquantitativeconsistencyadjudication,notdigitized. Table2 Vmax%/minnegativevalues versusFigure3DTG%/C andmagnitudeinconsistencyretained,nosign/rampconversion. Temperatures retainexplicitTable2metrics andmatchedinitialTable3LOI. OwnUntreatedlabelmatchesTG/LOIbutexactcontrolalkalipretreatmentuncertain,noinventedNaOHhistory. DPPonlyTG,noLOITable3. Washed10cycleTable5LOI21.0/25.6/27.2/27.7 notinitial21.2/27.2/28.1/28.8; no washedTG. CONE massloss/relativecharincrease22.2%notTGchar. Statisticaltypeofprinteduncertainty andTGmass/replicatesmissing. Missingfabricgsm/weave notguessed.","polyester fabric; weave,areal mass andPETgrade unspecified","polyester fabric; weave,areal mass andPETgrade unspecified","polyester fabric; weave,areal mass andPETgrade unspecified",tabulated,"Same own initial DPP polyesterfabric label pairs originalTable2 explicitT5/Tmax temperaturemetrics withTable3LOI andunique1/2/3diprecipe(Table1add-on). Untreatedisownidenticaluncoatedreference label inbothassays; no assumptionofcontrolNaOHhistory. N2/10Cmin methoddirectlystated; noTG-IR20mLmin substitution. Conflictedresidue/ratefields remainnative-only, noestimatedcurve numbers.",TG_only_no_exact_same_state_LOI,,journal_article,Local bibliographic registry explicit journal-article type; original publisher cover names Polymer Degradation and Stability and accepted publication status,,,reviewed_TG_unpaired,,DPP,20.8,-0.343,-0.2833,-0.6692,,journal preproof,Journalpreproof PDFpp5-7 methods;PDFp8 Table1;PDFp10 Table2/Figure3;PDFp12 Table3;PDFp20 Table5washedLOI,80.5,66.7,36.4,,,https://doi.org/10.1016/j.polymdegradstab.2019.109028,"Complete27-page localjournalpreproof text,tables,captions,references reviewed; original methods/recipe/numericalpages viewed. No listedSI inmain or distinctmatchinglocalrelatedfile;externalinventorynotinspected.",,,"Untreatedownreference withzeroFRdips; sourceSEMseparatesuntreated/alkali-treatedbase,so exactcontrolNaOHhistory notasserted. NoFRcure assigned. DPPcoatingformulation/numberofdipsnotfullyspecified.",initial prepared fabric; no durability laundering or aging,,Table1 source +/-value; averageof6samples; noSDassumed,
10.1016/j.polymdegradstab.2019.109028,,,M606,Journalpreproof PDFp12 Table3 CAP1 initialrow;Section3.4,27.2,5,130mm x65mm,GB/T5454-1997,Table3 printed +/-0.2; statisticalmeaning unspecified; methods reportfive LOItests,0.2,,,,,,295,Netzsch STA409,,800,50,Journalpreproof PDFp10 Table2 CAP1 row andfootnote;Figure3 originalcurves,,100,,,402,,,nitrogen,,"Own polyesterfabric. CA=APP-coatedcarbonmicrospheres,DOPO/PVFAfilmformer;1dipcoatings,measuredfabricWG26.85%.","Journalpreproof PDFp6 Section2.4 TG100-800C,N2,10Cmin,50mLmin;PDFp7 LOI;PDFpp5-6recipe",literature,1,TG+LOI,2026-10-01,Codex complete local primary review,10,"Table2 Tonset5%footnote defines5%weightloss; cleanT5only,notTonset. OriginalFigure3CAP2endpointordering contradictsTable2CAP2/CAP3tiedhighest27.3%; allsource-tableendpoint/peakresiduesheldoutsidecleanfields pendingquantitativeconsistencyadjudication,notdigitized. Table2 Vmax%/minnegativevalues versusFigure3DTG%/C andmagnitudeinconsistencyretained,nosign/rampconversion. Temperatures retainexplicitTable2metrics andmatchedinitialTable3LOI. OwnUntreatedlabelmatchesTG/LOIbutexactcontrolalkalipretreatmentuncertain,noinventedNaOHhistory. DPPonlyTG,noLOITable3. Washed10cycleTable5LOI21.0/25.6/27.2/27.7 notinitial21.2/27.2/28.1/28.8; no washedTG. CONE massloss/relativecharincrease22.2%notTGchar. Statisticaltypeofprinteduncertainty andTGmass/replicatesmissing. Missingfabricgsm/weave notguessed.","polyester fabric; weave,areal mass andPETgrade unspecified","polyester fabric; weave,areal mass andPETgrade unspecified","polyester fabric; weave,areal mass andPETgrade unspecified",tabulated,"Same own initial CAP1 polyesterfabric label pairs originalTable2 explicitT5/Tmax temperaturemetrics withTable3LOI andunique1/2/3diprecipe(Table1add-on). Untreatedisownidenticaluncoatedreference label inbothassays; no assumptionofcontrolNaOHhistory. N2/10Cmin methoddirectlystated; noTG-IR20mLmin substitution. Conflictedresidue/ratefields remainnative-only, noestimatedcurve numbers.",verified_exact,,journal_article,Local bibliographic registry explicit journal-article type; original publisher cover names Polymer Degradation and Stability and accepted publication status,,,source_review_approved,e3b19905222c1240a2eef14c5db22c2a919ff2cf0750da3f8142f2ec722aa813,CAP1,21.4,-0.007,,,,journal preproof,Journalpreproof PDFpp5-7 methods;PDFp8 Table1;PDFp10 Table2/Figure3;PDFp12 Table3;PDFp20 Table5washedLOI,54.1,,,,,https://doi.org/10.1016/j.polymdegradstab.2019.109028,"Complete27-page localjournalpreproof text,tables,captions,references reviewed; original methods/recipe/numericalpages viewed. No listedSI inmain or distinctmatchinglocalrelatedfile;externalinventorynotinspected.",,,"CAPbasefabricNaOH2g/L30min,dry80C10h;CA2gin50mLethanolsonicate40C30min;DOPO1g+PVFA2gin100mLethanolstirRT30min,mixCAandreact85C20min;eachdip1min,pull1cm/s,scrapeexcessglassrods,airdry5min;1dips,finaldry80C2h.",initial prepared fabric; no durability laundering or aging,26.85,Table1 source +/-value; averageof6samples; noSDassumed,2.07
10.1016/j.polymdegradstab.2019.109028,,,M606,Journalpreproof PDFp12 Table3 CAP2 initialrow;Section3.4,28.1,5,130mm x65mm,GB/T5454-1997,Table3 printed +/-0.2; statisticalmeaning unspecified; methods reportfive LOItests,0.2,,,,,,219,Netzsch STA409,,800,50,Journalpreproof PDFp10 Table2 CAP2 row andfootnote;Figure3 originalcurves,,100,,,386,,,nitrogen,,"Own polyesterfabric. CA=APP-coatedcarbonmicrospheres,DOPO/PVFAfilmformer;2dipcoatings,measuredfabricWG36.8%.","Journalpreproof PDFp6 Section2.4 TG100-800C,N2,10Cmin,50mLmin;PDFp7 LOI;PDFpp5-6recipe",literature,2,TG+LOI,2026-10-01,Codex complete local primary review,10,"Table2 Tonset5%footnote defines5%weightloss; cleanT5only,notTonset. OriginalFigure3CAP2endpointordering contradictsTable2CAP2/CAP3tiedhighest27.3%; allsource-tableendpoint/peakresiduesheldoutsidecleanfields pendingquantitativeconsistencyadjudication,notdigitized. Table2 Vmax%/minnegativevalues versusFigure3DTG%/C andmagnitudeinconsistencyretained,nosign/rampconversion. Temperatures retainexplicitTable2metrics andmatchedinitialTable3LOI. OwnUntreatedlabelmatchesTG/LOIbutexactcontrolalkalipretreatmentuncertain,noinventedNaOHhistory. DPPonlyTG,noLOITable3. Washed10cycleTable5LOI21.0/25.6/27.2/27.7 notinitial21.2/27.2/28.1/28.8; no washedTG. CONE massloss/relativecharincrease22.2%notTGchar. Statisticaltypeofprinteduncertainty andTGmass/replicatesmissing. Missingfabricgsm/weave notguessed.","polyester fabric; weave,areal mass andPETgrade unspecified","polyester fabric; weave,areal mass andPETgrade unspecified","polyester fabric; weave,areal mass andPETgrade unspecified",tabulated,"Same own initial CAP2 polyesterfabric label pairs originalTable2 explicitT5/Tmax temperaturemetrics withTable3LOI andunique1/2/3diprecipe(Table1add-on). Untreatedisownidenticaluncoatedreference label inbothassays; no assumptionofcontrolNaOHhistory. N2/10Cmin methoddirectlystated; noTG-IR20mLmin substitution. Conflictedresidue/ratefields remainnative-only, noestimatedcurve numbers.",verified_exact,,journal_article,Local bibliographic registry explicit journal-article type; original publisher cover names Polymer Degradation and Stability and accepted publication status,,,source_review_approved,84978b523bd0a042fb18aa973e9dc32ce113b71199d83912f4faf0332a6414d2,CAP2,27.3,-0.0075,,,,journal preproof,Journalpreproof PDFpp5-7 methods;PDFp8 Table1;PDFp10 Table2/Figure3;PDFp12 Table3;PDFp20 Table5washedLOI,33.6,,,,,https://doi.org/10.1016/j.polymdegradstab.2019.109028,"Complete27-page localjournalpreproof text,tables,captions,references reviewed; original methods/recipe/numericalpages viewed. No listedSI inmain or distinctmatchinglocalrelatedfile;externalinventorynotinspected.",,,"CAPbasefabricNaOH2g/L30min,dry80C10h;CA2gin50mLethanolsonicate40C30min;DOPO1g+PVFA2gin100mLethanolstirRT30min,mixCAandreact85C20min;eachdip1min,pull1cm/s,scrapeexcessglassrods,airdry5min;2dips,finaldry80C2h.",initial prepared fabric; no durability laundering or aging,36.8,Table1 source +/-value; averageof6samples; noSDassumed,2.54
10.1016/j.polymdegradstab.2019.109028,,,M606,Journalpreproof PDFp12 Table3 CAP3 initialrow;Section3.4,28.8,5,130mm x65mm,GB/T5454-1997,Table3 printed +/-0.2; statisticalmeaning unspecified; methods reportfive LOItests,0.2,,,,,,209,Netzsch STA409,,800,50,Journalpreproof PDFp10 Table2 CAP3 row andfootnote;Figure3 originalcurves,,100,,,376,,,nitrogen,,"Own polyesterfabric. CA=APP-coatedcarbonmicrospheres,DOPO/PVFAfilmformer;3dipcoatings,measuredfabricWG59.67%.","Journalpreproof PDFp6 Section2.4 TG100-800C,N2,10Cmin,50mLmin;PDFp7 LOI;PDFpp5-6recipe",literature,3,TG+LOI,2026-10-01,Codex complete local primary review,10,"Table2 Tonset5%footnote defines5%weightloss; cleanT5only,notTonset. OriginalFigure3CAP2endpointordering contradictsTable2CAP2/CAP3tiedhighest27.3%; allsource-tableendpoint/peakresiduesheldoutsidecleanfields pendingquantitativeconsistencyadjudication,notdigitized. Table2 Vmax%/minnegativevalues versusFigure3DTG%/C andmagnitudeinconsistencyretained,nosign/rampconversion. Temperatures retainexplicitTable2metrics andmatchedinitialTable3LOI. OwnUntreatedlabelmatchesTG/LOIbutexactcontrolalkalipretreatmentuncertain,noinventedNaOHhistory. DPPonlyTG,noLOITable3. Washed10cycleTable5LOI21.0/25.6/27.2/27.7 notinitial21.2/27.2/28.1/28.8; no washedTG. CONE massloss/relativecharincrease22.2%notTGchar. Statisticaltypeofprinteduncertainty andTGmass/replicatesmissing. Missingfabricgsm/weave notguessed.","polyester fabric; weave,areal mass andPETgrade unspecified","polyester fabric; weave,areal mass andPETgrade unspecified","polyester fabric; weave,areal mass andPETgrade unspecified",tabulated,"Same own initial CAP3 polyesterfabric label pairs originalTable2 explicitT5/Tmax temperaturemetrics withTable3LOI andunique1/2/3diprecipe(Table1add-on). Untreatedisownidenticaluncoatedreference label inbothassays; no assumptionofcontrolNaOHhistory. N2/10Cmin methoddirectlystated; noTG-IR20mLmin substitution. Conflictedresidue/ratefields remainnative-only, noestimatedcurve numbers.",verified_exact,,journal_article,Local bibliographic registry explicit journal-article type; original publisher cover names Polymer Degradation and Stability and accepted publication status,,,source_review_approved,d60781bcf441a2ee0ddfc201f6226127d8ddcfb41db1e9090b3a8825d5f9d2fc,CAP3,27.3,-0.0083,,,,journal preproof,Journalpreproof PDFpp5-7 methods;PDFp8 Table1;PDFp10 Table2/Figure3;PDFp12 Table3;PDFp20 Table5washedLOI,38.4,,,,,https://doi.org/10.1016/j.polymdegradstab.2019.109028,"Complete27-page localjournalpreproof text,tables,captions,references reviewed; original methods/recipe/numericalpages viewed. No listedSI inmain or distinctmatchinglocalrelatedfile;externalinventorynotinspected.",,,"CAPbasefabricNaOH2g/L30min,dry80C10h;CA2gin50mLethanolsonicate40C30min;DOPO1g+PVFA2gin100mLethanolstirRT30min,mixCAandreact85C20min;eachdip1min,pull1cm/s,scrapeexcessglassrods,airdry5min;3dips,finaldry80C2h.",initial prepared fabric; no durability laundering or aging,59.67,Table1 source +/-value; averageof6samples; noSDassumed,1.1
