DOI,LOI_instrument,LOI_locator,LOI_n,LOI_n_reported,LOI_pct,LOI_specimen_preparation,LOI_standard,LOI_test_humidity_pct,LOI_test_temperature_C,LOI_uncertainty_description,LOI_uncertainty_pct,LOI_uncertainty_type,R800_pct,T10_C,T5_C,TGA_instrument,TG_end_C,TG_end_reported_C,TG_locator,TG_sample_mass_mg,TG_start_C,TG_start_reported,Tmax1_C,additive_identity,atmosphere,composition,conditions_locator,dataset_type,direct_numeric_use,evidence_method,evidence_reviewed_at,evidence_reviewed_by,existing_state_status,heating_rate_C_min,limitations,material_form,material_form_LOI,material_form_TGA,numeric_evidence_type,onset_definition,pairing_evidence,pairing_status,residue_pct,residue_temp_C,review_disposition,reviewed_measurement_fingerprint,sample_state,source_R5_pct_per_C,source_Rmax_pct_per_C,source_T2wt_pct_C,source_location,source_url,treatment_method,treatment_state,washing_state
10.3390/polym17172377,,"Main p.11 Table 3, BC row",,at least three independently prepared samples,22.3,100 x 6.5 x 3 mm aerogel specimen,GB/T 2406.2-2009,,,Source Table 3 plus/minus; at least three independent preparations; uncertainty statistic not separately identified,0.2,,,,69.83,Mettler-Toledo TGA/SDTA 851e,600,,"Main p.10 Table 2, BC column: T5%, main decomposition Tmax%, char yield",,,room temperature; no numeric TG start supplied,319,none,air,Pure BC fiber network,"Main p.3 Section 2.2 and pp.9-10 Section 3.4: air, 10 C/min, room temperature to 600 C",literature,TG+LOI,"Complete primary XML body, captions and tables and complete official six-page SI reviewed; original PDF Table 2 and Table 3 pixels and SI BC-nanofiber TEM inspected. Exact numeric facts; no graph estimation.",2026-10-01,Codex primary-source review,new_source_inventory_state,10,"Table 2 T5% is in the 25-110 C moisture stage; retain T5_C but leave Tonset_C blank. Tmax% 297-319 C is main decomposition, not the low-temperature water peak. Char assessment temperature is not explicitly assigned to Table 2 values: retain generic residue_pct; no R600 or inferred residue_temp_C. MMT loading is on wet mixture solution basis. Pure BC control crosslinking details not extended from BS recipe. Gas flow, TG mass and TG conditioning absent. MCC/cone, post-flame char chemistry and FD comparison are not additional TG-LOI states.",bacterial cellulose fiber network aerogel (BC nanofibers),bacterial cellulose fiber network aerogel (BC nanofibers),bacterial cellulose fiber network aerogel (BC nanofibers),tabulated,T5% is total five-percent mass loss at 69.83-80.17 C in the moisture-evaporation range; not decomposition Tonset,"Sections 2.3.2 and 3.1 identify BC, BS and BSM-X as initial ambient-pressure-dried BC fiber networks. Own Table 2 and own Table 3 use identical five sample labels, directly pairing their air TG and measured LOI in the same initial aerogel state. TEM in SI Figure S1 and main Figure 3 show actual BC nanofibers in network walls. Different TG aliquot and LOI specimen dimensions are assay preparation of the same state; freeze-dried structural comparator and combustion residues are not paired.",verified_exact,9.09,,source_review_approved,e12472714c9a6f706d171e87fa584cb88ef5c701e113ec952ea68b179941ae4e,BC,-1.24,-6.0,,Main pp.3-4 Sections 2.2 and 2.3.2; p.10 Table 2 and Section 3.4; p.11 Table 3; complete six-page SI Figures S1-S12 and Tables S1-S2,https://doi.org/10.3390/polym17172377,Pure BC control prepared by freeze-casting and ambient pressure drying; 62.01% shrinkage reported. Do not infer SA or GLD crosslinking for control.,initial prepared material,initial prepared material; no durability washing or aging
10.3390/polym17172377,,"Main p.11 Table 3, BS row",,at least three independently prepared samples,32.2,100 x 6.5 x 3 mm aerogel specimen,GB/T 2406.2-2009,,,Source Table 3 plus/minus; at least three independent preparations; uncertainty statistic not separately identified,0.3,,,,76.83,Mettler-Toledo TGA/SDTA 851e,600,,"Main p.10 Table 2, BS column: T5%, main decomposition Tmax%, char yield",,,room temperature; no numeric TG start supplied,301,"sodium alginate, calcium chloride, glutaraldehyde",air,BC 0.8 wt.% dispersion and SA 2 wt.% solution mixed 1:1 by volume; no MMT,"Main p.3 Section 2.2 and pp.9-10 Section 3.4: air, 10 C/min, room temperature to 600 C",literature,TG+LOI,"Complete primary XML body, captions and tables and complete official six-page SI reviewed; original PDF Table 2 and Table 3 pixels and SI BC-nanofiber TEM inspected. Exact numeric facts; no graph estimation.",2026-10-01,Codex primary-source review,new_source_inventory_state,10,"Table 2 T5% is in the 25-110 C moisture stage; retain T5_C but leave Tonset_C blank. Tmax% 297-319 C is main decomposition, not the low-temperature water peak. Char assessment temperature is not explicitly assigned to Table 2 values: retain generic residue_pct; no R600 or inferred residue_temp_C. MMT loading is on wet mixture solution basis. Pure BC control crosslinking details not extended from BS recipe. Gas flow, TG mass and TG conditioning absent. MCC/cone, post-flame char chemistry and FD comparison are not additional TG-LOI states.",bacterial cellulose fiber network aerogel (BC nanofibers),bacterial cellulose fiber network aerogel (BC nanofibers),bacterial cellulose fiber network aerogel (BC nanofibers),tabulated,T5% is total five-percent mass loss at 69.83-80.17 C in the moisture-evaporation range; not decomposition Tonset,"Sections 2.3.2 and 3.1 identify BC, BS and BSM-X as initial ambient-pressure-dried BC fiber networks. Own Table 2 and own Table 3 use identical five sample labels, directly pairing their air TG and measured LOI in the same initial aerogel state. TEM in SI Figure S1 and main Figure 3 show actual BC nanofibers in network walls. Different TG aliquot and LOI specimen dimensions are assay preparation of the same state; freeze-dried structural comparator and combustion residues are not paired.",verified_exact,32.03,,source_review_approved,975dcdc8800f09bc69bf3b4b05e169c2974a3a3dc602662c6221027abf53f695,BS,-1.8,-1.94,,Main pp.3-4 Sections 2.2 and 2.3.2; p.10 Table 2 and Section 3.4; p.11 Table 3; complete six-page SI Figures S1-S12 and Tables S1-S2,https://doi.org/10.3390/polym17172377,"Stir BC/SA 30 min; freeze -18 C 3 h; immerse in ethanol with CaCl2 0.05 mol/L and glutaraldehyde:ethanol 1:200 by volume at -18 C for 36 h; ambient-pressure oven dry 60 C 1 h. MMT exfoliated from 0.5 wt.% water suspension stirred one week, sonicated 2 h, centrifuged 3000 rpm and vacuum dried 60 C.",initial prepared material,initial prepared material; no durability washing or aging
10.3390/polym17172377,,"Main p.11 Table 3, BSM-1 row",,at least three independently prepared samples,41.9,100 x 6.5 x 3 mm aerogel specimen,GB/T 2406.2-2009,,,Source Table 3 plus/minus; at least three independent preparations; uncertainty statistic not separately identified,0.3,,,,77.5,Mettler-Toledo TGA/SDTA 851e,600,,"Main p.10 Table 2, BSM-1 column: T5%, main decomposition Tmax%, char yield",,,room temperature; no numeric TG start supplied,303,"sodium alginate, calcium chloride, glutaraldehyde and montmorillonite nanosheets",air,"BC 0.8 wt.% dispersion and SA 2 wt.% solution mixed 1:1 by volume; 1 wt.% MMT nanosheets in BC/SA mixture solution, not final dry mass fraction","Main p.3 Section 2.2 and pp.9-10 Section 3.4: air, 10 C/min, room temperature to 600 C",literature,TG+LOI,"Complete primary XML body, captions and tables and complete official six-page SI reviewed; original PDF Table 2 and Table 3 pixels and SI BC-nanofiber TEM inspected. Exact numeric facts; no graph estimation.",2026-10-01,Codex primary-source review,new_source_inventory_state,10,"Table 2 T5% is in the 25-110 C moisture stage; retain T5_C but leave Tonset_C blank. Tmax% 297-319 C is main decomposition, not the low-temperature water peak. Char assessment temperature is not explicitly assigned to Table 2 values: retain generic residue_pct; no R600 or inferred residue_temp_C. MMT loading is on wet mixture solution basis. Pure BC control crosslinking details not extended from BS recipe. Gas flow, TG mass and TG conditioning absent. MCC/cone, post-flame char chemistry and FD comparison are not additional TG-LOI states.",bacterial cellulose fiber network aerogel (BC nanofibers),bacterial cellulose fiber network aerogel (BC nanofibers),bacterial cellulose fiber network aerogel (BC nanofibers),tabulated,T5% is total five-percent mass loss at 69.83-80.17 C in the moisture-evaporation range; not decomposition Tonset,"Sections 2.3.2 and 3.1 identify BC, BS and BSM-X as initial ambient-pressure-dried BC fiber networks. Own Table 2 and own Table 3 use identical five sample labels, directly pairing their air TG and measured LOI in the same initial aerogel state. TEM in SI Figure S1 and main Figure 3 show actual BC nanofibers in network walls. Different TG aliquot and LOI specimen dimensions are assay preparation of the same state; freeze-dried structural comparator and combustion residues are not paired.",verified_exact,27.31,,source_review_approved,593961b1acd55385a26b92416330ba1c7a7d93cf6fdef57d2214923cd2ef1d59,BSM-1,-1.22,-1.08,,Main pp.3-4 Sections 2.2 and 2.3.2; p.10 Table 2 and Section 3.4; p.11 Table 3; complete six-page SI Figures S1-S12 and Tables S1-S2,https://doi.org/10.3390/polym17172377,"Stir BC/SA 30 min; freeze -18 C 3 h; immerse in ethanol with CaCl2 0.05 mol/L and glutaraldehyde:ethanol 1:200 by volume at -18 C for 36 h; ambient-pressure oven dry 60 C 1 h. MMT exfoliated from 0.5 wt.% water suspension stirred one week, sonicated 2 h, centrifuged 3000 rpm and vacuum dried 60 C.",initial prepared material,initial prepared material; no durability washing or aging
10.3390/polym17172377,,"Main p.11 Table 3, BSM-3 row",,at least three independently prepared samples,62.6,100 x 6.5 x 3 mm aerogel specimen,GB/T 2406.2-2009,,,Source Table 3 plus/minus; at least three independent preparations; uncertainty statistic not separately identified,0.3,,,,77.83,Mettler-Toledo TGA/SDTA 851e,600,,"Main p.10 Table 2, BSM-3 column: T5%, main decomposition Tmax%, char yield",,,room temperature; no numeric TG start supplied,297,"sodium alginate, calcium chloride, glutaraldehyde and montmorillonite nanosheets",air,"BC 0.8 wt.% dispersion and SA 2 wt.% solution mixed 1:1 by volume; 3 wt.% MMT nanosheets in BC/SA mixture solution, not final dry mass fraction","Main p.3 Section 2.2 and pp.9-10 Section 3.4: air, 10 C/min, room temperature to 600 C",literature,TG+LOI,"Complete primary XML body, captions and tables and complete official six-page SI reviewed; original PDF Table 2 and Table 3 pixels and SI BC-nanofiber TEM inspected. Exact numeric facts; no graph estimation.",2026-10-01,Codex primary-source review,new_source_inventory_state,10,"Table 2 T5% is in the 25-110 C moisture stage; retain T5_C but leave Tonset_C blank. Tmax% 297-319 C is main decomposition, not the low-temperature water peak. Char assessment temperature is not explicitly assigned to Table 2 values: retain generic residue_pct; no R600 or inferred residue_temp_C. MMT loading is on wet mixture solution basis. Pure BC control crosslinking details not extended from BS recipe. Gas flow, TG mass and TG conditioning absent. MCC/cone, post-flame char chemistry and FD comparison are not additional TG-LOI states.",bacterial cellulose fiber network aerogel (BC nanofibers),bacterial cellulose fiber network aerogel (BC nanofibers),bacterial cellulose fiber network aerogel (BC nanofibers),tabulated,T5% is total five-percent mass loss at 69.83-80.17 C in the moisture-evaporation range; not decomposition Tonset,"Sections 2.3.2 and 3.1 identify BC, BS and BSM-X as initial ambient-pressure-dried BC fiber networks. Own Table 2 and own Table 3 use identical five sample labels, directly pairing their air TG and measured LOI in the same initial aerogel state. TEM in SI Figure S1 and main Figure 3 show actual BC nanofibers in network walls. Different TG aliquot and LOI specimen dimensions are assay preparation of the same state; freeze-dried structural comparator and combustion residues are not paired.",verified_exact,53.2,,source_review_approved,d16e2d46933c0197700720bdde19874e4364edf45ad57c953bd6b1973f877737,BSM-3,-1.42,-0.8,,Main pp.3-4 Sections 2.2 and 2.3.2; p.10 Table 2 and Section 3.4; p.11 Table 3; complete six-page SI Figures S1-S12 and Tables S1-S2,https://doi.org/10.3390/polym17172377,"Stir BC/SA 30 min; freeze -18 C 3 h; immerse in ethanol with CaCl2 0.05 mol/L and glutaraldehyde:ethanol 1:200 by volume at -18 C for 36 h; ambient-pressure oven dry 60 C 1 h. MMT exfoliated from 0.5 wt.% water suspension stirred one week, sonicated 2 h, centrifuged 3000 rpm and vacuum dried 60 C.",initial prepared material,initial prepared material; no durability washing or aging
10.3390/polym17172377,,"Main p.11 Table 3, BSM-5 row",,at least three independently prepared samples,69.3,100 x 6.5 x 3 mm aerogel specimen,GB/T 2406.2-2009,,,Source Table 3 plus/minus; at least three independent preparations; uncertainty statistic not separately identified,0.5,,,,80.17,Mettler-Toledo TGA/SDTA 851e,600,,"Main p.10 Table 2, BSM-5 column: T5%, main decomposition Tmax%, char yield",,,room temperature; no numeric TG start supplied,298,"sodium alginate, calcium chloride, glutaraldehyde and montmorillonite nanosheets",air,"BC 0.8 wt.% dispersion and SA 2 wt.% solution mixed 1:1 by volume; 5 wt.% MMT nanosheets in BC/SA mixture solution, not final dry mass fraction","Main p.3 Section 2.2 and pp.9-10 Section 3.4: air, 10 C/min, room temperature to 600 C",literature,TG+LOI,"Complete primary XML body, captions and tables and complete official six-page SI reviewed; original PDF Table 2 and Table 3 pixels and SI BC-nanofiber TEM inspected. Exact numeric facts; no graph estimation.",2026-10-01,Codex primary-source review,new_source_inventory_state,10,"Table 2 T5% is in the 25-110 C moisture stage; retain T5_C but leave Tonset_C blank. Tmax% 297-319 C is main decomposition, not the low-temperature water peak. Char assessment temperature is not explicitly assigned to Table 2 values: retain generic residue_pct; no R600 or inferred residue_temp_C. MMT loading is on wet mixture solution basis. Pure BC control crosslinking details not extended from BS recipe. Gas flow, TG mass and TG conditioning absent. MCC/cone, post-flame char chemistry and FD comparison are not additional TG-LOI states.",bacterial cellulose fiber network aerogel (BC nanofibers),bacterial cellulose fiber network aerogel (BC nanofibers),bacterial cellulose fiber network aerogel (BC nanofibers),tabulated,T5% is total five-percent mass loss at 69.83-80.17 C in the moisture-evaporation range; not decomposition Tonset,"Sections 2.3.2 and 3.1 identify BC, BS and BSM-X as initial ambient-pressure-dried BC fiber networks. Own Table 2 and own Table 3 use identical five sample labels, directly pairing their air TG and measured LOI in the same initial aerogel state. TEM in SI Figure S1 and main Figure 3 show actual BC nanofibers in network walls. Different TG aliquot and LOI specimen dimensions are assay preparation of the same state; freeze-dried structural comparator and combustion residues are not paired.",verified_exact,59.6,,source_review_approved,92b83981f144ba6be5654fdb606b0a8f2d0de390377f666121fd8235c6b7db6f,BSM-5,-1.21,-0.79,,Main pp.3-4 Sections 2.2 and 2.3.2; p.10 Table 2 and Section 3.4; p.11 Table 3; complete six-page SI Figures S1-S12 and Tables S1-S2,https://doi.org/10.3390/polym17172377,"Stir BC/SA 30 min; freeze -18 C 3 h; immerse in ethanol with CaCl2 0.05 mol/L and glutaraldehyde:ethanol 1:200 by volume at -18 C for 36 h; ambient-pressure oven dry 60 C 1 h. MMT exfoliated from 0.5 wt.% water suspension stirred one week, sonicated 2 h, centrifuged 3000 rpm and vacuum dried 60 C.",initial prepared material,initial prepared material; no durability washing or aging
10.3390/polym12102379,Fire Testing Technology oxygen index instrument,Main p.8 Section 3.3.1: own GFRP oxygen index 53.7 +/- 0.2%,,3,53.7,"Specimen type IV, 100 x 10 x 4 mm3",EN ISO 4589-2,,,,0.2,,84,474,,TA Instruments TGA Q5000,,800/1000,"Main p.13 Table A4 thermal decomposition (nitrogen), GFRP row",40-60,20,,,,N2,"Bisphenol-F/aniline polybenzoxazine PBF-a (Araldite MT 35700); 14 fabric plies in 0-degree layup; glass twill 2/2, 390 g/m2; organosilane sizing; measured fiber volume content 53.8 vol.% (not weight percent); thickness 4.21 mm","Main p.3 Section 2.2.2: inert nitrogen or ambient atmosphere, 10 C/min, 40-60 mg; Section 3.2 explicitly char yield at 800 C",literature,TG+LOI,"Complete original primary body, captions and all eight Appendix tables reviewed in XML; original 17-page publisher PDF checked, Table A4/A5 pixels inspected. No separate SI is listed; Appendix is included in the original article.",2026-10-01,Codex primary-source review,new_source_inventory_state,10,"Source T2wt% is preserved separately, never relabelled as T5, T10 or Tonset. Table A4 is inert TG and A5 oxidative TG; both are whole laminates, not isolated resin or normalized organic fraction. Section 3.2 explicitly states char yield at 800 C. Method scan endpoint wording 800/1000 C retained without assigning a single gas endpoint. Ambient atmosphere interpreted as air using oxidative discussion and Figure 5, not inert gas. Fiber fractions are volume fractions. LOI from same initial cured laminates, not fatigue-tested specimens. No DSC/DTA, cone residue, smoke or comparative literature LOI added.",woven fabric reinforced PBF-a laminate,woven fabric reinforced PBF-a laminate,woven fabric reinforced PBF-a laminate,tabulated,,"Sections 2.1, 2.2.1 and 3.1 identify one initial cured laminate for each CFRP, GFRP and BFRP, made from woven carbon, glass or basalt fabric. Section 3.2 explicitly performs TG on whole FRPs. Their own Table A4/A5 row labels match own Section 3.3.1 exact oxygen indices. LOI method uses laminate specimens, and TG method uses 40-60 mg FRP aliquots. Nitrogen and ambient-air runs are two conditions of each same initial laminate, not six independent formulations. Neat PBF-a resin and literature comparator LOIs are excluded from textile target.",verified_exact,,800,source_review_approved,262625916ea80b4324709f8e516728b1a3094ed61aa56d789822f91f7f7b91bf,GFRP,,,328,Main pp.2-3 Sections 2.1-2.2.2; p.8 Section 3.3.1 own exact LOI; p.12 Table A1; p.13 Tables A4 and A5; p.7 Section 3.2 and Figure 5,https://doi.org/10.3390/polym12102379,"One-step vacuum infusion at 140 C after BF-a degassing 4 min at 0.5 kPa; cure ramps of 15 min to 170, 180 and 200 C with holds of 3, 2 and 4 h, respectively; cool to room temperature. No post-service fatigue, washing or aging state assigned.",initial prepared material,initial prepared material; no durability washing or aging
10.3390/polym12102379,Fire Testing Technology oxygen index instrument,Main p.8 Section 3.3.1: own GFRP oxygen index 53.7 +/- 0.2%,,3,53.7,"Specimen type IV, 100 x 10 x 4 mm3",EN ISO 4589-2,,,,0.2,,71,496,,TA Instruments TGA Q5000,,800/1000,"Main p.13 Table A5 thermal-oxidative decomposition (ambient air), GFRP row",40-60,20,,,,air,"Bisphenol-F/aniline polybenzoxazine PBF-a (Araldite MT 35700); 14 fabric plies in 0-degree layup; glass twill 2/2, 390 g/m2; organosilane sizing; measured fiber volume content 53.8 vol.% (not weight percent); thickness 4.21 mm","Main p.3 Section 2.2.2: inert nitrogen or ambient atmosphere, 10 C/min, 40-60 mg; Section 3.2 explicitly char yield at 800 C",literature,TG+LOI,"Complete original primary body, captions and all eight Appendix tables reviewed in XML; original 17-page publisher PDF checked, Table A4/A5 pixels inspected. No separate SI is listed; Appendix is included in the original article.",2026-10-01,Codex primary-source review,new_source_inventory_state,10,"Source T2wt% is preserved separately, never relabelled as T5, T10 or Tonset. Table A4 is inert TG and A5 oxidative TG; both are whole laminates, not isolated resin or normalized organic fraction. Section 3.2 explicitly states char yield at 800 C. Method scan endpoint wording 800/1000 C retained without assigning a single gas endpoint. Ambient atmosphere interpreted as air using oxidative discussion and Figure 5, not inert gas. Fiber fractions are volume fractions. LOI from same initial cured laminates, not fatigue-tested specimens. No DSC/DTA, cone residue, smoke or comparative literature LOI added.",woven fabric reinforced PBF-a laminate,woven fabric reinforced PBF-a laminate,woven fabric reinforced PBF-a laminate,tabulated,,"Sections 2.1, 2.2.1 and 3.1 identify one initial cured laminate for each CFRP, GFRP and BFRP, made from woven carbon, glass or basalt fabric. Section 3.2 explicitly performs TG on whole FRPs. Their own Table A4/A5 row labels match own Section 3.3.1 exact oxygen indices. LOI method uses laminate specimens, and TG method uses 40-60 mg FRP aliquots. Nitrogen and ambient-air runs are two conditions of each same initial laminate, not six independent formulations. Neat PBF-a resin and literature comparator LOIs are excluded from textile target.",verified_exact,,800,source_review_approved,bd365cf82f7518a9cf280dabbc373f000f1523da7ec9047e95d84067ba8168bf,GFRP,,,359,Main pp.2-3 Sections 2.1-2.2.2; p.8 Section 3.3.1 own exact LOI; p.12 Table A1; p.13 Tables A4 and A5; p.7 Section 3.2 and Figure 5,https://doi.org/10.3390/polym12102379,"One-step vacuum infusion at 140 C after BF-a degassing 4 min at 0.5 kPa; cure ramps of 15 min to 170, 180 and 200 C with holds of 3, 2 and 4 h, respectively; cool to room temperature. No post-service fatigue, washing or aging state assigned.",initial prepared material,initial prepared material; no durability washing or aging
10.3390/polym12102379,Fire Testing Technology oxygen index instrument,Main p.8 Section 3.3.1: own BFRP oxygen index 54.3 +/- 0.2%,,3,54.3,"Specimen type IV, 100 x 10 x 4 mm3",EN ISO 4589-2,,,,0.2,,84,471,,TA Instruments TGA Q5000,,800/1000,"Main p.13 Table A4 thermal decomposition (nitrogen), BFRP row",40-60,20,,,,N2,"Bisphenol-F/aniline polybenzoxazine PBF-a (Araldite MT 35700); 15 fabric plies in 0-degree layup; basalt atlas weave, 350 g/m2; organosilane sizing; measured fiber volume content 56.7 vol.% (not weight percent); thickness 3.89 mm","Main p.3 Section 2.2.2: inert nitrogen or ambient atmosphere, 10 C/min, 40-60 mg; Section 3.2 explicitly char yield at 800 C",literature,TG+LOI,"Complete original primary body, captions and all eight Appendix tables reviewed in XML; original 17-page publisher PDF checked, Table A4/A5 pixels inspected. No separate SI is listed; Appendix is included in the original article.",2026-10-01,Codex primary-source review,new_source_inventory_state,10,"Source T2wt% is preserved separately, never relabelled as T5, T10 or Tonset. Table A4 is inert TG and A5 oxidative TG; both are whole laminates, not isolated resin or normalized organic fraction. Section 3.2 explicitly states char yield at 800 C. Method scan endpoint wording 800/1000 C retained without assigning a single gas endpoint. Ambient atmosphere interpreted as air using oxidative discussion and Figure 5, not inert gas. Fiber fractions are volume fractions. LOI from same initial cured laminates, not fatigue-tested specimens. No DSC/DTA, cone residue, smoke or comparative literature LOI added.",woven fabric reinforced PBF-a laminate,woven fabric reinforced PBF-a laminate,woven fabric reinforced PBF-a laminate,tabulated,,"Sections 2.1, 2.2.1 and 3.1 identify one initial cured laminate for each CFRP, GFRP and BFRP, made from woven carbon, glass or basalt fabric. Section 3.2 explicitly performs TG on whole FRPs. Their own Table A4/A5 row labels match own Section 3.3.1 exact oxygen indices. LOI method uses laminate specimens, and TG method uses 40-60 mg FRP aliquots. Nitrogen and ambient-air runs are two conditions of each same initial laminate, not six independent formulations. Neat PBF-a resin and literature comparator LOIs are excluded from textile target.",verified_exact,,800,source_review_approved,46d7fc448c16e01af4669e175fce4829586eb7c79d4339df88060225cf02627b,BFRP,,,324,Main pp.2-3 Sections 2.1-2.2.2; p.8 Section 3.3.1 own exact LOI; p.12 Table A1; p.13 Tables A4 and A5; p.7 Section 3.2 and Figure 5,https://doi.org/10.3390/polym12102379,"One-step vacuum infusion at 140 C after BF-a degassing 4 min at 0.5 kPa; cure ramps of 15 min to 170, 180 and 200 C with holds of 3, 2 and 4 h, respectively; cool to room temperature. No post-service fatigue, washing or aging state assigned.",initial prepared material,initial prepared material; no durability washing or aging
10.3390/polym12102379,Fire Testing Technology oxygen index instrument,Main p.8 Section 3.3.1: own BFRP oxygen index 54.3 +/- 0.2%,,3,54.3,"Specimen type IV, 100 x 10 x 4 mm3",EN ISO 4589-2,,,,0.2,,70,501,,TA Instruments TGA Q5000,,800/1000,"Main p.13 Table A5 thermal-oxidative decomposition (ambient air), BFRP row",40-60,20,,,,air,"Bisphenol-F/aniline polybenzoxazine PBF-a (Araldite MT 35700); 15 fabric plies in 0-degree layup; basalt atlas weave, 350 g/m2; organosilane sizing; measured fiber volume content 56.7 vol.% (not weight percent); thickness 3.89 mm","Main p.3 Section 2.2.2: inert nitrogen or ambient atmosphere, 10 C/min, 40-60 mg; Section 3.2 explicitly char yield at 800 C",literature,TG+LOI,"Complete original primary body, captions and all eight Appendix tables reviewed in XML; original 17-page publisher PDF checked, Table A4/A5 pixels inspected. No separate SI is listed; Appendix is included in the original article.",2026-10-01,Codex primary-source review,new_source_inventory_state,10,"Source T2wt% is preserved separately, never relabelled as T5, T10 or Tonset. Table A4 is inert TG and A5 oxidative TG; both are whole laminates, not isolated resin or normalized organic fraction. Section 3.2 explicitly states char yield at 800 C. Method scan endpoint wording 800/1000 C retained without assigning a single gas endpoint. Ambient atmosphere interpreted as air using oxidative discussion and Figure 5, not inert gas. Fiber fractions are volume fractions. LOI from same initial cured laminates, not fatigue-tested specimens. No DSC/DTA, cone residue, smoke or comparative literature LOI added.",woven fabric reinforced PBF-a laminate,woven fabric reinforced PBF-a laminate,woven fabric reinforced PBF-a laminate,tabulated,,"Sections 2.1, 2.2.1 and 3.1 identify one initial cured laminate for each CFRP, GFRP and BFRP, made from woven carbon, glass or basalt fabric. Section 3.2 explicitly performs TG on whole FRPs. Their own Table A4/A5 row labels match own Section 3.3.1 exact oxygen indices. LOI method uses laminate specimens, and TG method uses 40-60 mg FRP aliquots. Nitrogen and ambient-air runs are two conditions of each same initial laminate, not six independent formulations. Neat PBF-a resin and literature comparator LOIs are excluded from textile target.",verified_exact,,800,source_review_approved,0b513a249bedfc9897774c1bef22b2820dffa5ddd01b07ebb86d7b31d08847e1,BFRP,,,355,Main pp.2-3 Sections 2.1-2.2.2; p.8 Section 3.3.1 own exact LOI; p.12 Table A1; p.13 Tables A4 and A5; p.7 Section 3.2 and Figure 5,https://doi.org/10.3390/polym12102379,"One-step vacuum infusion at 140 C after BF-a degassing 4 min at 0.5 kPa; cure ramps of 15 min to 170, 180 and 200 C with holds of 3, 2 and 4 h, respectively; cool to room temperature. No post-service fatigue, washing or aging state assigned.",initial prepared material,initial prepared material; no durability washing or aging
10.3390/polym12102379,Fire Testing Technology oxygen index instrument,Main p.8 Section 3.3.1: own CFRP oxygen index 44.0 +/- 0.3%,,2,44.0,"Specimen type IV, 100 x 10 x 4 mm3",EN ISO 4589-2,,,,0.3,,79,429,,TA Instruments TGA Q5000,,800/1000,"Main p.13 Table A4 thermal decomposition (nitrogen), CFRP row",40-60,20,,,,N2,"Bisphenol-F/aniline polybenzoxazine PBF-a (Araldite MT 35700); 20 fabric plies in 0-degree layup; carbon twill 2/2, 200 g/m2; epoxy-based sizing; measured fiber volume content 59.9 vol.% (not weight percent); thickness 4.08 mm","Main p.3 Section 2.2.2: inert nitrogen or ambient atmosphere, 10 C/min, 40-60 mg; Section 3.2 explicitly char yield at 800 C",literature,TG+LOI,"Complete original primary body, captions and all eight Appendix tables reviewed in XML; original 17-page publisher PDF checked, Table A4/A5 pixels inspected. No separate SI is listed; Appendix is included in the original article.",2026-10-01,Codex primary-source review,new_source_inventory_state,10,"Source T2wt% is preserved separately, never relabelled as T5, T10 or Tonset. Table A4 is inert TG and A5 oxidative TG; both are whole laminates, not isolated resin or normalized organic fraction. Section 3.2 explicitly states char yield at 800 C. Method scan endpoint wording 800/1000 C retained without assigning a single gas endpoint. Ambient atmosphere interpreted as air using oxidative discussion and Figure 5, not inert gas. Fiber fractions are volume fractions. LOI from same initial cured laminates, not fatigue-tested specimens. No DSC/DTA, cone residue, smoke or comparative literature LOI added.",woven fabric reinforced PBF-a laminate,woven fabric reinforced PBF-a laminate,woven fabric reinforced PBF-a laminate,tabulated,,"Sections 2.1, 2.2.1 and 3.1 identify one initial cured laminate for each CFRP, GFRP and BFRP, made from woven carbon, glass or basalt fabric. Section 3.2 explicitly performs TG on whole FRPs. Their own Table A4/A5 row labels match own Section 3.3.1 exact oxygen indices. LOI method uses laminate specimens, and TG method uses 40-60 mg FRP aliquots. Nitrogen and ambient-air runs are two conditions of each same initial laminate, not six independent formulations. Neat PBF-a resin and literature comparator LOIs are excluded from textile target.",verified_exact,,800,source_review_approved,74a0d8c46c1f41a355bdb746c330eb8bbe433b5f168574be497d731f2ca71d77,CFRP,,,283,Main pp.2-3 Sections 2.1-2.2.2; p.8 Section 3.3.1 own exact LOI; p.12 Table A1; p.13 Tables A4 and A5; p.7 Section 3.2 and Figure 5,https://doi.org/10.3390/polym12102379,"One-step vacuum infusion at 140 C after BF-a degassing 4 min at 0.5 kPa; cure ramps of 15 min to 170, 180 and 200 C with holds of 3, 2 and 4 h, respectively; cool to room temperature. No post-service fatigue, washing or aging state assigned.",initial prepared material,initial prepared material; no durability washing or aging
10.3390/polym12102379,Fire Testing Technology oxygen index instrument,Main p.8 Section 3.3.1: own CFRP oxygen index 44.0 +/- 0.3%,,2,44.0,"Specimen type IV, 100 x 10 x 4 mm3",EN ISO 4589-2,,,,0.3,,27,467,,TA Instruments TGA Q5000,,800/1000,"Main p.13 Table A5 thermal-oxidative decomposition (ambient air), CFRP row",40-60,20,,,,air,"Bisphenol-F/aniline polybenzoxazine PBF-a (Araldite MT 35700); 20 fabric plies in 0-degree layup; carbon twill 2/2, 200 g/m2; epoxy-based sizing; measured fiber volume content 59.9 vol.% (not weight percent); thickness 4.08 mm","Main p.3 Section 2.2.2: inert nitrogen or ambient atmosphere, 10 C/min, 40-60 mg; Section 3.2 explicitly char yield at 800 C",literature,TG+LOI,"Complete original primary body, captions and all eight Appendix tables reviewed in XML; original 17-page publisher PDF checked, Table A4/A5 pixels inspected. No separate SI is listed; Appendix is included in the original article.",2026-10-01,Codex primary-source review,new_source_inventory_state,10,"Source T2wt% is preserved separately, never relabelled as T5, T10 or Tonset. Table A4 is inert TG and A5 oxidative TG; both are whole laminates, not isolated resin or normalized organic fraction. Section 3.2 explicitly states char yield at 800 C. Method scan endpoint wording 800/1000 C retained without assigning a single gas endpoint. Ambient atmosphere interpreted as air using oxidative discussion and Figure 5, not inert gas. Fiber fractions are volume fractions. LOI from same initial cured laminates, not fatigue-tested specimens. No DSC/DTA, cone residue, smoke or comparative literature LOI added.",woven fabric reinforced PBF-a laminate,woven fabric reinforced PBF-a laminate,woven fabric reinforced PBF-a laminate,tabulated,,"Sections 2.1, 2.2.1 and 3.1 identify one initial cured laminate for each CFRP, GFRP and BFRP, made from woven carbon, glass or basalt fabric. Section 3.2 explicitly performs TG on whole FRPs. Their own Table A4/A5 row labels match own Section 3.3.1 exact oxygen indices. LOI method uses laminate specimens, and TG method uses 40-60 mg FRP aliquots. Nitrogen and ambient-air runs are two conditions of each same initial laminate, not six independent formulations. Neat PBF-a resin and literature comparator LOIs are excluded from textile target.",verified_exact,,800,source_review_approved,83d223e6ba0a63deb304649479960aaa9e350ce6dca39d651626dc9c9f9e4031,CFRP,,,262,Main pp.2-3 Sections 2.1-2.2.2; p.8 Section 3.3.1 own exact LOI; p.12 Table A1; p.13 Tables A4 and A5; p.7 Section 3.2 and Figure 5,https://doi.org/10.3390/polym12102379,"One-step vacuum infusion at 140 C after BF-a degassing 4 min at 0.5 kPa; cure ramps of 15 min to 170, 180 and 200 C with holds of 3, 2 and 4 h, respectively; cool to room temperature. No post-service fatigue, washing or aging state assigned.",initial prepared material,initial prepared material; no durability washing or aging
10.1007/s42765-022-00231-x,"FTT0077, Fire Testing Technology",Main exact LOI 28.39%; SI p.33 Table S2 mean/OI/LOI 28.39 and sigma 0.152709; p.34 Table S3 six repeated splines,6,,28.39,50 mm length x 10 mm width rod-shaped membrane spline; six test repeats in SI Table S3,GB/T 5454-1997,49,23.1,,0.152709,source-reported standard deviation,,,376,TA Instruments Q5000 IR,900,,Main Structure and Properties paragraph explicitly says five-percent mass loss at 376 C in air; SI p.16 Figure S12 printed T95%=376 C label corroborates remaining-weight convention,,50,,,,air,"PMIA (Nomex) fibers regenerated from 1.5 g commercial Nomex, 0.6 g LiCl, 18.5 g DMAc and 0.035 g PEO in precursor solution; residual LiCl/PEO final amounts unquantified, no inference of pure PMIA final composition",SI pp.2-3 Test S2: TG 50-900 C at 10 C/min; main independently identifies TG in air. Argon is for separate DTA and nitrogen for separate DSC.,literature,TG+LOI,"Complete original primary body and captions and complete official 36-page SI text reviewed; original SI Table S2 and Figure S12 pixels inspected. Exact prose/printed values only, no curve estimation.",2026-10-01,Codex primary-source review,new_source_inventory_state,10,"Figure S12 notation T95% means 95% weight remaining: main explicitly defines this as 5% mass loss, mapped to T5_C, never T95-loss. SI p.18 Figure S14 28.40% is a photographed burn oxygen setting, not an alternative reported LOI mean. Source-reported sigma retained without recalculation. Other PTFE/PAN/PP fibers have TG T5 values but no own matched exact LOI here. No multiple states for six repeated splines, areal-density filtration series, 200 C aging, acid immersion or post-filtration wash. Plot ends at 800 C whereas method scan says 900 C; no residue or endpoint-derived TG metrics inferred. Residual processing aids not quantified.",Nomex fiber nonwoven membrane (PMIA nanofibers),Nomex fiber nonwoven membrane (PMIA nanofibers),Nomex fiber nonwoven membrane (PMIA nanofibers),explicit_text,,"Own initial ionic solution blow-spun Nomex nanofibrous membrane has air TG five-percent loss explicitly 376 C in the main Structure and Properties section. The same initial membrane has own mean LOI 28.39 in main and SI Table S2; SI Table S3 documents six repeats. SI Test S2 gives TG-specific 10 C/min; argon DTA and nitrogen DSC are distinct assays. Aging, acid exposure, different areal-density filtration samples and recycled membranes lack own matched TG/LOI, and are not cross-paired.",verified_exact,,,source_review_approved,06b06362b3c791cc2dba4c545b8a3b3f7d81fb41160361ccf057806bd9c3d600,Nomex ionic solution blow-spun nanofibrous membrane,,,,"Main Experimental: Preparation of Nomex Nanofibrous Membranes; Results: Structure and Properties of Nomex Nanofibrous Membranes; Figure 3h; complete SI pp.2-3 Test S2, p.16 Figure S12 and pp.33-34 Tables S2-S3",https://doi.org/10.1007/s42765-022-00231-x,"Dissolve Nomex/LiCl/DMAc at 90 C for 2.3 h, add PEO and stir 0.2 h; ionic solution blow-spin using 0.2 mm needle, 1.5 mL/h, 80 kPa compressed air, 30 cm nozzle-collector distance and 200 rpm roller reciprocating at 1 cm/s; heated platform and infrared lamp assistance; dry collected membrane at 60 C for 1 h.",initial prepared material,initial prepared material; no durability washing or aging
