DOI,LOI_instrument,LOI_locator,LOI_pct,LOI_standard,R800_pct,T5_C,TGA_instrument,TG_end_C,TG_locator,TG_start_C,Tmax1_C,Tmax2_C,atmosphere,composition,conditions_locator,dataset_type,direct_numeric_use,evidence_reviewed_at,evidence_reviewed_by,heating_rate_C_min,journal,limitations,material_category,material_form,material_form_LOI,material_form_TGA,native_sample_label,numeric_evidence_type,pairing_evidence,pairing_status,publication_type,publication_type_evidence,residue_pct,residue_temp_C,review_disposition,reviewed_measurement_fingerprint,sample_state,source_LOI_replicates,source_LOI_specimen_size_mm,source_LOI_uncertainty_pct,source_PDMS_g_mL,source_R800_Table2_pct,source_R800_prose_p8_pct,source_T75_C,source_TG_flow,source_TG_mass_mg,source_TG_replicates,source_Table1_APOSS_mol_L,source_Table1_PA_mol_L,source_TiO2_g_mL,source_combined_bath_concentration_resolved,source_document_version,source_location,source_measured_weight_gain_pct_owf,source_preparation,source_recipe_methods,source_residue_conflict,source_title,source_url,source_wash_protocol,supplement_review_status,treatment_method,treatment_state,washing_state,year
10.1016/j.cej.2020.125661,"HC-2,Nanjing,China",Main Table3 PDFp11/printed11;LOImethodsPDFp4,18,GB/T5454-1997,1.8,258.7,"Q5000,TA Instruments,USA",800,Main Table2PDFp11/printed11;Fig8PDFp10;methodsPDFp4,30,346.6,463.9,air,Pristine cotton,Main methods2.3-2.7 PDFpp2-4;Table1PDFp5;TGTable2PDFp11;Fig8PDFp10,literature,TG+LOI,2026-10-01,Codex complete15originalnativepages/tables/figures/methods;oneprimaryreviewer,20,Chemical Engineering Journal,"All15native originalpages checked byoneprimaryreviewer;SIreferenced butnotretrieved:publisherHTTP403. Sixinitialsource-labelledfabricformulationsmap mainTables1/2/3;two gasconditions do notaddsample states. LOI HC-2GB/T5454-1997 size58x150mm;TG Q500020C/min30-800C. TGmass/flow/repeats andLOIrepeats/uncertaintiesunreported;VFT5repeats/cone35kWm2 are separateassays. T5is5%loss,notTonset/T10;Tmax1 celluloseprimarydecomposition andairTmax2charoxidation,notwaterloss;T75kepttypedsourcefield,notT80. Table2N2C3-PDMS-TiO2R80033.6conflictswithPDFp8prose33.7;canonicalresidue/R800blank for thiscondition;uncontestedT5/Tmax1retained. Table1A-POSS/PA molL.067/.134/.201 andmethod1/2/3mmol in30mLcombinedsolution have unresolved concentrationbasis;retainbothrawreports,finalcombinedbathconcentrationblank. Source-labels andbothTG/LOITableformulationsunambiguous. Totaldryweightgain is finishadd-on,notcomponentfractions. Prep40x40cm versuswashing>350x500mm size reports retainedwithoutcorrection. MissingSI does notauthorizewashedTG transfer;Cotton-PDMS-TiO2LOIonly andtwo5washLOIonly held. Initial source/sample states do notproveindependentphysicalreplicates.",cotton,Plain-woven cotton fabric;220g/m2;Shaoxing Manheng Textile,Plain-woven cotton fabric;220g/m2;Shaoxing Manheng Textile,Plain-woven cotton fabric;220g/m2;Shaoxing Manheng Textile,Pristine cotton,tabulated,"Same Table1 owninitial220g/m2plainwovencotton formulations inTGTable2air/N2 andLOITable3;no durabilitywashing/abrasion/fibers/cone/neatAPOSStransfer. Concentrationbasisunresolvedrawmetadata,notassaymappingambiguity.",verified_exact,journal_article,Native DOI/title/authors and journalissueidentity match;oneprimaryreviewer,1.8,800,source_review_approved,1be5bc157c101816816428fc8690eb47fa1e78f5cb944d08e191385c98369c20,Pristine cotton,,58x150,,0,,,374.4,Unreported,,,0,0,0,,Published original;Chemical Engineering Journal398(2020)125661;15PDFpages,Main Tables2/3PDFp11/printed11;methodsPDFpp2-4;Table1PDFp5,,0.5-1M NaOH95C3h agitation;detergent/DIwater rinses;dry40-50C3h;cut40x40cm. This pretreated fabric is the source pristine/control state.,Own pretreated control;no A-POSS/PA/PDMS/TiO2 coating,,Construction of durable flame-retardant and robust superhydrophobic coatings on cotton fabrics for water-oil separation application,https://doi.org/10.1016/j.cej.2020.125661,,Local exact-DOI inventory contains one PDF;main references SI FigsS1-S12/videos. DOI resolves to publisher;ScienceDirect HTTP403 prevents SI retrieval;SI not reviewed. All accepted metrics explicit in main Tables2/3;washed/no-own-TG facts held.,0.5-1M NaOH95C3h agitation;detergent/DIwater rinses;dry40-50C3h;cut40x40cm. This pretreated fabric is the source pristine/control state.,Initial prepared state,Initial prepared state;no durability washing,2020
10.1016/j.cej.2020.125661,"HC-2,Nanjing,China",Main Table3 PDFp11/printed11;LOImethodsPDFp4,18,GB/T5454-1997,12.7,263,"Q5000,TA Instruments,USA",800,Main Table2PDFp11/printed11;Fig8PDFp10;methodsPDFp4,30,365.7,,N2,Pristine cotton,Main methods2.3-2.7 PDFpp2-4;Table1PDFp5;TGTable2PDFp11;Fig8PDFp10,literature,TG+LOI,2026-10-01,Codex complete15originalnativepages/tables/figures/methods;oneprimaryreviewer,20,Chemical Engineering Journal,"All15native originalpages checked byoneprimaryreviewer;SIreferenced butnotretrieved:publisherHTTP403. Sixinitialsource-labelledfabricformulationsmap mainTables1/2/3;two gasconditions do notaddsample states. LOI HC-2GB/T5454-1997 size58x150mm;TG Q500020C/min30-800C. TGmass/flow/repeats andLOIrepeats/uncertaintiesunreported;VFT5repeats/cone35kWm2 are separateassays. T5is5%loss,notTonset/T10;Tmax1 celluloseprimarydecomposition andairTmax2charoxidation,notwaterloss;T75kepttypedsourcefield,notT80. Table2N2C3-PDMS-TiO2R80033.6conflictswithPDFp8prose33.7;canonicalresidue/R800blank for thiscondition;uncontestedT5/Tmax1retained. Table1A-POSS/PA molL.067/.134/.201 andmethod1/2/3mmol in30mLcombinedsolution have unresolved concentrationbasis;retainbothrawreports,finalcombinedbathconcentrationblank. Source-labels andbothTG/LOITableformulationsunambiguous. Totaldryweightgain is finishadd-on,notcomponentfractions. Prep40x40cm versuswashing>350x500mm size reports retainedwithoutcorrection. MissingSI does notauthorizewashedTG transfer;Cotton-PDMS-TiO2LOIonly andtwo5washLOIonly held. Initial source/sample states do notproveindependentphysicalreplicates.",cotton,Plain-woven cotton fabric;220g/m2;Shaoxing Manheng Textile,Plain-woven cotton fabric;220g/m2;Shaoxing Manheng Textile,Plain-woven cotton fabric;220g/m2;Shaoxing Manheng Textile,Pristine cotton,tabulated,"Same Table1 owninitial220g/m2plainwovencotton formulations inTGTable2air/N2 andLOITable3;no durabilitywashing/abrasion/fibers/cone/neatAPOSStransfer. Concentrationbasisunresolvedrawmetadata,notassaymappingambiguity.",verified_exact,journal_article,Native DOI/title/authors and journalissueidentity match;oneprimaryreviewer,12.7,800,source_review_approved,325ec64ba2b85cf155f306a67fa3904129f3f2817a2dbb8f2b7bb352084f9045,Pristine cotton,,58x150,,0,,,381.7,Unreported,,,0,0,0,,Published original;Chemical Engineering Journal398(2020)125661;15PDFpages,Main Tables2/3PDFp11/printed11;methodsPDFpp2-4;Table1PDFp5,,0.5-1M NaOH95C3h agitation;detergent/DIwater rinses;dry40-50C3h;cut40x40cm. This pretreated fabric is the source pristine/control state.,Own pretreated control;no A-POSS/PA/PDMS/TiO2 coating,,Construction of durable flame-retardant and robust superhydrophobic coatings on cotton fabrics for water-oil separation application,https://doi.org/10.1016/j.cej.2020.125661,,Local exact-DOI inventory contains one PDF;main references SI FigsS1-S12/videos. DOI resolves to publisher;ScienceDirect HTTP403 prevents SI retrieval;SI not reviewed. All accepted metrics explicit in main Tables2/3;washed/no-own-TG facts held.,0.5-1M NaOH95C3h agitation;detergent/DIwater rinses;dry40-50C3h;cut40x40cm. This pretreated fabric is the source pristine/control state.,Initial prepared state,Initial prepared state;no durability washing,2020
10.1016/j.cej.2020.125661,"HC-2,Nanjing,China",Main Table3 PDFp11/printed11;LOImethodsPDFp4,21,GB/T5454-1997,5.9,247.3,"Q5000,TA Instruments,USA",800,Main Table2PDFp11/printed11;Fig8PDFp10;methodsPDFp4,30,314.5,513.9,air,C1,Main methods2.3-2.7 PDFpp2-4;Table1PDFp5;TGTable2PDFp11;Fig8PDFp10,literature,TG+LOI,2026-10-01,Codex complete15originalnativepages/tables/figures/methods;oneprimaryreviewer,20,Chemical Engineering Journal,"All15native originalpages checked byoneprimaryreviewer;SIreferenced butnotretrieved:publisherHTTP403. Sixinitialsource-labelledfabricformulationsmap mainTables1/2/3;two gasconditions do notaddsample states. LOI HC-2GB/T5454-1997 size58x150mm;TG Q500020C/min30-800C. TGmass/flow/repeats andLOIrepeats/uncertaintiesunreported;VFT5repeats/cone35kWm2 are separateassays. T5is5%loss,notTonset/T10;Tmax1 celluloseprimarydecomposition andairTmax2charoxidation,notwaterloss;T75kepttypedsourcefield,notT80. Table2N2C3-PDMS-TiO2R80033.6conflictswithPDFp8prose33.7;canonicalresidue/R800blank for thiscondition;uncontestedT5/Tmax1retained. Table1A-POSS/PA molL.067/.134/.201 andmethod1/2/3mmol in30mLcombinedsolution have unresolved concentrationbasis;retainbothrawreports,finalcombinedbathconcentrationblank. Source-labels andbothTG/LOITableformulationsunambiguous. Totaldryweightgain is finishadd-on,notcomponentfractions. Prep40x40cm versuswashing>350x500mm size reports retainedwithoutcorrection. MissingSI does notauthorizewashedTG transfer;Cotton-PDMS-TiO2LOIonly andtwo5washLOIonly held. Initial source/sample states do notproveindependentphysicalreplicates.",cotton,Plain-woven cotton fabric;220g/m2;Shaoxing Manheng Textile,Plain-woven cotton fabric;220g/m2;Shaoxing Manheng Textile,Plain-woven cotton fabric;220g/m2;Shaoxing Manheng Textile,C1,tabulated,"Same Table1 owninitial220g/m2plainwovencotton formulations inTGTable2air/N2 andLOITable3;no durabilitywashing/abrasion/fibers/cone/neatAPOSStransfer. Concentrationbasisunresolvedrawmetadata,notassaymappingambiguity.",verified_exact,journal_article,Native DOI/title/authors and journalissueidentity match;oneprimaryreviewer,5.9,800,source_review_approved,45c75f8751fd83d28cc7747048314906d704bc90d2b1729ffd133b9ba955f72a,C1,,58x150,,0,,,484.1,Unreported,,,0.067,0.067,0,,Published original;Chemical Engineering Journal398(2020)125661;15PDFpages,Main Tables2/3PDFp11/printed11;methodsPDFpp2-4;Table1PDFp5,5,0.5-1M NaOH95C3h agitation;detergent/DIwater rinses;dry40-50C3h;cut40x40cm. This pretreated fabric is the source pristine/control state.,A-POSS1mmol+PA1mmol;each dissolved15mL DIwater then combined,,Construction of durable flame-retardant and robust superhydrophobic coatings on cotton fabrics for water-oil separation application,https://doi.org/10.1016/j.cej.2020.125661,,Local exact-DOI inventory contains one PDF;main references SI FigsS1-S12/videos. DOI resolves to publisher;ScienceDirect HTTP403 prevents SI retrieval;SI not reviewed. All accepted metrics explicit in main Tables2/3;washed/no-own-TG facts held.,Spray15-25cm;A-POSS/PAfinish50C5h,Initial prepared state,Initial prepared state;no durability washing,2020
10.1016/j.cej.2020.125661,"HC-2,Nanjing,China",Main Table3 PDFp11/printed11;LOImethodsPDFp4,21,GB/T5454-1997,23.2,246.6,"Q5000,TA Instruments,USA",800,Main Table2PDFp11/printed11;Fig8PDFp10;methodsPDFp4,30,324.6,,N2,C1,Main methods2.3-2.7 PDFpp2-4;Table1PDFp5;TGTable2PDFp11;Fig8PDFp10,literature,TG+LOI,2026-10-01,Codex complete15originalnativepages/tables/figures/methods;oneprimaryreviewer,20,Chemical Engineering Journal,"All15native originalpages checked byoneprimaryreviewer;SIreferenced butnotretrieved:publisherHTTP403. Sixinitialsource-labelledfabricformulationsmap mainTables1/2/3;two gasconditions do notaddsample states. LOI HC-2GB/T5454-1997 size58x150mm;TG Q500020C/min30-800C. TGmass/flow/repeats andLOIrepeats/uncertaintiesunreported;VFT5repeats/cone35kWm2 are separateassays. T5is5%loss,notTonset/T10;Tmax1 celluloseprimarydecomposition andairTmax2charoxidation,notwaterloss;T75kepttypedsourcefield,notT80. Table2N2C3-PDMS-TiO2R80033.6conflictswithPDFp8prose33.7;canonicalresidue/R800blank for thiscondition;uncontestedT5/Tmax1retained. Table1A-POSS/PA molL.067/.134/.201 andmethod1/2/3mmol in30mLcombinedsolution have unresolved concentrationbasis;retainbothrawreports,finalcombinedbathconcentrationblank. Source-labels andbothTG/LOITableformulationsunambiguous. Totaldryweightgain is finishadd-on,notcomponentfractions. Prep40x40cm versuswashing>350x500mm size reports retainedwithoutcorrection. MissingSI does notauthorizewashedTG transfer;Cotton-PDMS-TiO2LOIonly andtwo5washLOIonly held. Initial source/sample states do notproveindependentphysicalreplicates.",cotton,Plain-woven cotton fabric;220g/m2;Shaoxing Manheng Textile,Plain-woven cotton fabric;220g/m2;Shaoxing Manheng Textile,Plain-woven cotton fabric;220g/m2;Shaoxing Manheng Textile,C1,tabulated,"Same Table1 owninitial220g/m2plainwovencotton formulations inTGTable2air/N2 andLOITable3;no durabilitywashing/abrasion/fibers/cone/neatAPOSStransfer. Concentrationbasisunresolvedrawmetadata,notassaymappingambiguity.",verified_exact,journal_article,Native DOI/title/authors and journalissueidentity match;oneprimaryreviewer,23.2,800,source_review_approved,9191b41bdc455bc48bf5a2ceb4efb0297f16594312589c3225a22f30094a17c7,C1,,58x150,,0,,,632.6,Unreported,,,0.067,0.067,0,,Published original;Chemical Engineering Journal398(2020)125661;15PDFpages,Main Tables2/3PDFp11/printed11;methodsPDFpp2-4;Table1PDFp5,5,0.5-1M NaOH95C3h agitation;detergent/DIwater rinses;dry40-50C3h;cut40x40cm. This pretreated fabric is the source pristine/control state.,A-POSS1mmol+PA1mmol;each dissolved15mL DIwater then combined,,Construction of durable flame-retardant and robust superhydrophobic coatings on cotton fabrics for water-oil separation application,https://doi.org/10.1016/j.cej.2020.125661,,Local exact-DOI inventory contains one PDF;main references SI FigsS1-S12/videos. DOI resolves to publisher;ScienceDirect HTTP403 prevents SI retrieval;SI not reviewed. All accepted metrics explicit in main Tables2/3;washed/no-own-TG facts held.,Spray15-25cm;A-POSS/PAfinish50C5h,Initial prepared state,Initial prepared state;no durability washing,2020
10.1016/j.cej.2020.125661,"HC-2,Nanjing,China",Main Table3 PDFp11/printed11;LOImethodsPDFp4,24.5,GB/T5454-1997,10,232.9,"Q5000,TA Instruments,USA",800,Main Table2PDFp11/printed11;Fig8PDFp10;methodsPDFp4,30,303.3,518.8,air,C2,Main methods2.3-2.7 PDFpp2-4;Table1PDFp5;TGTable2PDFp11;Fig8PDFp10,literature,TG+LOI,2026-10-01,Codex complete15originalnativepages/tables/figures/methods;oneprimaryreviewer,20,Chemical Engineering Journal,"All15native originalpages checked byoneprimaryreviewer;SIreferenced butnotretrieved:publisherHTTP403. Sixinitialsource-labelledfabricformulationsmap mainTables1/2/3;two gasconditions do notaddsample states. LOI HC-2GB/T5454-1997 size58x150mm;TG Q500020C/min30-800C. TGmass/flow/repeats andLOIrepeats/uncertaintiesunreported;VFT5repeats/cone35kWm2 are separateassays. T5is5%loss,notTonset/T10;Tmax1 celluloseprimarydecomposition andairTmax2charoxidation,notwaterloss;T75kepttypedsourcefield,notT80. Table2N2C3-PDMS-TiO2R80033.6conflictswithPDFp8prose33.7;canonicalresidue/R800blank for thiscondition;uncontestedT5/Tmax1retained. Table1A-POSS/PA molL.067/.134/.201 andmethod1/2/3mmol in30mLcombinedsolution have unresolved concentrationbasis;retainbothrawreports,finalcombinedbathconcentrationblank. Source-labels andbothTG/LOITableformulationsunambiguous. Totaldryweightgain is finishadd-on,notcomponentfractions. Prep40x40cm versuswashing>350x500mm size reports retainedwithoutcorrection. MissingSI does notauthorizewashedTG transfer;Cotton-PDMS-TiO2LOIonly andtwo5washLOIonly held. Initial source/sample states do notproveindependentphysicalreplicates.",cotton,Plain-woven cotton fabric;220g/m2;Shaoxing Manheng Textile,Plain-woven cotton fabric;220g/m2;Shaoxing Manheng Textile,Plain-woven cotton fabric;220g/m2;Shaoxing Manheng Textile,C2,tabulated,"Same Table1 owninitial220g/m2plainwovencotton formulations inTGTable2air/N2 andLOITable3;no durabilitywashing/abrasion/fibers/cone/neatAPOSStransfer. Concentrationbasisunresolvedrawmetadata,notassaymappingambiguity.",verified_exact,journal_article,Native DOI/title/authors and journalissueidentity match;oneprimaryreviewer,10,800,source_review_approved,82e50dec1b79d969049fade8f32dbd1c1b50ad79bfd496ec1c5600976a0c27c0,C2,,58x150,,0,,,524.0,Unreported,,,0.134,0.134,0,,Published original;Chemical Engineering Journal398(2020)125661;15PDFpages,Main Tables2/3PDFp11/printed11;methodsPDFpp2-4;Table1PDFp5,7.6,0.5-1M NaOH95C3h agitation;detergent/DIwater rinses;dry40-50C3h;cut40x40cm. This pretreated fabric is the source pristine/control state.,A-POSS2mmol+PA2mmol;30mL solution,,Construction of durable flame-retardant and robust superhydrophobic coatings on cotton fabrics for water-oil separation application,https://doi.org/10.1016/j.cej.2020.125661,,Local exact-DOI inventory contains one PDF;main references SI FigsS1-S12/videos. DOI resolves to publisher;ScienceDirect HTTP403 prevents SI retrieval;SI not reviewed. All accepted metrics explicit in main Tables2/3;washed/no-own-TG facts held.,Spray15-25cm;A-POSS/PAfinish50C5h,Initial prepared state,Initial prepared state;no durability washing,2020
10.1016/j.cej.2020.125661,"HC-2,Nanjing,China",Main Table3 PDFp11/printed11;LOImethodsPDFp4,24.5,GB/T5454-1997,30.5,234.1,"Q5000,TA Instruments,USA",800,Main Table2PDFp11/printed11;Fig8PDFp10;methodsPDFp4,30,309.5,,N2,C2,Main methods2.3-2.7 PDFpp2-4;Table1PDFp5;TGTable2PDFp11;Fig8PDFp10,literature,TG+LOI,2026-10-01,Codex complete15originalnativepages/tables/figures/methods;oneprimaryreviewer,20,Chemical Engineering Journal,"All15native originalpages checked byoneprimaryreviewer;SIreferenced butnotretrieved:publisherHTTP403. Sixinitialsource-labelledfabricformulationsmap mainTables1/2/3;two gasconditions do notaddsample states. LOI HC-2GB/T5454-1997 size58x150mm;TG Q500020C/min30-800C. TGmass/flow/repeats andLOIrepeats/uncertaintiesunreported;VFT5repeats/cone35kWm2 are separateassays. T5is5%loss,notTonset/T10;Tmax1 celluloseprimarydecomposition andairTmax2charoxidation,notwaterloss;T75kepttypedsourcefield,notT80. Table2N2C3-PDMS-TiO2R80033.6conflictswithPDFp8prose33.7;canonicalresidue/R800blank for thiscondition;uncontestedT5/Tmax1retained. Table1A-POSS/PA molL.067/.134/.201 andmethod1/2/3mmol in30mLcombinedsolution have unresolved concentrationbasis;retainbothrawreports,finalcombinedbathconcentrationblank. Source-labels andbothTG/LOITableformulationsunambiguous. Totaldryweightgain is finishadd-on,notcomponentfractions. Prep40x40cm versuswashing>350x500mm size reports retainedwithoutcorrection. MissingSI does notauthorizewashedTG transfer;Cotton-PDMS-TiO2LOIonly andtwo5washLOIonly held. Initial source/sample states do notproveindependentphysicalreplicates.",cotton,Plain-woven cotton fabric;220g/m2;Shaoxing Manheng Textile,Plain-woven cotton fabric;220g/m2;Shaoxing Manheng Textile,Plain-woven cotton fabric;220g/m2;Shaoxing Manheng Textile,C2,tabulated,"Same Table1 owninitial220g/m2plainwovencotton formulations inTGTable2air/N2 andLOITable3;no durabilitywashing/abrasion/fibers/cone/neatAPOSStransfer. Concentrationbasisunresolvedrawmetadata,notassaymappingambiguity.",verified_exact,journal_article,Native DOI/title/authors and journalissueidentity match;oneprimaryreviewer,30.5,800,source_review_approved,10e373b3d05c3df837a38d9af985d04cc7f43aefedb5652244dc7bf96ef8d594,C2,,58x150,,0,,,,Unreported,,,0.134,0.134,0,,Published original;Chemical Engineering Journal398(2020)125661;15PDFpages,Main Tables2/3PDFp11/printed11;methodsPDFpp2-4;Table1PDFp5,7.6,0.5-1M NaOH95C3h agitation;detergent/DIwater rinses;dry40-50C3h;cut40x40cm. This pretreated fabric is the source pristine/control state.,A-POSS2mmol+PA2mmol;30mL solution,,Construction of durable flame-retardant and robust superhydrophobic coatings on cotton fabrics for water-oil separation application,https://doi.org/10.1016/j.cej.2020.125661,,Local exact-DOI inventory contains one PDF;main references SI FigsS1-S12/videos. DOI resolves to publisher;ScienceDirect HTTP403 prevents SI retrieval;SI not reviewed. All accepted metrics explicit in main Tables2/3;washed/no-own-TG facts held.,Spray15-25cm;A-POSS/PAfinish50C5h,Initial prepared state,Initial prepared state;no durability washing,2020
10.1016/j.cej.2020.125661,"HC-2,Nanjing,China",Main Table3 PDFp11/printed11;LOImethodsPDFp4,28,GB/T5454-1997,11.1,188.7,"Q5000,TA Instruments,USA",800,Main Table2PDFp11/printed11;Fig8PDFp10;methodsPDFp4,30,289.7,501.4,air,C3,Main methods2.3-2.7 PDFpp2-4;Table1PDFp5;TGTable2PDFp11;Fig8PDFp10,literature,TG+LOI,2026-10-01,Codex complete15originalnativepages/tables/figures/methods;oneprimaryreviewer,20,Chemical Engineering Journal,"All15native originalpages checked byoneprimaryreviewer;SIreferenced butnotretrieved:publisherHTTP403. Sixinitialsource-labelledfabricformulationsmap mainTables1/2/3;two gasconditions do notaddsample states. LOI HC-2GB/T5454-1997 size58x150mm;TG Q500020C/min30-800C. TGmass/flow/repeats andLOIrepeats/uncertaintiesunreported;VFT5repeats/cone35kWm2 are separateassays. T5is5%loss,notTonset/T10;Tmax1 celluloseprimarydecomposition andairTmax2charoxidation,notwaterloss;T75kepttypedsourcefield,notT80. Table2N2C3-PDMS-TiO2R80033.6conflictswithPDFp8prose33.7;canonicalresidue/R800blank for thiscondition;uncontestedT5/Tmax1retained. Table1A-POSS/PA molL.067/.134/.201 andmethod1/2/3mmol in30mLcombinedsolution have unresolved concentrationbasis;retainbothrawreports,finalcombinedbathconcentrationblank. Source-labels andbothTG/LOITableformulationsunambiguous. Totaldryweightgain is finishadd-on,notcomponentfractions. Prep40x40cm versuswashing>350x500mm size reports retainedwithoutcorrection. MissingSI does notauthorizewashedTG transfer;Cotton-PDMS-TiO2LOIonly andtwo5washLOIonly held. Initial source/sample states do notproveindependentphysicalreplicates.",cotton,Plain-woven cotton fabric;220g/m2;Shaoxing Manheng Textile,Plain-woven cotton fabric;220g/m2;Shaoxing Manheng Textile,Plain-woven cotton fabric;220g/m2;Shaoxing Manheng Textile,C3,tabulated,"Same Table1 owninitial220g/m2plainwovencotton formulations inTGTable2air/N2 andLOITable3;no durabilitywashing/abrasion/fibers/cone/neatAPOSStransfer. Concentrationbasisunresolvedrawmetadata,notassaymappingambiguity.",verified_exact,journal_article,Native DOI/title/authors and journalissueidentity match;oneprimaryreviewer,11.1,800,source_review_approved,d3701a9fae65c28c7fa75b40c9e078f0cb7a1d72125c41ef11fd1cf39e54051b,C3,,58x150,,0,,,495.2,Unreported,,,0.201,0.201,0,,Published original;Chemical Engineering Journal398(2020)125661;15PDFpages,Main Tables2/3PDFp11/printed11;methodsPDFpp2-4;Table1PDFp5,10.6,0.5-1M NaOH95C3h agitation;detergent/DIwater rinses;dry40-50C3h;cut40x40cm. This pretreated fabric is the source pristine/control state.,A-POSS3mmol+PA3mmol;30mL solution,,Construction of durable flame-retardant and robust superhydrophobic coatings on cotton fabrics for water-oil separation application,https://doi.org/10.1016/j.cej.2020.125661,,Local exact-DOI inventory contains one PDF;main references SI FigsS1-S12/videos. DOI resolves to publisher;ScienceDirect HTTP403 prevents SI retrieval;SI not reviewed. All accepted metrics explicit in main Tables2/3;washed/no-own-TG facts held.,Spray15-25cm;A-POSS/PAfinish50C5h,Initial prepared state,Initial prepared state;no durability washing,2020
10.1016/j.cej.2020.125661,"HC-2,Nanjing,China",Main Table3 PDFp11/printed11;LOImethodsPDFp4,28,GB/T5454-1997,31.6,205.8,"Q5000,TA Instruments,USA",800,Main Table2PDFp11/printed11;Fig8PDFp10;methodsPDFp4,30,302,,N2,C3,Main methods2.3-2.7 PDFpp2-4;Table1PDFp5;TGTable2PDFp11;Fig8PDFp10,literature,TG+LOI,2026-10-01,Codex complete15originalnativepages/tables/figures/methods;oneprimaryreviewer,20,Chemical Engineering Journal,"All15native originalpages checked byoneprimaryreviewer;SIreferenced butnotretrieved:publisherHTTP403. Sixinitialsource-labelledfabricformulationsmap mainTables1/2/3;two gasconditions do notaddsample states. LOI HC-2GB/T5454-1997 size58x150mm;TG Q500020C/min30-800C. TGmass/flow/repeats andLOIrepeats/uncertaintiesunreported;VFT5repeats/cone35kWm2 are separateassays. T5is5%loss,notTonset/T10;Tmax1 celluloseprimarydecomposition andairTmax2charoxidation,notwaterloss;T75kepttypedsourcefield,notT80. Table2N2C3-PDMS-TiO2R80033.6conflictswithPDFp8prose33.7;canonicalresidue/R800blank for thiscondition;uncontestedT5/Tmax1retained. Table1A-POSS/PA molL.067/.134/.201 andmethod1/2/3mmol in30mLcombinedsolution have unresolved concentrationbasis;retainbothrawreports,finalcombinedbathconcentrationblank. Source-labels andbothTG/LOITableformulationsunambiguous. Totaldryweightgain is finishadd-on,notcomponentfractions. Prep40x40cm versuswashing>350x500mm size reports retainedwithoutcorrection. MissingSI does notauthorizewashedTG transfer;Cotton-PDMS-TiO2LOIonly andtwo5washLOIonly held. Initial source/sample states do notproveindependentphysicalreplicates.",cotton,Plain-woven cotton fabric;220g/m2;Shaoxing Manheng Textile,Plain-woven cotton fabric;220g/m2;Shaoxing Manheng Textile,Plain-woven cotton fabric;220g/m2;Shaoxing Manheng Textile,C3,tabulated,"Same Table1 owninitial220g/m2plainwovencotton formulations inTGTable2air/N2 andLOITable3;no durabilitywashing/abrasion/fibers/cone/neatAPOSStransfer. Concentrationbasisunresolvedrawmetadata,notassaymappingambiguity.",verified_exact,journal_article,Native DOI/title/authors and journalissueidentity match;oneprimaryreviewer,31.6,800,source_review_approved,7d06f9cf00de6c0f6624d89259bbcf445fed4ee31acc344370a96a670455cb83,C3,,58x150,,0,,,,Unreported,,,0.201,0.201,0,,Published original;Chemical Engineering Journal398(2020)125661;15PDFpages,Main Tables2/3PDFp11/printed11;methodsPDFpp2-4;Table1PDFp5,10.6,0.5-1M NaOH95C3h agitation;detergent/DIwater rinses;dry40-50C3h;cut40x40cm. This pretreated fabric is the source pristine/control state.,A-POSS3mmol+PA3mmol;30mL solution,,Construction of durable flame-retardant and robust superhydrophobic coatings on cotton fabrics for water-oil separation application,https://doi.org/10.1016/j.cej.2020.125661,,Local exact-DOI inventory contains one PDF;main references SI FigsS1-S12/videos. DOI resolves to publisher;ScienceDirect HTTP403 prevents SI retrieval;SI not reviewed. All accepted metrics explicit in main Tables2/3;washed/no-own-TG facts held.,Spray15-25cm;A-POSS/PAfinish50C5h,Initial prepared state,Initial prepared state;no durability washing,2020
10.1016/j.cej.2020.125661,"HC-2,Nanjing,China",Main Table3 PDFp11/printed11;LOImethodsPDFp4,28,GB/T5454-1997,12.4,214.5,"Q5000,TA Instruments,USA",800,Main Table2PDFp11/printed11;Fig8PDFp10;methodsPDFp4,30,282.1,502.3,air,C3-PDMS,Main methods2.3-2.7 PDFpp2-4;Table1PDFp5;TGTable2PDFp11;Fig8PDFp10,literature,TG+LOI,2026-10-01,Codex complete15originalnativepages/tables/figures/methods;oneprimaryreviewer,20,Chemical Engineering Journal,"All15native originalpages checked byoneprimaryreviewer;SIreferenced butnotretrieved:publisherHTTP403. Sixinitialsource-labelledfabricformulationsmap mainTables1/2/3;two gasconditions do notaddsample states. LOI HC-2GB/T5454-1997 size58x150mm;TG Q500020C/min30-800C. TGmass/flow/repeats andLOIrepeats/uncertaintiesunreported;VFT5repeats/cone35kWm2 are separateassays. T5is5%loss,notTonset/T10;Tmax1 celluloseprimarydecomposition andairTmax2charoxidation,notwaterloss;T75kepttypedsourcefield,notT80. Table2N2C3-PDMS-TiO2R80033.6conflictswithPDFp8prose33.7;canonicalresidue/R800blank for thiscondition;uncontestedT5/Tmax1retained. Table1A-POSS/PA molL.067/.134/.201 andmethod1/2/3mmol in30mLcombinedsolution have unresolved concentrationbasis;retainbothrawreports,finalcombinedbathconcentrationblank. Source-labels andbothTG/LOITableformulationsunambiguous. Totaldryweightgain is finishadd-on,notcomponentfractions. Prep40x40cm versuswashing>350x500mm size reports retainedwithoutcorrection. MissingSI does notauthorizewashedTG transfer;Cotton-PDMS-TiO2LOIonly andtwo5washLOIonly held. Initial source/sample states do notproveindependentphysicalreplicates.",cotton,Plain-woven cotton fabric;220g/m2;Shaoxing Manheng Textile,Plain-woven cotton fabric;220g/m2;Shaoxing Manheng Textile,Plain-woven cotton fabric;220g/m2;Shaoxing Manheng Textile,C3-PDMS,tabulated,"Same Table1 owninitial220g/m2plainwovencotton formulations inTGTable2air/N2 andLOITable3;no durabilitywashing/abrasion/fibers/cone/neatAPOSStransfer. Concentrationbasisunresolvedrawmetadata,notassaymappingambiguity.",verified_exact,journal_article,Native DOI/title/authors and journalissueidentity match;oneprimaryreviewer,12.4,800,source_review_approved,08983e876b989c759a093c1cc44cfc3318187e0e1cb852d716e4d25f81bf2d2a,C3-PDMS,,58x150,,0.094,,,502.9,Unreported,,,0.201,0.201,0,,Published original;Chemical Engineering Journal398(2020)125661;15PDFpages,Main Tables2/3PDFp11/printed11;methodsPDFpp2-4;Table1PDFp5,15,0.5-1M NaOH95C3h agitation;detergent/DIwater rinses;dry40-50C3h;cut40x40cm. This pretreated fabric is the source pristine/control state.,"C3+Sylgard184PDMS;withoutballmilling;Table1PDMS0.094g/mL,TiO2zero",,Construction of durable flame-retardant and robust superhydrophobic coatings on cotton fabrics for water-oil separation application,https://doi.org/10.1016/j.cej.2020.125661,,Local exact-DOI inventory contains one PDF;main references SI FigsS1-S12/videos. DOI resolves to publisher;ScienceDirect HTTP403 prevents SI retrieval;SI not reviewed. All accepted metrics explicit in main Tables2/3;washed/no-own-TG facts held.,Spray15-25cm;A-POSS/PAfinish50C5h;PDMSfinishcure80C2h,Initial prepared state,Initial prepared state;no durability washing,2020
10.1016/j.cej.2020.125661,"HC-2,Nanjing,China",Main Table3 PDFp11/printed11;LOImethodsPDFp4,28,GB/T5454-1997,31.9,218.4,"Q5000,TA Instruments,USA",800,Main Table2PDFp11/printed11;Fig8PDFp10;methodsPDFp4,30,284.5,,N2,C3-PDMS,Main methods2.3-2.7 PDFpp2-4;Table1PDFp5;TGTable2PDFp11;Fig8PDFp10,literature,TG+LOI,2026-10-01,Codex complete15originalnativepages/tables/figures/methods;oneprimaryreviewer,20,Chemical Engineering Journal,"All15native originalpages checked byoneprimaryreviewer;SIreferenced butnotretrieved:publisherHTTP403. Sixinitialsource-labelledfabricformulationsmap mainTables1/2/3;two gasconditions do notaddsample states. LOI HC-2GB/T5454-1997 size58x150mm;TG Q500020C/min30-800C. TGmass/flow/repeats andLOIrepeats/uncertaintiesunreported;VFT5repeats/cone35kWm2 are separateassays. T5is5%loss,notTonset/T10;Tmax1 celluloseprimarydecomposition andairTmax2charoxidation,notwaterloss;T75kepttypedsourcefield,notT80. Table2N2C3-PDMS-TiO2R80033.6conflictswithPDFp8prose33.7;canonicalresidue/R800blank for thiscondition;uncontestedT5/Tmax1retained. Table1A-POSS/PA molL.067/.134/.201 andmethod1/2/3mmol in30mLcombinedsolution have unresolved concentrationbasis;retainbothrawreports,finalcombinedbathconcentrationblank. Source-labels andbothTG/LOITableformulationsunambiguous. Totaldryweightgain is finishadd-on,notcomponentfractions. Prep40x40cm versuswashing>350x500mm size reports retainedwithoutcorrection. MissingSI does notauthorizewashedTG transfer;Cotton-PDMS-TiO2LOIonly andtwo5washLOIonly held. Initial source/sample states do notproveindependentphysicalreplicates.",cotton,Plain-woven cotton fabric;220g/m2;Shaoxing Manheng Textile,Plain-woven cotton fabric;220g/m2;Shaoxing Manheng Textile,Plain-woven cotton fabric;220g/m2;Shaoxing Manheng Textile,C3-PDMS,tabulated,"Same Table1 owninitial220g/m2plainwovencotton formulations inTGTable2air/N2 andLOITable3;no durabilitywashing/abrasion/fibers/cone/neatAPOSStransfer. Concentrationbasisunresolvedrawmetadata,notassaymappingambiguity.",verified_exact,journal_article,Native DOI/title/authors and journalissueidentity match;oneprimaryreviewer,31.9,800,source_review_approved,69f71de9106d5b14fa07446913ee6cdeca84b97daa372e9def376bb531b1bf59,C3-PDMS,,58x150,,0.094,,,,Unreported,,,0.201,0.201,0,,Published original;Chemical Engineering Journal398(2020)125661;15PDFpages,Main Tables2/3PDFp11/printed11;methodsPDFpp2-4;Table1PDFp5,15,0.5-1M NaOH95C3h agitation;detergent/DIwater rinses;dry40-50C3h;cut40x40cm. This pretreated fabric is the source pristine/control state.,"C3+Sylgard184PDMS;withoutballmilling;Table1PDMS0.094g/mL,TiO2zero",,Construction of durable flame-retardant and robust superhydrophobic coatings on cotton fabrics for water-oil separation application,https://doi.org/10.1016/j.cej.2020.125661,,Local exact-DOI inventory contains one PDF;main references SI FigsS1-S12/videos. DOI resolves to publisher;ScienceDirect HTTP403 prevents SI retrieval;SI not reviewed. All accepted metrics explicit in main Tables2/3;washed/no-own-TG facts held.,Spray15-25cm;A-POSS/PAfinish50C5h;PDMSfinishcure80C2h,Initial prepared state,Initial prepared state;no durability washing,2020
10.1016/j.cej.2020.125661,"HC-2,Nanjing,China",Main Table3 PDFp11/printed11;LOImethodsPDFp4,29,GB/T5454-1997,16.2,218.4,"Q5000,TA Instruments,USA",800,Main Table2PDFp11/printed11;Fig8PDFp10;methodsPDFp4,30,281.3,496.9,air,C3-PDMS-TiO2,Main methods2.3-2.7 PDFpp2-4;Table1PDFp5;TGTable2PDFp11;Fig8PDFp10,literature,TG+LOI,2026-10-01,Codex complete15originalnativepages/tables/figures/methods;oneprimaryreviewer,20,Chemical Engineering Journal,"All15native originalpages checked byoneprimaryreviewer;SIreferenced butnotretrieved:publisherHTTP403. Sixinitialsource-labelledfabricformulationsmap mainTables1/2/3;two gasconditions do notaddsample states. LOI HC-2GB/T5454-1997 size58x150mm;TG Q500020C/min30-800C. TGmass/flow/repeats andLOIrepeats/uncertaintiesunreported;VFT5repeats/cone35kWm2 are separateassays. T5is5%loss,notTonset/T10;Tmax1 celluloseprimarydecomposition andairTmax2charoxidation,notwaterloss;T75kepttypedsourcefield,notT80. Table2N2C3-PDMS-TiO2R80033.6conflictswithPDFp8prose33.7;canonicalresidue/R800blank for thiscondition;uncontestedT5/Tmax1retained. Table1A-POSS/PA molL.067/.134/.201 andmethod1/2/3mmol in30mLcombinedsolution have unresolved concentrationbasis;retainbothrawreports,finalcombinedbathconcentrationblank. Source-labels andbothTG/LOITableformulationsunambiguous. Totaldryweightgain is finishadd-on,notcomponentfractions. Prep40x40cm versuswashing>350x500mm size reports retainedwithoutcorrection. MissingSI does notauthorizewashedTG transfer;Cotton-PDMS-TiO2LOIonly andtwo5washLOIonly held. Initial source/sample states do notproveindependentphysicalreplicates.",cotton,Plain-woven cotton fabric;220g/m2;Shaoxing Manheng Textile,Plain-woven cotton fabric;220g/m2;Shaoxing Manheng Textile,Plain-woven cotton fabric;220g/m2;Shaoxing Manheng Textile,C3-PDMS-TiO2,tabulated,"Same Table1 owninitial220g/m2plainwovencotton formulations inTGTable2air/N2 andLOITable3;no durabilitywashing/abrasion/fibers/cone/neatAPOSStransfer. Concentrationbasisunresolvedrawmetadata,notassaymappingambiguity.",verified_exact,journal_article,Native DOI/title/authors and journalissueidentity match;oneprimaryreviewer,16.2,800,source_review_approved,cfd9d2edd748f1de288036595a4436f87210e01845da22ec0e7de1d1aa24c7af,C3-PDMS-TiO2,,58x150,,0.094,,,522.0,Unreported,,,0.201,0.201,0.017,,Published original;Chemical Engineering Journal398(2020)125661;15PDFpages,Main Tables2/3PDFp11/printed11;methodsPDFpp2-4;Table1PDFp5,16.2,0.5-1M NaOH95C3h agitation;detergent/DIwater rinses;dry40-50C3h;cut40x40cm. This pretreated fabric is the source pristine/control state.,C3+TiO2@PDMS:TiO2.60g/Sylgard184A3g/B.30g/CHCl335mL;ballmill400rpm30min,,Construction of durable flame-retardant and robust superhydrophobic coatings on cotton fabrics for water-oil separation application,https://doi.org/10.1016/j.cej.2020.125661,,Local exact-DOI inventory contains one PDF;main references SI FigsS1-S12/videos. DOI resolves to publisher;ScienceDirect HTTP403 prevents SI retrieval;SI not reviewed. All accepted metrics explicit in main Tables2/3;washed/no-own-TG facts held.,Spray15-25cm;A-POSS/PAfinish50C5h;PDMSfinishcure80C2h,Initial prepared state,Initial prepared state;no durability washing,2020
10.1016/j.cej.2020.125661,"HC-2,Nanjing,China",Main Table3 PDFp11/printed11;LOImethodsPDFp4,29,GB/T5454-1997,,217,"Q5000,TA Instruments,USA",800,Main Table2PDFp11/printed11;Fig8PDFp10;methodsPDFp4,30,285.2,,N2,C3-PDMS-TiO2,Main methods2.3-2.7 PDFpp2-4;Table1PDFp5;TGTable2PDFp11;Fig8PDFp10,literature,TG+LOI,2026-10-01,Codex complete15originalnativepages/tables/figures/methods;oneprimaryreviewer,20,Chemical Engineering Journal,"All15native originalpages checked byoneprimaryreviewer;SIreferenced butnotretrieved:publisherHTTP403. Sixinitialsource-labelledfabricformulationsmap mainTables1/2/3;two gasconditions do notaddsample states. LOI HC-2GB/T5454-1997 size58x150mm;TG Q500020C/min30-800C. TGmass/flow/repeats andLOIrepeats/uncertaintiesunreported;VFT5repeats/cone35kWm2 are separateassays. T5is5%loss,notTonset/T10;Tmax1 celluloseprimarydecomposition andairTmax2charoxidation,notwaterloss;T75kepttypedsourcefield,notT80. Table2N2C3-PDMS-TiO2R80033.6conflictswithPDFp8prose33.7;canonicalresidue/R800blank for thiscondition;uncontestedT5/Tmax1retained. Table1A-POSS/PA molL.067/.134/.201 andmethod1/2/3mmol in30mLcombinedsolution have unresolved concentrationbasis;retainbothrawreports,finalcombinedbathconcentrationblank. Source-labels andbothTG/LOITableformulationsunambiguous. Totaldryweightgain is finishadd-on,notcomponentfractions. Prep40x40cm versuswashing>350x500mm size reports retainedwithoutcorrection. MissingSI does notauthorizewashedTG transfer;Cotton-PDMS-TiO2LOIonly andtwo5washLOIonly held. Initial source/sample states do notproveindependentphysicalreplicates.",cotton,Plain-woven cotton fabric;220g/m2;Shaoxing Manheng Textile,Plain-woven cotton fabric;220g/m2;Shaoxing Manheng Textile,Plain-woven cotton fabric;220g/m2;Shaoxing Manheng Textile,C3-PDMS-TiO2,tabulated,"Same Table1 owninitial220g/m2plainwovencotton formulations inTGTable2air/N2 andLOITable3;no durabilitywashing/abrasion/fibers/cone/neatAPOSStransfer. Concentrationbasisunresolvedrawmetadata,notassaymappingambiguity.",verified_exact,journal_article,Native DOI/title/authors and journalissueidentity match;oneprimaryreviewer,,,source_review_approved,833cb07f6e4033017c02cacaa30219559eb421b9195586f6e4edc7edf7856a9f,C3-PDMS-TiO2,,58x150,,0.094,33.6,33.7,,Unreported,,,0.201,0.201,0.017,,Published original;Chemical Engineering Journal398(2020)125661;15PDFpages,Main Tables2/3PDFp11/printed11;methodsPDFpp2-4;Table1PDFp5,16.2,0.5-1M NaOH95C3h agitation;detergent/DIwater rinses;dry40-50C3h;cut40x40cm. This pretreated fabric is the source pristine/control state.,C3+TiO2@PDMS:TiO2.60g/Sylgard184A3g/B.30g/CHCl335mL;ballmill400rpm30min,33.6Table2versus33.7prosePDFp8;canonicalresidueandendpointblank;otherTGmetricsuncontested,Construction of durable flame-retardant and robust superhydrophobic coatings on cotton fabrics for water-oil separation application,https://doi.org/10.1016/j.cej.2020.125661,,Local exact-DOI inventory contains one PDF;main references SI FigsS1-S12/videos. DOI resolves to publisher;ScienceDirect HTTP403 prevents SI retrieval;SI not reviewed. All accepted metrics explicit in main Tables2/3;washed/no-own-TG facts held.,Spray15-25cm;A-POSS/PAfinish50C5h;PDMSfinishcure80C2h,Initial prepared state,Initial prepared state;no durability washing,2020
10.1016/j.cej.2020.125661,"HC-2,Nanjing,China",Main Table3 PDFp11/printed11;LOImethodsPDFp4,20,GB/T5454-1997,,,,,No ownTGtable/explicitTGmetrics inmain;SInotretrieved,,,,,Cotton-PDMS-TiO2,Main methods2.3-2.7 PDFpp2-4;Table1PDFp5;TGTable2PDFp11;Fig8PDFp10,literature,LOI-only,2026-10-01,Codex complete15originalnativepages/tables/figures/methods;oneprimaryreviewer,,Chemical Engineering Journal,"All15native originalpages checked byoneprimaryreviewer;SIreferenced butnotretrieved:publisherHTTP403. Sixinitialsource-labelledfabricformulationsmap mainTables1/2/3;two gasconditions do notaddsample states. LOI HC-2GB/T5454-1997 size58x150mm;TG Q500020C/min30-800C. TGmass/flow/repeats andLOIrepeats/uncertaintiesunreported;VFT5repeats/cone35kWm2 are separateassays. T5is5%loss,notTonset/T10;Tmax1 celluloseprimarydecomposition andairTmax2charoxidation,notwaterloss;T75kepttypedsourcefield,notT80. Table2N2C3-PDMS-TiO2R80033.6conflictswithPDFp8prose33.7;canonicalresidue/R800blank for thiscondition;uncontestedT5/Tmax1retained. Table1A-POSS/PA molL.067/.134/.201 andmethod1/2/3mmol in30mLcombinedsolution have unresolved concentrationbasis;retainbothrawreports,finalcombinedbathconcentrationblank. Source-labels andbothTG/LOITableformulationsunambiguous. Totaldryweightgain is finishadd-on,notcomponentfractions. Prep40x40cm versuswashing>350x500mm size reports retainedwithoutcorrection. MissingSI does notauthorizewashedTG transfer;Cotton-PDMS-TiO2LOIonly andtwo5washLOIonly held. Initial source/sample states do notproveindependentphysicalreplicates.",cotton,Plain-woven cotton fabric;220g/m2;Shaoxing Manheng Textile,Plain-woven cotton fabric;220g/m2;Shaoxing Manheng Textile,Plain-woven cotton fabric;220g/m2;Shaoxing Manheng Textile,Cotton-PDMS-TiO2,tabulated,OwnLOITable3row retained;noTGborrowedfromdifferentinitialstate,held_LOI_only_no_own_TG,journal_article,Native DOI/title/authors and journalissueidentity match;oneprimaryreviewer,,,held_outside_verified_target,,Cotton-PDMS-TiO2,,58x150,,,,,,,,,,,,,Published original;Chemical Engineering Journal398(2020)125661;15PDFpages,Main Table3 PDFp11/printed11,6.4,0.5-1M NaOH95C3h agitation;detergent/DIwater rinses;dry40-50C3h;cut40x40cm. This pretreated fabric is the source pristine/control state.,,,Construction of durable flame-retardant and robust superhydrophobic coatings on cotton fabrics for water-oil separation application,https://doi.org/10.1016/j.cej.2020.125661,,Local exact-DOI inventory contains one PDF;main references SI FigsS1-S12/videos. DOI resolves to publisher;ScienceDirect HTTP403 prevents SI retrieval;SI not reviewed. All accepted metrics explicit in main Tables2/3;washed/no-own-TG facts held.,Table1noA-POSS/PA;PDMS/TiO2hydrophobicfinish,Initial prepared state,Initial prepared state;no durability washing,2020
10.1016/j.cej.2020.125661,"HC-2,Nanjing,China",Main Table3 PDFp11/printed11;LOImethodsPDFp4,24,GB/T5454-1997,,,,,No ownTGtable/explicitTGmetrics inmain;SInotretrieved,,,,,(C3)5,Main methods2.3-2.7 PDFpp2-4;Table1PDFp5;TGTable2PDFp11;Fig8PDFp10,literature,LOI-only,2026-10-01,Codex complete15originalnativepages/tables/figures/methods;oneprimaryreviewer,,Chemical Engineering Journal,"All15native originalpages checked byoneprimaryreviewer;SIreferenced butnotretrieved:publisherHTTP403. Sixinitialsource-labelledfabricformulationsmap mainTables1/2/3;two gasconditions do notaddsample states. LOI HC-2GB/T5454-1997 size58x150mm;TG Q500020C/min30-800C. TGmass/flow/repeats andLOIrepeats/uncertaintiesunreported;VFT5repeats/cone35kWm2 are separateassays. T5is5%loss,notTonset/T10;Tmax1 celluloseprimarydecomposition andairTmax2charoxidation,notwaterloss;T75kepttypedsourcefield,notT80. Table2N2C3-PDMS-TiO2R80033.6conflictswithPDFp8prose33.7;canonicalresidue/R800blank for thiscondition;uncontestedT5/Tmax1retained. Table1A-POSS/PA molL.067/.134/.201 andmethod1/2/3mmol in30mLcombinedsolution have unresolved concentrationbasis;retainbothrawreports,finalcombinedbathconcentrationblank. Source-labels andbothTG/LOITableformulationsunambiguous. Totaldryweightgain is finishadd-on,notcomponentfractions. Prep40x40cm versuswashing>350x500mm size reports retainedwithoutcorrection. MissingSI does notauthorizewashedTG transfer;Cotton-PDMS-TiO2LOIonly andtwo5washLOIonly held. Initial source/sample states do notproveindependentphysicalreplicates.",cotton,Plain-woven cotton fabric;220g/m2;Shaoxing Manheng Textile,Plain-woven cotton fabric;220g/m2;Shaoxing Manheng Textile,Plain-woven cotton fabric;220g/m2;Shaoxing Manheng Textile,(C3)5,tabulated,OwnLOITable3row retained;noTGborrowedfromdifferentinitialstate,held_LOI_only_no_own_TG,journal_article,Native DOI/title/authors and journalissueidentity match;oneprimaryreviewer,,,held_outside_verified_target,,(C3)5,,58x150,,,,,,,,,,,,,Published original;Chemical Engineering Journal398(2020)125661;15PDFpages,Main Table3 PDFp11/printed11,6.9,0.5-1M NaOH95C3h agitation;detergent/DIwater rinses;dry40-50C3h;cut40x40cm. This pretreated fabric is the source pristine/control state.,,,Construction of durable flame-retardant and robust superhydrophobic coatings on cotton fabrics for water-oil separation application,https://doi.org/10.1016/j.cej.2020.125661,"GB/T17595-1998;5cycles40C,12mineach;ECE nonphosphatedetergent;fabric:detergent20:1byweight asprinted;hardnessabout160mg/L;DIrinse/dry45C8h;specimen>350x500mm",Local exact-DOI inventory contains one PDF;main references SI FigsS1-S12/videos. DOI resolves to publisher;ScienceDirect HTTP403 prevents SI retrieval;SI not reviewed. All accepted metrics explicit in main Tables2/3;washed/no-own-TG facts held.,CorrespondingC3initialrecipefollowedby5detergentwashes,After5detergentdurabilitywashes,5detergentdurabilitywashes40C;DIrinse;dry45C8h,2020
10.1016/j.cej.2020.125661,"HC-2,Nanjing,China",Main Table3 PDFp11/printed11;LOImethodsPDFp4,28,GB/T5454-1997,,,,,No ownTGtable/explicitTGmetrics inmain;SInotretrieved,,,,,(C3-PDMS-TiO2)5,Main methods2.3-2.7 PDFpp2-4;Table1PDFp5;TGTable2PDFp11;Fig8PDFp10,literature,LOI-only,2026-10-01,Codex complete15originalnativepages/tables/figures/methods;oneprimaryreviewer,,Chemical Engineering Journal,"All15native originalpages checked byoneprimaryreviewer;SIreferenced butnotretrieved:publisherHTTP403. Sixinitialsource-labelledfabricformulationsmap mainTables1/2/3;two gasconditions do notaddsample states. LOI HC-2GB/T5454-1997 size58x150mm;TG Q500020C/min30-800C. TGmass/flow/repeats andLOIrepeats/uncertaintiesunreported;VFT5repeats/cone35kWm2 are separateassays. T5is5%loss,notTonset/T10;Tmax1 celluloseprimarydecomposition andairTmax2charoxidation,notwaterloss;T75kepttypedsourcefield,notT80. Table2N2C3-PDMS-TiO2R80033.6conflictswithPDFp8prose33.7;canonicalresidue/R800blank for thiscondition;uncontestedT5/Tmax1retained. Table1A-POSS/PA molL.067/.134/.201 andmethod1/2/3mmol in30mLcombinedsolution have unresolved concentrationbasis;retainbothrawreports,finalcombinedbathconcentrationblank. Source-labels andbothTG/LOITableformulationsunambiguous. Totaldryweightgain is finishadd-on,notcomponentfractions. Prep40x40cm versuswashing>350x500mm size reports retainedwithoutcorrection. MissingSI does notauthorizewashedTG transfer;Cotton-PDMS-TiO2LOIonly andtwo5washLOIonly held. Initial source/sample states do notproveindependentphysicalreplicates.",cotton,Plain-woven cotton fabric;220g/m2;Shaoxing Manheng Textile,Plain-woven cotton fabric;220g/m2;Shaoxing Manheng Textile,Plain-woven cotton fabric;220g/m2;Shaoxing Manheng Textile,(C3-PDMS-TiO2)5,tabulated,OwnLOITable3row retained;noTGborrowedfromdifferentinitialstate,held_LOI_only_no_own_TG,journal_article,Native DOI/title/authors and journalissueidentity match;oneprimaryreviewer,,,held_outside_verified_target,,(C3-PDMS-TiO2)5,,58x150,,,,,,,,,,,,,Published original;Chemical Engineering Journal398(2020)125661;15PDFpages,Main Table3 PDFp11/printed11,14.6,0.5-1M NaOH95C3h agitation;detergent/DIwater rinses;dry40-50C3h;cut40x40cm. This pretreated fabric is the source pristine/control state.,,,Construction of durable flame-retardant and robust superhydrophobic coatings on cotton fabrics for water-oil separation application,https://doi.org/10.1016/j.cej.2020.125661,"GB/T17595-1998;5cycles40C,12mineach;ECE nonphosphatedetergent;fabric:detergent20:1byweight asprinted;hardnessabout160mg/L;DIrinse/dry45C8h;specimen>350x500mm",Local exact-DOI inventory contains one PDF;main references SI FigsS1-S12/videos. DOI resolves to publisher;ScienceDirect HTTP403 prevents SI retrieval;SI not reviewed. All accepted metrics explicit in main Tables2/3;washed/no-own-TG facts held.,CorrespondingC3initialrecipefollowedby5detergentwashes,After5detergentdurabilitywashes,5detergentdurabilitywashes40C;DIrinse;dry45C8h,2020
