ACMPEP_bath_wt_pct,APP_solution_wt_pct,CH_solution_wt_pct,DOI,LOI_instrument,LOI_locator,LOI_pct,LOI_repeats,LOI_specimen_dimensions,LOI_standard,R600_pct,R700_pct,T10_C,T50_C,T5_C,TGA_instrument,TG_atmosphere_composition,TG_balance_purge_reported,TG_end_C,TG_gas_flow_unit_reported,TG_locator,TG_prehold_duration_min,TG_prehold_temperature_C,TG_sample_purge_reported,TG_specimen_mass_reported,TG_start_C,TG_start_reported,TSPDP_bath_wt_pct,Tmax1_C,Tmax2_C,Tmax3_C,Tmax4_C,atmosphere,bilayer_count,composition,conditions_locator,dataset_type,direct_numeric_use,evidence_reviewed_at,evidence_reviewed_by,heating_rate_C_min,limitations,material_form,material_form_LOI,material_form_TGA,native_sample_label,nitrogen_additive_in_CH_wt_pct,numeric_evidence_type,pairing_evidence,pairing_status,phosphorus_content_EDS_wt_pct,publication_type,publication_type_evidence,residue_at_Tmax_pct,residue_pct,residue_temp_C,review_disposition,reviewed_measurement_fingerprint,sample_state,source_Tmax2_prose_C,source_Tmax2_table_C,source_document_version,source_location,source_residue_at_Tmax1_pct,source_residue_at_Tmax2_pct,source_residue_at_Tmax3_pct,source_residue_at_Tmax4_pct,source_url,supplement_review_status,supplement_source_url,treatment_method,washing_state,weight_gain_pct
,,,10.1016/j.polymdegradstab.2019.108998,Dynisco LOI chamber,"OriginalTable1 uncoatedLOI=N/A; generic20-21%is citation,not measuredowncontrol",,3,14cm x5.2cm,ISO4589:1996,0.6,,396,,,TA Instruments Q-50,source calls this air atmosphere; separate sample-air and balance-nitrogen purge; resulting O2 fraction not specified,40mL/s nitrogen,850,"mL/s; source printed s-1, not silently changed to min-1",Journalpreproof numberedp10 Table2 Uncoated Polyester row;Figures3/4,30,100,60mL/s air,approximately15mg,,ambient temperature,,,,429,560,air,0,Polyester720H knitted206g/m2; uncoated reference,Journalpreproof numberedpp4-6 Sections2.1-2.3;100C30minTGprehold before10C/min ramp to850C,literature,TG only,2026-10-01,Codex complete original primary and specified supplement review,10,"NativeTonset10% mapped onlyto10%masslossT10,notadditionalTonset. OriginalTmax1/2/3/4 positions retained; absentstages remainblank,no renumbering. NitrogenGSMTable3Tmax2=390C versusprose385C held outsidecleanTmax2; air385Cdistinct. Source purgeunitmL/s retained,notcorrectedtomL/min; sampleair/balanceN2 flows nottranslatedtoinventedgasfractions.100C30minTGhold distinctfromfabric preparation andMCC25-650C/1Csec/5mg/N2-80mLmin. Table2/3 residue600Cexplicit,notR850/finalendpoint despitegenericfinalresidue prose. Residuesatnativepeaktemperatures notunqualifiedchar yield. Table1 VFTresidualweightsnotTG. UncoatedLOIN/A; literature20-21%notownmeasurement. ThreeLOIaverages; uncertainty/TGreplicatesunspecified.25BL/U/THU nitrogenTGabsent,no copiesfromair. Initialsame-state only; no launderingdata borrowed.","Testfabrics polyester720H knitted fabric,206g/m2","Testfabrics polyester720H knitted fabric,206g/m2","Testfabrics polyester720H knitted fabric,206g/m2",Uncoated Polyester,,tabulated,"Own initial Uncoated Polyester atsame206g/m2knittedpolyester matches Table1 numericLOI andTable2 TG by identicalrecipe andBL; all methods/printed tables checked. Air andnitrogen shareoneindependentstate, retainseparateconditions. No generalcontrolLOI, VFTresidue orMCCtemperature substitution.",TG_only_no_exact_same_state_LOI,,journal_article,Local registry explicitly journal-article; publisher original names Polymer Degradation and Stability and accepted publication status,,,600,reviewed_TG_unpaired,,Uncoated Polyester,,,journal preproof,"Journalpreproof numberedpp4-6 methods,p7 Table1,p10 Table2,p12 Table3",,,53.6,5.4,https://doi.org/10.1016/j.polymdegradstab.2019.108998,Complete original primary cover/body/tables/captions/references/highlights/declaration read; printed method and numerical pages viewed. No listedSI inprimary andno distinctmatching localrelatedfile; duplicateoriginals byte-identical. External supplemental inventory notinspected.,,Own uncoated knitted polyester; no coating deposition or70C finishing dry assigned,initial prepared specimen; no durability laundering or aging,0
,1,1,10.1016/j.polymdegradstab.2019.108998,Dynisco LOI chamber,Journalpreproof numberedp7 Table1 1% CH3 /1% APP4.2;10BL row; ownLOI,23,3,14cm x5.2cm,ISO4589:1996,10.9,,363,,,TA Instruments Q-50,source calls this air atmosphere; separate sample-air and balance-nitrogen purge; resulting O2 fraction not specified,40mL/s nitrogen,850,"mL/s; source printed s-1, not silently changed to min-1",Journalpreproof numberedp10 Table2 1% CH3 /1% APP4.2;10BL row;Figures3/4,30,100,60mL/s air,approximately15mg,,ambient temperature,,225,,422,533,air,10,"Polyester720H knitted206g/m2; CH chitosan Mw approximately60000g/mol,1wt% atpH3; APP ExolitAP422,1wt% atpH4.2; 10bilayers; dryweightgain16.1%",Journalpreproof numberedpp4-6 Sections2.1-2.3;100C30minTGprehold before10C/min ramp to850C,literature,TG+LOI,2026-10-01,Codex complete original primary and specified supplement review,10,"NativeTonset10% mapped onlyto10%masslossT10,notadditionalTonset. OriginalTmax1/2/3/4 positions retained; absentstages remainblank,no renumbering. NitrogenGSMTable3Tmax2=390C versusprose385C held outsidecleanTmax2; air385Cdistinct. Source purgeunitmL/s retained,notcorrectedtomL/min; sampleair/balanceN2 flows nottranslatedtoinventedgasfractions.100C30minTGhold distinctfromfabric preparation andMCC25-650C/1Csec/5mg/N2-80mLmin. Table2/3 residue600Cexplicit,notR850/finalendpoint despitegenericfinalresidue prose. Residuesatnativepeaktemperatures notunqualifiedchar yield. Table1 VFTresidualweightsnotTG. UncoatedLOIN/A; literature20-21%notownmeasurement. ThreeLOIaverages; uncertainty/TGreplicatesunspecified.25BL/U/THU nitrogenTGabsent,no copiesfromair. Initialsame-state only; no launderingdata borrowed.","Testfabrics polyester720H knitted fabric,206g/m2","Testfabrics polyester720H knitted fabric,206g/m2","Testfabrics polyester720H knitted fabric,206g/m2",1% CH3 /1% APP4.2;10BL,,tabulated,"Own initial 1% CH3 /1% APP4.2;10BL atsame206g/m2knittedpolyester matches Table1 numericLOI andTable2 TG by identicalrecipe andBL; all methods/printed tables checked. Air andnitrogen shareoneindependentstate, retainseparateconditions. No generalcontrolLOI, VFTresidue orMCCtemperature substitution.",verified_exact,,journal_article,Local registry explicitly journal-article; publisher original names Polymer Degradation and Stability and accepted publication status,,,600,source_review_approved,fac3a9e7eba7f64c5b42b81a79f08253d9c00b8340ea46e5015325f1c94847a2,CH/APP-10BL,,,journal preproof,"Journalpreproof numberedpp4-6 methods,p7 Table1,p10 Table2,p12 Table3",96.1,,48.3,16.5,https://doi.org/10.1016/j.polymdegradstab.2019.108998,Complete original primary cover/body/tables/captions/references/highlights/declaration read; printed method and numerical pages viewed. No listedSI inprimary andno distinctmatching localrelatedfile; duplicateoriginals byte-identical. External supplemental inventory notinspected.,,"CH1wt% inHClpH1.5,adjustpH3 with0.1MNaOH. APPbath1wt%APP+11.1wt%1MNaOH+11.1wt%1MHCl+76.8wt%DIwater,APP-watermix thenNaOHto dissolve,thenHClpH4.2. FirstCHdip5min,DIrinse1min,firstAPPdip5min,DIrinse1min; later eachsolutiondip1min andrinse1min;10BL; baths/rinse renewed every5BL; finalDIrinse,dry70C2h.",initial prepared specimen; no durability laundering or aging,16.1
,1,1,10.1016/j.polymdegradstab.2019.108998,Dynisco LOI chamber,Journalpreproof numberedp7 Table1 1% CH3 /1% APP4.2;25BL row; ownLOI,25,3,14cm x5.2cm,ISO4589:1996,15.9,,330,,,TA Instruments Q-50,source calls this air atmosphere; separate sample-air and balance-nitrogen purge; resulting O2 fraction not specified,40mL/s nitrogen,850,"mL/s; source printed s-1, not silently changed to min-1",Journalpreproof numberedp10 Table2 1% CH3 /1% APP4.2;25BL row;Figures3/4,30,100,60mL/s air,approximately15mg,,ambient temperature,,227,,426,535,air,25,"Polyester720H knitted206g/m2; CH chitosan Mw approximately60000g/mol,1wt% atpH3; APP ExolitAP422,1wt% atpH4.2; 25bilayers; dryweightgain31.8%",Journalpreproof numberedpp4-6 Sections2.1-2.3;100C30minTGprehold before10C/min ramp to850C,literature,TG+LOI,2026-10-01,Codex complete original primary and specified supplement review,10,"NativeTonset10% mapped onlyto10%masslossT10,notadditionalTonset. OriginalTmax1/2/3/4 positions retained; absentstages remainblank,no renumbering. NitrogenGSMTable3Tmax2=390C versusprose385C held outsidecleanTmax2; air385Cdistinct. Source purgeunitmL/s retained,notcorrectedtomL/min; sampleair/balanceN2 flows nottranslatedtoinventedgasfractions.100C30minTGhold distinctfromfabric preparation andMCC25-650C/1Csec/5mg/N2-80mLmin. Table2/3 residue600Cexplicit,notR850/finalendpoint despitegenericfinalresidue prose. Residuesatnativepeaktemperatures notunqualifiedchar yield. Table1 VFTresidualweightsnotTG. UncoatedLOIN/A; literature20-21%notownmeasurement. ThreeLOIaverages; uncertainty/TGreplicatesunspecified.25BL/U/THU nitrogenTGabsent,no copiesfromair. Initialsame-state only; no launderingdata borrowed.","Testfabrics polyester720H knitted fabric,206g/m2","Testfabrics polyester720H knitted fabric,206g/m2","Testfabrics polyester720H knitted fabric,206g/m2",1% CH3 /1% APP4.2;25BL,,tabulated,"Own initial 1% CH3 /1% APP4.2;25BL atsame206g/m2knittedpolyester matches Table1 numericLOI andTable2 TG by identicalrecipe andBL; all methods/printed tables checked. Air andnitrogen shareoneindependentstate, retainseparateconditions. No generalcontrolLOI, VFTresidue orMCCtemperature substitution.",verified_exact,,journal_article,Local registry explicitly journal-article; publisher original names Polymer Degradation and Stability and accepted publication status,,,600,source_review_approved,5a667a0657da072c221d4375b3536469fe4502933998325371313e699cdadffd,CH/APP-25BL,,,journal preproof,"Journalpreproof numberedpp4-6 methods,p7 Table1,p10 Table2,p12 Table3",94.7,,47.2,20.9,https://doi.org/10.1016/j.polymdegradstab.2019.108998,Complete original primary cover/body/tables/captions/references/highlights/declaration read; printed method and numerical pages viewed. No listedSI inprimary andno distinctmatching localrelatedfile; duplicateoriginals byte-identical. External supplemental inventory notinspected.,,"CH1wt% inHClpH1.5,adjustpH3 with0.1MNaOH. APPbath1wt%APP+11.1wt%1MNaOH+11.1wt%1MHCl+76.8wt%DIwater,APP-watermix thenNaOHto dissolve,thenHClpH4.2. FirstCHdip5min,DIrinse1min,firstAPPdip5min,DIrinse1min; later eachsolutiondip1min andrinse1min;25BL; baths/rinse renewed every5BL; finalDIrinse,dry70C2h.",initial prepared specimen; no durability laundering or aging,31.8
,1,1,10.1016/j.polymdegradstab.2019.108998,Dynisco LOI chamber,Journalpreproof numberedp7 Table1 1% CH3 /1% APP4.2;30BL row; ownLOI,26,3,14cm x5.2cm,ISO4589:1996,17.3,,278,,,TA Instruments Q-50,source calls this air atmosphere; separate sample-air and balance-nitrogen purge; resulting O2 fraction not specified,40mL/s nitrogen,850,"mL/s; source printed s-1, not silently changed to min-1",Journalpreproof numberedp10 Table2 1% CH3 /1% APP4.2;30BL row;Figures3/4,30,100,60mL/s air,approximately15mg,,ambient temperature,,232,,427,535,air,30,"Polyester720H knitted206g/m2; CH chitosan Mw approximately60000g/mol,1wt% atpH3; APP ExolitAP422,1wt% atpH4.2; 30bilayers; dryweightgain38.8%",Journalpreproof numberedpp4-6 Sections2.1-2.3;100C30minTGprehold before10C/min ramp to850C,literature,TG+LOI,2026-10-01,Codex complete original primary and specified supplement review,10,"NativeTonset10% mapped onlyto10%masslossT10,notadditionalTonset. OriginalTmax1/2/3/4 positions retained; absentstages remainblank,no renumbering. NitrogenGSMTable3Tmax2=390C versusprose385C held outsidecleanTmax2; air385Cdistinct. Source purgeunitmL/s retained,notcorrectedtomL/min; sampleair/balanceN2 flows nottranslatedtoinventedgasfractions.100C30minTGhold distinctfromfabric preparation andMCC25-650C/1Csec/5mg/N2-80mLmin. Table2/3 residue600Cexplicit,notR850/finalendpoint despitegenericfinalresidue prose. Residuesatnativepeaktemperatures notunqualifiedchar yield. Table1 VFTresidualweightsnotTG. UncoatedLOIN/A; literature20-21%notownmeasurement. ThreeLOIaverages; uncertainty/TGreplicatesunspecified.25BL/U/THU nitrogenTGabsent,no copiesfromair. Initialsame-state only; no launderingdata borrowed.","Testfabrics polyester720H knitted fabric,206g/m2","Testfabrics polyester720H knitted fabric,206g/m2","Testfabrics polyester720H knitted fabric,206g/m2",1% CH3 /1% APP4.2;30BL,,tabulated,"Own initial 1% CH3 /1% APP4.2;30BL atsame206g/m2knittedpolyester matches Table1 numericLOI andTable2 TG by identicalrecipe andBL; all methods/printed tables checked. Air andnitrogen shareoneindependentstate, retainseparateconditions. No generalcontrolLOI, VFTresidue orMCCtemperature substitution.",verified_exact,,journal_article,Local registry explicitly journal-article; publisher original names Polymer Degradation and Stability and accepted publication status,,,600,source_review_approved,910c9d00144ac5056c82b198864bc10ba234ed9b57c37a74781569f6ed410f29,CH/APP-30BL,,,journal preproof,"Journalpreproof numberedpp4-6 methods,p7 Table1,p10 Table2,p12 Table3",92.7,,47.1,22.2,https://doi.org/10.1016/j.polymdegradstab.2019.108998,Complete original primary cover/body/tables/captions/references/highlights/declaration read; printed method and numerical pages viewed. No listedSI inprimary andno distinctmatching localrelatedfile; duplicateoriginals byte-identical. External supplemental inventory notinspected.,,"CH1wt% inHClpH1.5,adjustpH3 with0.1MNaOH. APPbath1wt%APP+11.1wt%1MNaOH+11.1wt%1MHCl+76.8wt%DIwater,APP-watermix thenNaOHto dissolve,thenHClpH4.2. FirstCHdip5min,DIrinse1min,firstAPPdip5min,DIrinse1min; later eachsolutiondip1min andrinse1min;30BL; baths/rinse renewed every5BL; finalDIrinse,dry70C2h.",initial prepared specimen; no durability laundering or aging,38.8
,1,1,10.1016/j.polymdegradstab.2019.108998,Dynisco LOI chamber,Journalpreproof numberedp7 Table1 (1% CH-13% GSM)3 /1% APP4.2;10BL row; ownLOI,26,3,14cm x5.2cm,ISO4589:1996,10.4,,345,,,TA Instruments Q-50,source calls this air atmosphere; separate sample-air and balance-nitrogen purge; resulting O2 fraction not specified,40mL/s nitrogen,850,"mL/s; source printed s-1, not silently changed to min-1",Journalpreproof numberedp10 Table2 (1% CH-13% GSM)3 /1% APP4.2;10BL row;Figures3/4,30,100,60mL/s air,approximately15mg,,ambient temperature,,225,385,421,532,air,10,"Polyester720H knitted206g/m2; CH chitosan Mw approximately60000g/mol,1wt% atpH3; APP ExolitAP422,1wt% atpH4.2; 10bilayers; guanidine sulfamate13wt% inCHbath; dryweightgain19.6%",Journalpreproof numberedpp4-6 Sections2.1-2.3;100C30minTGprehold before10C/min ramp to850C,literature,TG+LOI,2026-10-01,Codex complete original primary and specified supplement review,10,"NativeTonset10% mapped onlyto10%masslossT10,notadditionalTonset. OriginalTmax1/2/3/4 positions retained; absentstages remainblank,no renumbering. NitrogenGSMTable3Tmax2=390C versusprose385C held outsidecleanTmax2; air385Cdistinct. Source purgeunitmL/s retained,notcorrectedtomL/min; sampleair/balanceN2 flows nottranslatedtoinventedgasfractions.100C30minTGhold distinctfromfabric preparation andMCC25-650C/1Csec/5mg/N2-80mLmin. Table2/3 residue600Cexplicit,notR850/finalendpoint despitegenericfinalresidue prose. Residuesatnativepeaktemperatures notunqualifiedchar yield. Table1 VFTresidualweightsnotTG. UncoatedLOIN/A; literature20-21%notownmeasurement. ThreeLOIaverages; uncertainty/TGreplicatesunspecified.25BL/U/THU nitrogenTGabsent,no copiesfromair. Initialsame-state only; no launderingdata borrowed.","Testfabrics polyester720H knitted fabric,206g/m2","Testfabrics polyester720H knitted fabric,206g/m2","Testfabrics polyester720H knitted fabric,206g/m2",(1% CH-13% GSM)3 /1% APP4.2;10BL,13,tabulated,"Own initial (1% CH-13% GSM)3 /1% APP4.2;10BL atsame206g/m2knittedpolyester matches Table1 numericLOI andTable2 TG by identicalrecipe andBL; all methods/printed tables checked. Air andnitrogen shareoneindependentstate, retainseparateconditions. No generalcontrolLOI, VFTresidue orMCCtemperature substitution.",verified_exact,,journal_article,Local registry explicitly journal-article; publisher original names Polymer Degradation and Stability and accepted publication status,,,600,source_review_approved,0f89f51ae6d8e18b60eedc7a627bd6d53a25f6b040f357c24a07ea37cf01b31c,CH:GSM/APP-10BL,,,journal preproof,"Journalpreproof numberedpp4-6 methods,p7 Table1,p10 Table2,p12 Table3",97.1,67.8,37.2,14.6,https://doi.org/10.1016/j.polymdegradstab.2019.108998,Complete original primary cover/body/tables/captions/references/highlights/declaration read; printed method and numerical pages viewed. No listedSI inprimary andno distinctmatching localrelatedfile; duplicateoriginals byte-identical. External supplemental inventory notinspected.,,"CH1wt% inHClpH1.5,adjustpH3 with0.1MNaOH. APPbath1wt%APP+11.1wt%1MNaOH+11.1wt%1MHCl+76.8wt%DIwater,APP-watermix thenNaOHto dissolve,thenHClpH4.2. guanidine sulfamate13wt% dissolved into CH solution. FirstCHdip5min,DIrinse1min,firstAPPdip5min,DIrinse1min; later eachsolutiondip1min andrinse1min;10BL; baths/rinse renewed every5BL; finalDIrinse,dry70C2h.",initial prepared specimen; no durability laundering or aging,19.6
,1,1,10.1016/j.polymdegradstab.2019.108998,Dynisco LOI chamber,Journalpreproof numberedp7 Table1 (1% CH-13% U)3 /1% APP4.2;10BL row; ownLOI,24,3,14cm x5.2cm,ISO4589:1996,9.4,,355,,,TA Instruments Q-50,source calls this air atmosphere; separate sample-air and balance-nitrogen purge; resulting O2 fraction not specified,40mL/s nitrogen,850,"mL/s; source printed s-1, not silently changed to min-1",Journalpreproof numberedp10 Table2 (1% CH-13% U)3 /1% APP4.2;10BL row;Figures3/4,30,100,60mL/s air,approximately15mg,,ambient temperature,,230,,420,529,air,10,"Polyester720H knitted206g/m2; CH chitosan Mw approximately60000g/mol,1wt% atpH3; APP ExolitAP422,1wt% atpH4.2; 10bilayers; urea13wt% inCHbath; dryweightgain17.8%",Journalpreproof numberedpp4-6 Sections2.1-2.3;100C30minTGprehold before10C/min ramp to850C,literature,TG+LOI,2026-10-01,Codex complete original primary and specified supplement review,10,"NativeTonset10% mapped onlyto10%masslossT10,notadditionalTonset. OriginalTmax1/2/3/4 positions retained; absentstages remainblank,no renumbering. NitrogenGSMTable3Tmax2=390C versusprose385C held outsidecleanTmax2; air385Cdistinct. Source purgeunitmL/s retained,notcorrectedtomL/min; sampleair/balanceN2 flows nottranslatedtoinventedgasfractions.100C30minTGhold distinctfromfabric preparation andMCC25-650C/1Csec/5mg/N2-80mLmin. Table2/3 residue600Cexplicit,notR850/finalendpoint despitegenericfinalresidue prose. Residuesatnativepeaktemperatures notunqualifiedchar yield. Table1 VFTresidualweightsnotTG. UncoatedLOIN/A; literature20-21%notownmeasurement. ThreeLOIaverages; uncertainty/TGreplicatesunspecified.25BL/U/THU nitrogenTGabsent,no copiesfromair. Initialsame-state only; no launderingdata borrowed.","Testfabrics polyester720H knitted fabric,206g/m2","Testfabrics polyester720H knitted fabric,206g/m2","Testfabrics polyester720H knitted fabric,206g/m2",(1% CH-13% U)3 /1% APP4.2;10BL,13,tabulated,"Own initial (1% CH-13% U)3 /1% APP4.2;10BL atsame206g/m2knittedpolyester matches Table1 numericLOI andTable2 TG by identicalrecipe andBL; all methods/printed tables checked. Air andnitrogen shareoneindependentstate, retainseparateconditions. No generalcontrolLOI, VFTresidue orMCCtemperature substitution.",verified_exact,,journal_article,Local registry explicitly journal-article; publisher original names Polymer Degradation and Stability and accepted publication status,,,600,source_review_approved,ecf1c81a7257ed02d8fd041eece3836961432f7a03ec66a4390b913274dfd114,CH:U/APP-10BL,,,journal preproof,"Journalpreproof numberedpp4-6 methods,p7 Table1,p10 Table2,p12 Table3",95.0,,44.9,15.4,https://doi.org/10.1016/j.polymdegradstab.2019.108998,Complete original primary cover/body/tables/captions/references/highlights/declaration read; printed method and numerical pages viewed. No listedSI inprimary andno distinctmatching localrelatedfile; duplicateoriginals byte-identical. External supplemental inventory notinspected.,,"CH1wt% inHClpH1.5,adjustpH3 with0.1MNaOH. APPbath1wt%APP+11.1wt%1MNaOH+11.1wt%1MHCl+76.8wt%DIwater,APP-watermix thenNaOHto dissolve,thenHClpH4.2. urea13wt% dissolved into CH solution. FirstCHdip5min,DIrinse1min,firstAPPdip5min,DIrinse1min; later eachsolutiondip1min andrinse1min;10BL; baths/rinse renewed every5BL; finalDIrinse,dry70C2h.",initial prepared specimen; no durability laundering or aging,17.8
,1,1,10.1016/j.polymdegradstab.2019.108998,Dynisco LOI chamber,Journalpreproof numberedp7 Table1 (1% CH-13% THU)3 /1% APP4.2;10BL row; ownLOI,24,3,14cm x5.2cm,ISO4589:1996,9.4,,360,,,TA Instruments Q-50,source calls this air atmosphere; separate sample-air and balance-nitrogen purge; resulting O2 fraction not specified,40mL/s nitrogen,850,"mL/s; source printed s-1, not silently changed to min-1",Journalpreproof numberedp10 Table2 (1% CH-13% THU)3 /1% APP4.2;10BL row;Figures3/4,30,100,60mL/s air,approximately15mg,,ambient temperature,,232,,420,527,air,10,"Polyester720H knitted206g/m2; CH chitosan Mw approximately60000g/mol,1wt% atpH3; APP ExolitAP422,1wt% atpH4.2; 10bilayers; thiourea13wt% inCHbath; dryweightgain17.4%",Journalpreproof numberedpp4-6 Sections2.1-2.3;100C30minTGprehold before10C/min ramp to850C,literature,TG+LOI,2026-10-01,Codex complete original primary and specified supplement review,10,"NativeTonset10% mapped onlyto10%masslossT10,notadditionalTonset. OriginalTmax1/2/3/4 positions retained; absentstages remainblank,no renumbering. NitrogenGSMTable3Tmax2=390C versusprose385C held outsidecleanTmax2; air385Cdistinct. Source purgeunitmL/s retained,notcorrectedtomL/min; sampleair/balanceN2 flows nottranslatedtoinventedgasfractions.100C30minTGhold distinctfromfabric preparation andMCC25-650C/1Csec/5mg/N2-80mLmin. Table2/3 residue600Cexplicit,notR850/finalendpoint despitegenericfinalresidue prose. Residuesatnativepeaktemperatures notunqualifiedchar yield. Table1 VFTresidualweightsnotTG. UncoatedLOIN/A; literature20-21%notownmeasurement. ThreeLOIaverages; uncertainty/TGreplicatesunspecified.25BL/U/THU nitrogenTGabsent,no copiesfromair. Initialsame-state only; no launderingdata borrowed.","Testfabrics polyester720H knitted fabric,206g/m2","Testfabrics polyester720H knitted fabric,206g/m2","Testfabrics polyester720H knitted fabric,206g/m2",(1% CH-13% THU)3 /1% APP4.2;10BL,13,tabulated,"Own initial (1% CH-13% THU)3 /1% APP4.2;10BL atsame206g/m2knittedpolyester matches Table1 numericLOI andTable2 TG by identicalrecipe andBL; all methods/printed tables checked. Air andnitrogen shareoneindependentstate, retainseparateconditions. No generalcontrolLOI, VFTresidue orMCCtemperature substitution.",verified_exact,,journal_article,Local registry explicitly journal-article; publisher original names Polymer Degradation and Stability and accepted publication status,,,600,source_review_approved,21451a17bed85f8a8fa6a9dbe0e57291a5601abc728967a05af222897204a236,CH:THU/APP-10BL,,,journal preproof,"Journalpreproof numberedpp4-6 methods,p7 Table1,p10 Table2,p12 Table3",96.0,,45.0,16.2,https://doi.org/10.1016/j.polymdegradstab.2019.108998,Complete original primary cover/body/tables/captions/references/highlights/declaration read; printed method and numerical pages viewed. No listedSI inprimary andno distinctmatching localrelatedfile; duplicateoriginals byte-identical. External supplemental inventory notinspected.,,"CH1wt% inHClpH1.5,adjustpH3 with0.1MNaOH. APPbath1wt%APP+11.1wt%1MNaOH+11.1wt%1MHCl+76.8wt%DIwater,APP-watermix thenNaOHto dissolve,thenHClpH4.2. thiourea13wt% dissolved into CH solution. FirstCHdip5min,DIrinse1min,firstAPPdip5min,DIrinse1min; later eachsolutiondip1min andrinse1min;10BL; baths/rinse renewed every5BL; finalDIrinse,dry70C2h.",initial prepared specimen; no durability laundering or aging,17.4
,,,10.1016/j.polymdegradstab.2019.108998,Dynisco LOI chamber,"OriginalTable1 uncoatedLOI=N/A; generic20-21%is citation,not measuredowncontrol",,3,14cm x5.2cm,ISO4589:1996,17.4,,409,,,TA Instruments Q-50,sample and balance nitrogen purges,60mL/s nitrogen,850,"mL/s; source printed s-1, not silently changed to min-1",Journalpreproof numberedp12 Table3 Uncoated Polyester row;Figures3/4,30,100,40mL/s nitrogen,approximately15mg,,ambient temperature,,,,435,595,nitrogen,0,Polyester720H knitted206g/m2; uncoated reference,Journalpreproof numberedpp4-6 Sections2.1-2.3;100C30minTGprehold before10C/min ramp to850C,literature,TG only,2026-10-01,Codex complete original primary and specified supplement review,10,"NativeTonset10% mapped onlyto10%masslossT10,notadditionalTonset. OriginalTmax1/2/3/4 positions retained; absentstages remainblank,no renumbering. NitrogenGSMTable3Tmax2=390C versusprose385C held outsidecleanTmax2; air385Cdistinct. Source purgeunitmL/s retained,notcorrectedtomL/min; sampleair/balanceN2 flows nottranslatedtoinventedgasfractions.100C30minTGhold distinctfromfabric preparation andMCC25-650C/1Csec/5mg/N2-80mLmin. Table2/3 residue600Cexplicit,notR850/finalendpoint despitegenericfinalresidue prose. Residuesatnativepeaktemperatures notunqualifiedchar yield. Table1 VFTresidualweightsnotTG. UncoatedLOIN/A; literature20-21%notownmeasurement. ThreeLOIaverages; uncertainty/TGreplicatesunspecified.25BL/U/THU nitrogenTGabsent,no copiesfromair. Initialsame-state only; no launderingdata borrowed.","Testfabrics polyester720H knitted fabric,206g/m2","Testfabrics polyester720H knitted fabric,206g/m2","Testfabrics polyester720H knitted fabric,206g/m2",Uncoated Polyester,,tabulated,"Own initial Uncoated Polyester atsame206g/m2knittedpolyester matches Table1 numericLOI andTable3 TG by identicalrecipe andBL; all methods/printed tables checked. Air andnitrogen shareoneindependentstate, retainseparateconditions. No generalcontrolLOI, VFTresidue orMCCtemperature substitution.",TG_only_no_exact_same_state_LOI,,journal_article,Local registry explicitly journal-article; publisher original names Polymer Degradation and Stability and accepted publication status,,,600,reviewed_TG_unpaired,,Uncoated Polyester,,,journal preproof,"Journalpreproof numberedpp4-6 methods,p7 Table1,p10 Table2,p12 Table3",,,53.2,17.6,https://doi.org/10.1016/j.polymdegradstab.2019.108998,Complete original primary cover/body/tables/captions/references/highlights/declaration read; printed method and numerical pages viewed. No listedSI inprimary andno distinctmatching localrelatedfile; duplicateoriginals byte-identical. External supplemental inventory notinspected.,,Own uncoated knitted polyester; no coating deposition or70C finishing dry assigned,initial prepared specimen; no durability laundering or aging,0
,1,1,10.1016/j.polymdegradstab.2019.108998,Dynisco LOI chamber,Journalpreproof numberedp7 Table1 1% CH3 /1% APP4.2;10BL row; ownLOI,23,3,14cm x5.2cm,ISO4589:1996,24.6,,395,,,TA Instruments Q-50,sample and balance nitrogen purges,60mL/s nitrogen,850,"mL/s; source printed s-1, not silently changed to min-1",Journalpreproof numberedp12 Table3 1% CH3 /1% APP4.2;10BL row;Figures3/4,30,100,40mL/s nitrogen,approximately15mg,,ambient temperature,,230,,438,599,nitrogen,10,"Polyester720H knitted206g/m2; CH chitosan Mw approximately60000g/mol,1wt% atpH3; APP ExolitAP422,1wt% atpH4.2; 10bilayers; dryweightgain16.1%",Journalpreproof numberedpp4-6 Sections2.1-2.3;100C30minTGprehold before10C/min ramp to850C,literature,TG+LOI,2026-10-01,Codex complete original primary and specified supplement review,10,"NativeTonset10% mapped onlyto10%masslossT10,notadditionalTonset. OriginalTmax1/2/3/4 positions retained; absentstages remainblank,no renumbering. NitrogenGSMTable3Tmax2=390C versusprose385C held outsidecleanTmax2; air385Cdistinct. Source purgeunitmL/s retained,notcorrectedtomL/min; sampleair/balanceN2 flows nottranslatedtoinventedgasfractions.100C30minTGhold distinctfromfabric preparation andMCC25-650C/1Csec/5mg/N2-80mLmin. Table2/3 residue600Cexplicit,notR850/finalendpoint despitegenericfinalresidue prose. Residuesatnativepeaktemperatures notunqualifiedchar yield. Table1 VFTresidualweightsnotTG. UncoatedLOIN/A; literature20-21%notownmeasurement. ThreeLOIaverages; uncertainty/TGreplicatesunspecified.25BL/U/THU nitrogenTGabsent,no copiesfromair. Initialsame-state only; no launderingdata borrowed.","Testfabrics polyester720H knitted fabric,206g/m2","Testfabrics polyester720H knitted fabric,206g/m2","Testfabrics polyester720H knitted fabric,206g/m2",1% CH3 /1% APP4.2;10BL,,tabulated,"Own initial 1% CH3 /1% APP4.2;10BL atsame206g/m2knittedpolyester matches Table1 numericLOI andTable3 TG by identicalrecipe andBL; all methods/printed tables checked. Air andnitrogen shareoneindependentstate, retainseparateconditions. No generalcontrolLOI, VFTresidue orMCCtemperature substitution.",verified_exact,,journal_article,Local registry explicitly journal-article; publisher original names Polymer Degradation and Stability and accepted publication status,,,600,source_review_approved,c144ca400cb0bde460ab178da75b564cea5ca985724a6c813afcd0a34e240b40,CH/APP-10BL,,,journal preproof,"Journalpreproof numberedpp4-6 methods,p7 Table1,p10 Table2,p12 Table3",97.6,,52.8,24.8,https://doi.org/10.1016/j.polymdegradstab.2019.108998,Complete original primary cover/body/tables/captions/references/highlights/declaration read; printed method and numerical pages viewed. No listedSI inprimary andno distinctmatching localrelatedfile; duplicateoriginals byte-identical. External supplemental inventory notinspected.,,"CH1wt% inHClpH1.5,adjustpH3 with0.1MNaOH. APPbath1wt%APP+11.1wt%1MNaOH+11.1wt%1MHCl+76.8wt%DIwater,APP-watermix thenNaOHto dissolve,thenHClpH4.2. FirstCHdip5min,DIrinse1min,firstAPPdip5min,DIrinse1min; later eachsolutiondip1min andrinse1min;10BL; baths/rinse renewed every5BL; finalDIrinse,dry70C2h.",initial prepared specimen; no durability laundering or aging,16.1
,1,1,10.1016/j.polymdegradstab.2019.108998,Dynisco LOI chamber,Journalpreproof numberedp7 Table1 1% CH3 /1% APP4.2;30BL row; ownLOI,26,3,14cm x5.2cm,ISO4589:1996,28.5,,364,,,TA Instruments Q-50,sample and balance nitrogen purges,60mL/s nitrogen,850,"mL/s; source printed s-1, not silently changed to min-1",Journalpreproof numberedp12 Table3 1% CH3 /1% APP4.2;30BL row;Figures3/4,30,100,40mL/s nitrogen,approximately15mg,,ambient temperature,,232,,436,585,nitrogen,30,"Polyester720H knitted206g/m2; CH chitosan Mw approximately60000g/mol,1wt% atpH3; APP ExolitAP422,1wt% atpH4.2; 30bilayers; dryweightgain38.8%",Journalpreproof numberedpp4-6 Sections2.1-2.3;100C30minTGprehold before10C/min ramp to850C,literature,TG+LOI,2026-10-01,Codex complete original primary and specified supplement review,10,"NativeTonset10% mapped onlyto10%masslossT10,notadditionalTonset. OriginalTmax1/2/3/4 positions retained; absentstages remainblank,no renumbering. NitrogenGSMTable3Tmax2=390C versusprose385C held outsidecleanTmax2; air385Cdistinct. Source purgeunitmL/s retained,notcorrectedtomL/min; sampleair/balanceN2 flows nottranslatedtoinventedgasfractions.100C30minTGhold distinctfromfabric preparation andMCC25-650C/1Csec/5mg/N2-80mLmin. Table2/3 residue600Cexplicit,notR850/finalendpoint despitegenericfinalresidue prose. Residuesatnativepeaktemperatures notunqualifiedchar yield. Table1 VFTresidualweightsnotTG. UncoatedLOIN/A; literature20-21%notownmeasurement. ThreeLOIaverages; uncertainty/TGreplicatesunspecified.25BL/U/THU nitrogenTGabsent,no copiesfromair. Initialsame-state only; no launderingdata borrowed.","Testfabrics polyester720H knitted fabric,206g/m2","Testfabrics polyester720H knitted fabric,206g/m2","Testfabrics polyester720H knitted fabric,206g/m2",1% CH3 /1% APP4.2;30BL,,tabulated,"Own initial 1% CH3 /1% APP4.2;30BL atsame206g/m2knittedpolyester matches Table1 numericLOI andTable3 TG by identicalrecipe andBL; all methods/printed tables checked. Air andnitrogen shareoneindependentstate, retainseparateconditions. No generalcontrolLOI, VFTresidue orMCCtemperature substitution.",verified_exact,,journal_article,Local registry explicitly journal-article; publisher original names Polymer Degradation and Stability and accepted publication status,,,600,source_review_approved,487a9ba6cd1fa1812fa96f394fc468812d30f3c3fa94c2db6db0b5869b77e565,CH/APP-30BL,,,journal preproof,"Journalpreproof numberedpp4-6 methods,p7 Table1,p10 Table2,p12 Table3",95.8,,52.6,29.5,https://doi.org/10.1016/j.polymdegradstab.2019.108998,Complete original primary cover/body/tables/captions/references/highlights/declaration read; printed method and numerical pages viewed. No listedSI inprimary andno distinctmatching localrelatedfile; duplicateoriginals byte-identical. External supplemental inventory notinspected.,,"CH1wt% inHClpH1.5,adjustpH3 with0.1MNaOH. APPbath1wt%APP+11.1wt%1MNaOH+11.1wt%1MHCl+76.8wt%DIwater,APP-watermix thenNaOHto dissolve,thenHClpH4.2. FirstCHdip5min,DIrinse1min,firstAPPdip5min,DIrinse1min; later eachsolutiondip1min andrinse1min;30BL; baths/rinse renewed every5BL; finalDIrinse,dry70C2h.",initial prepared specimen; no durability laundering or aging,38.8
,1,1,10.1016/j.polymdegradstab.2019.108998,Dynisco LOI chamber,Journalpreproof numberedp7 Table1 (1% CH-13% GSM)3 /1% APP4.2;10BL row; ownLOI,26,3,14cm x5.2cm,ISO4589:1996,22.9,,354,,,TA Instruments Q-50,sample and balance nitrogen purges,60mL/s nitrogen,850,"mL/s; source printed s-1, not silently changed to min-1",Journalpreproof numberedp12 Table3 (1% CH-13% GSM)3 /1% APP4.2;10BL row;Figures3/4,30,100,40mL/s nitrogen,approximately15mg,,ambient temperature,,232,,430,584,nitrogen,10,"Polyester720H knitted206g/m2; CH chitosan Mw approximately60000g/mol,1wt% atpH3; APP ExolitAP422,1wt% atpH4.2; 10bilayers; guanidine sulfamate13wt% inCHbath; dryweightgain19.6%",Journalpreproof numberedpp4-6 Sections2.1-2.3;100C30minTGprehold before10C/min ramp to850C,literature,TG+LOI,2026-10-01,Codex complete original primary and specified supplement review,10,"NativeTonset10% mapped onlyto10%masslossT10,notadditionalTonset. OriginalTmax1/2/3/4 positions retained; absentstages remainblank,no renumbering. NitrogenGSMTable3Tmax2=390C versusprose385C held outsidecleanTmax2; air385Cdistinct. Source purgeunitmL/s retained,notcorrectedtomL/min; sampleair/balanceN2 flows nottranslatedtoinventedgasfractions.100C30minTGhold distinctfromfabric preparation andMCC25-650C/1Csec/5mg/N2-80mLmin. Table2/3 residue600Cexplicit,notR850/finalendpoint despitegenericfinalresidue prose. Residuesatnativepeaktemperatures notunqualifiedchar yield. Table1 VFTresidualweightsnotTG. UncoatedLOIN/A; literature20-21%notownmeasurement. ThreeLOIaverages; uncertainty/TGreplicatesunspecified.25BL/U/THU nitrogenTGabsent,no copiesfromair. Initialsame-state only; no launderingdata borrowed.","Testfabrics polyester720H knitted fabric,206g/m2","Testfabrics polyester720H knitted fabric,206g/m2","Testfabrics polyester720H knitted fabric,206g/m2",(1% CH-13% GSM)3 /1% APP4.2;10BL,13,tabulated,"Own initial (1% CH-13% GSM)3 /1% APP4.2;10BL atsame206g/m2knittedpolyester matches Table1 numericLOI andTable3 TG by identicalrecipe andBL; all methods/printed tables checked. Air andnitrogen shareoneindependentstate, retainseparateconditions. No generalcontrolLOI, VFTresidue orMCCtemperature substitution.",verified_exact,,journal_article,Local registry explicitly journal-article; publisher original names Polymer Degradation and Stability and accepted publication status,,,600,source_review_approved,1257d16117318c4aaf8dfd144a246e9de0e11ee09a4a4374e88ddc7f481e15ad,CH:GSM/APP-10BL,385,390,journal preproof,"Journalpreproof numberedpp4-6 methods,p7 Table1,p10 Table2,p12 Table3",96.9,73.6,45.5,23.9,https://doi.org/10.1016/j.polymdegradstab.2019.108998,Complete original primary cover/body/tables/captions/references/highlights/declaration read; printed method and numerical pages viewed. No listedSI inprimary andno distinctmatching localrelatedfile; duplicateoriginals byte-identical. External supplemental inventory notinspected.,,"CH1wt% inHClpH1.5,adjustpH3 with0.1MNaOH. APPbath1wt%APP+11.1wt%1MNaOH+11.1wt%1MHCl+76.8wt%DIwater,APP-watermix thenNaOHto dissolve,thenHClpH4.2. guanidine sulfamate13wt% dissolved into CH solution. FirstCHdip5min,DIrinse1min,firstAPPdip5min,DIrinse1min; later eachsolutiondip1min andrinse1min;10BL; baths/rinse renewed every5BL; finalDIrinse,dry70C2h.",initial prepared specimen; no durability laundering or aging,19.6
,,,10.1016/j.polymdegradstab.2019.04.009,M606B,Publishedp154 Table7 0LCs 0%controlLOI17.8,17.8,,150mm x48mm,ASTM D2863-2000,,,331,372,297,Perkin-Elmer Pyris1,,,800,,Publishedp151 Table2 Control cotton in N2 row;pp151-152 text explicitly760Cfabricresidue,,,,,25,,,368,,,,nitrogen,,"ACMPEP=ammonium salt of cholamine(methylenephosphonic acid)ethylene-organic phosphate acid; own100%woven115g/m2cotton; ownuntreatedcontrol,notintroductorygenericcottonLOI17%","Publishedp147 Section2.4 TG25-800C,20K/min,N2/air andLOI;pp146/148 Sections2.3/3.1 recipe andexplicitallnonLOItests30%only",literature,TG+LOI,2026-10-01,Codex complete original primary and specified supplement review,20,"Section3.1 explicitlyallsubsequenttests exceptLOI/verticalflame on30%ACMPEP; 20%/25%LOI39.2/40.1 and10-50cycleLOIseries lacksameTG,nofabrications.30%bath differs33.4%initialweightgain. OwninitialTG/LOIfabric correspondence throughSections2.3/3.1/3.5 andconclusion; fiberwording refersconstituentcottonstructure,notseparatespunfiberformulation; no conversiontofiberorpowder. NativeT5/T10/T50 mass-loss thresholds notonset; <100Cwater evaporation notTmax. Explicitfabricresidues760CnotR800; purecompound genericresiduetemperatureunknown. TGgasflow/mass/replicates andLOIreplicates/uncertainty missing; TG-IR8mg/40CstartnotTGmethod. Dicyandiamideamount andfinaldrytemperatureunspecified. SourceWGformula W0undefined andbefore/afterW1/W2 wording inconsistent; useprintedpositiveTable1/Table7 WGonly,norecalculation. SourceCONETTI/char/PHRR andverticalcharlengthprose/tableconflictsnotTG/LOI.50LCs describescommercial-launderingequivalent withone49C/45min/0.15wt%detergenttestequivalentfivecommercialwashes; noTGafter50LCs.","100% woven cotton fabric,115g/m2; source fabric count570x340(unitnotreported)","100% woven cotton fabric,115g/m2; source fabric count570x340(unitnotreported)","100% woven cotton fabric,115g/m2; source fabric count570x340(unitnotreported)",,,tabulated,Own Control cotton corresponds to Table2 nitrogen TG andTable7 0LCsLOI;Section3.1 explicitlyrestricts TG to30%treatedfabric. Samewoven115g/m2base andinitialstate verifiedthroughpreparation/conclusion. One state countedonce acrossnitrogen/air; nootherconcentration/washed/controlcitation mapping. CompleteofficialSI productcharacterizationchecked.,verified_exact,,journal_article,Local registry explicitly journal-article; publisher original names Polymer Degradation and Stability and accepted publication status,,5.9,760,source_review_approved,333d50182923bc1139cb50c24be23f4e72180eeb22b53f4978362234d9340f98,Control cotton,,,published version of record,Publishedpp146-148 Sections2.1-2.4/3.1;pp151-152 Table2 andTGtext;p154 Table7;officialSI FigsS1-S3,,,,,https://doi.org/10.1016/j.polymdegradstab.2019.04.009,Complete12-page publishedprimary text/tables/captions/references andcompleteofficialSI DOCXtext/captions/allthree embedded1H/13C/31PNMR spectra reviewed. SI productformula andnumbering matchmain; noextraTG/LOI. Duplicateoriginals byte-identical; allcachesexternal.,https://ars.els-cdn.com/content/image/1-s2.0-S0141391019301272-mmc1.docx,"ACMPEPsynthesis:DEA57.50mL/.6mol+formaldehyde47.53mL/.6mol+distilledwater,phosphorousacid49.2g/.6mol at40C;100-105C90min;phosphoricacid40.92mL/.6mol,150C4h;urea72.06g/1.2mol,160C1h;ethanolprecipitation/filter/airandovendry; finaldicyandiamidecatalystamount unspecified. No textilefinishingstateassignedtopurecompound oruntreatedcontrol.",initial prepared specimen; no durability laundering or aging,
30,,,10.1016/j.polymdegradstab.2019.04.009,M606B,Publishedp154 Table7 0LCs 30%LOI42.0,42.0,,150mm x48mm,ASTM D2863-2000,,,273,434,253,Perkin-Elmer Pyris1,,,800,,Publishedp151 Table2 Treated cotton in N2 row;pp151-152 text explicitly760Cfabricresidue,,,,,25,,,296,,,,nitrogen,,ACMPEP=ammonium salt of cholamine(methylenephosphonic acid)ethylene-organic phosphate acid; own100%woven115g/m2cotton; 30wt%aqueousACMPEPbath anddicyandiamidecatalyst; measuredWG33.4%/EDS-P7.40wt%,"Publishedp147 Section2.4 TG25-800C,20K/min,N2/air andLOI;pp146/148 Sections2.3/3.1 recipe andexplicitallnonLOItests30%only",literature,TG+LOI,2026-10-01,Codex complete original primary and specified supplement review,20,"Section3.1 explicitlyallsubsequenttests exceptLOI/verticalflame on30%ACMPEP; 20%/25%LOI39.2/40.1 and10-50cycleLOIseries lacksameTG,nofabrications.30%bath differs33.4%initialweightgain. OwninitialTG/LOIfabric correspondence throughSections2.3/3.1/3.5 andconclusion; fiberwording refersconstituentcottonstructure,notseparatespunfiberformulation; no conversiontofiberorpowder. NativeT5/T10/T50 mass-loss thresholds notonset; <100Cwater evaporation notTmax. Explicitfabricresidues760CnotR800; purecompound genericresiduetemperatureunknown. TGgasflow/mass/replicates andLOIreplicates/uncertainty missing; TG-IR8mg/40CstartnotTGmethod. Dicyandiamideamount andfinaldrytemperatureunspecified. SourceWGformula W0undefined andbefore/afterW1/W2 wording inconsistent; useprintedpositiveTable1/Table7 WGonly,norecalculation. SourceCONETTI/char/PHRR andverticalcharlengthprose/tableconflictsnotTG/LOI.50LCs describescommercial-launderingequivalent withone49C/45min/0.15wt%detergenttestequivalentfivecommercialwashes; noTGafter50LCs.","100% woven cotton fabric,115g/m2; source fabric count570x340(unitnotreported)","100% woven cotton fabric,115g/m2; source fabric count570x340(unitnotreported)","100% woven cotton fabric,115g/m2; source fabric count570x340(unitnotreported)",,,tabulated,Own 30% ACMPEP-treated cotton corresponds to Table2 nitrogen TG andTable7 0LCsLOI;Section3.1 explicitlyrestricts TG to30%treatedfabric. Samewoven115g/m2base andinitialstate verifiedthroughpreparation/conclusion. One state countedonce acrossnitrogen/air; nootherconcentration/washed/controlcitation mapping. CompleteofficialSI productcharacterizationchecked.,verified_exact,7.4,journal_article,Local registry explicitly journal-article; publisher original names Polymer Degradation and Stability and accepted publication status,,22.4,760,source_review_approved,581c1432bb06d476adfb0c3b298987a44fac9d8306505778d49020f9ccc55fd4,30% ACMPEP-treated cotton,,,published version of record,Publishedpp146-148 Sections2.1-2.4/3.1;pp151-152 Table2 andTGtext;p154 Table7;officialSI FigsS1-S3,,,,,https://doi.org/10.1016/j.polymdegradstab.2019.04.009,Complete12-page publishedprimary text/tables/captions/references andcompleteofficialSI DOCXtext/captions/allthree embedded1H/13C/31PNMR spectra reviewed. SI productformula andnumbering matchmain; noextraTG/LOI. Duplicateoriginals byte-identical; allcachesexternal.,https://ars.els-cdn.com/content/image/1-s2.0-S0141391019301272-mmc1.docx,"ACMPEPsynthesis:DEA57.50mL/.6mol+formaldehyde47.53mL/.6mol+distilledwater,phosphorousacid49.2g/.6mol at40C;100-105C90min;phosphoricacid40.92mL/.6mol,150C4h;urea72.06g/1.2mol,160C1h;ethanolprecipitation/filter/airandovendry; finaldicyandiamidecatalystamount unspecified. Ownwovenfabric dipped30wt%ACMPEPaqueousbath,liquor1:20w/v,70C20min,dipsandnips150%pickup,cure190C6min,runningwaterrinse2min,dry1h(temperatureunstated). Initialpreparationrinse,notdurabilitywash.",initial prepared specimen; no durability laundering or aging,33.4
,,,10.1016/j.polymdegradstab.2019.04.009,M606B,Publishedp154 Table7 0LCs 0%controlLOI17.8,17.8,,150mm x48mm,ASTM D2863-2000,,,327,378,269,Perkin-Elmer Pyris1,,,800,,Publishedp151 Table2 Control cotton in air row;pp151-152 text explicitly760Cfabricresidue,,,,,25,,,352,,,,air,,"ACMPEP=ammonium salt of cholamine(methylenephosphonic acid)ethylene-organic phosphate acid; own100%woven115g/m2cotton; ownuntreatedcontrol,notintroductorygenericcottonLOI17%","Publishedp147 Section2.4 TG25-800C,20K/min,N2/air andLOI;pp146/148 Sections2.3/3.1 recipe andexplicitallnonLOItests30%only",literature,TG+LOI,2026-10-01,Codex complete original primary and specified supplement review,20,"Section3.1 explicitlyallsubsequenttests exceptLOI/verticalflame on30%ACMPEP; 20%/25%LOI39.2/40.1 and10-50cycleLOIseries lacksameTG,nofabrications.30%bath differs33.4%initialweightgain. OwninitialTG/LOIfabric correspondence throughSections2.3/3.1/3.5 andconclusion; fiberwording refersconstituentcottonstructure,notseparatespunfiberformulation; no conversiontofiberorpowder. NativeT5/T10/T50 mass-loss thresholds notonset; <100Cwater evaporation notTmax. Explicitfabricresidues760CnotR800; purecompound genericresiduetemperatureunknown. TGgasflow/mass/replicates andLOIreplicates/uncertainty missing; TG-IR8mg/40CstartnotTGmethod. Dicyandiamideamount andfinaldrytemperatureunspecified. SourceWGformula W0undefined andbefore/afterW1/W2 wording inconsistent; useprintedpositiveTable1/Table7 WGonly,norecalculation. SourceCONETTI/char/PHRR andverticalcharlengthprose/tableconflictsnotTG/LOI.50LCs describescommercial-launderingequivalent withone49C/45min/0.15wt%detergenttestequivalentfivecommercialwashes; noTGafter50LCs.","100% woven cotton fabric,115g/m2; source fabric count570x340(unitnotreported)","100% woven cotton fabric,115g/m2; source fabric count570x340(unitnotreported)","100% woven cotton fabric,115g/m2; source fabric count570x340(unitnotreported)",,,tabulated,Own Control cotton corresponds to Table2 air TG andTable7 0LCsLOI;Section3.1 explicitlyrestricts TG to30%treatedfabric. Samewoven115g/m2base andinitialstate verifiedthroughpreparation/conclusion. One state countedonce acrossnitrogen/air; nootherconcentration/washed/controlcitation mapping. CompleteofficialSI productcharacterizationchecked.,verified_exact,,journal_article,Local registry explicitly journal-article; publisher original names Polymer Degradation and Stability and accepted publication status,,1.1,760,source_review_approved,7e76793b5cea20117238d94c090faab8a973dad262fc9b05f4db5fcd9deb9dc6,Control cotton,,,published version of record,Publishedpp146-148 Sections2.1-2.4/3.1;pp151-152 Table2 andTGtext;p154 Table7;officialSI FigsS1-S3,,,,,https://doi.org/10.1016/j.polymdegradstab.2019.04.009,Complete12-page publishedprimary text/tables/captions/references andcompleteofficialSI DOCXtext/captions/allthree embedded1H/13C/31PNMR spectra reviewed. SI productformula andnumbering matchmain; noextraTG/LOI. Duplicateoriginals byte-identical; allcachesexternal.,https://ars.els-cdn.com/content/image/1-s2.0-S0141391019301272-mmc1.docx,"ACMPEPsynthesis:DEA57.50mL/.6mol+formaldehyde47.53mL/.6mol+distilledwater,phosphorousacid49.2g/.6mol at40C;100-105C90min;phosphoricacid40.92mL/.6mol,150C4h;urea72.06g/1.2mol,160C1h;ethanolprecipitation/filter/airandovendry; finaldicyandiamidecatalystamount unspecified. No textilefinishingstateassignedtopurecompound oruntreatedcontrol.",initial prepared specimen; no durability laundering or aging,
30,,,10.1016/j.polymdegradstab.2019.04.009,M606B,Publishedp154 Table7 0LCs 30%LOI42.0,42.0,,150mm x48mm,ASTM D2863-2000,,,282,423,247,Perkin-Elmer Pyris1,,,800,,Publishedp151 Table2 Treated cotton in air row;pp151-152 text explicitly760Cfabricresidue,,,,,25,,,294,,,,air,,ACMPEP=ammonium salt of cholamine(methylenephosphonic acid)ethylene-organic phosphate acid; own100%woven115g/m2cotton; 30wt%aqueousACMPEPbath anddicyandiamidecatalyst; measuredWG33.4%/EDS-P7.40wt%,"Publishedp147 Section2.4 TG25-800C,20K/min,N2/air andLOI;pp146/148 Sections2.3/3.1 recipe andexplicitallnonLOItests30%only",literature,TG+LOI,2026-10-01,Codex complete original primary and specified supplement review,20,"Section3.1 explicitlyallsubsequenttests exceptLOI/verticalflame on30%ACMPEP; 20%/25%LOI39.2/40.1 and10-50cycleLOIseries lacksameTG,nofabrications.30%bath differs33.4%initialweightgain. OwninitialTG/LOIfabric correspondence throughSections2.3/3.1/3.5 andconclusion; fiberwording refersconstituentcottonstructure,notseparatespunfiberformulation; no conversiontofiberorpowder. NativeT5/T10/T50 mass-loss thresholds notonset; <100Cwater evaporation notTmax. Explicitfabricresidues760CnotR800; purecompound genericresiduetemperatureunknown. TGgasflow/mass/replicates andLOIreplicates/uncertainty missing; TG-IR8mg/40CstartnotTGmethod. Dicyandiamideamount andfinaldrytemperatureunspecified. SourceWGformula W0undefined andbefore/afterW1/W2 wording inconsistent; useprintedpositiveTable1/Table7 WGonly,norecalculation. SourceCONETTI/char/PHRR andverticalcharlengthprose/tableconflictsnotTG/LOI.50LCs describescommercial-launderingequivalent withone49C/45min/0.15wt%detergenttestequivalentfivecommercialwashes; noTGafter50LCs.","100% woven cotton fabric,115g/m2; source fabric count570x340(unitnotreported)","100% woven cotton fabric,115g/m2; source fabric count570x340(unitnotreported)","100% woven cotton fabric,115g/m2; source fabric count570x340(unitnotreported)",,,tabulated,Own 30% ACMPEP-treated cotton corresponds to Table2 air TG andTable7 0LCsLOI;Section3.1 explicitlyrestricts TG to30%treatedfabric. Samewoven115g/m2base andinitialstate verifiedthroughpreparation/conclusion. One state countedonce acrossnitrogen/air; nootherconcentration/washed/controlcitation mapping. CompleteofficialSI productcharacterizationchecked.,verified_exact,7.4,journal_article,Local registry explicitly journal-article; publisher original names Polymer Degradation and Stability and accepted publication status,,10.0,760,source_review_approved,2856c674ab7b85bad8365143449bf042d937618bcf5dbcce85203c9c1e403b27,30% ACMPEP-treated cotton,,,published version of record,Publishedpp146-148 Sections2.1-2.4/3.1;pp151-152 Table2 andTGtext;p154 Table7;officialSI FigsS1-S3,,,,,https://doi.org/10.1016/j.polymdegradstab.2019.04.009,Complete12-page publishedprimary text/tables/captions/references andcompleteofficialSI DOCXtext/captions/allthree embedded1H/13C/31PNMR spectra reviewed. SI productformula andnumbering matchmain; noextraTG/LOI. Duplicateoriginals byte-identical; allcachesexternal.,https://ars.els-cdn.com/content/image/1-s2.0-S0141391019301272-mmc1.docx,"ACMPEPsynthesis:DEA57.50mL/.6mol+formaldehyde47.53mL/.6mol+distilledwater,phosphorousacid49.2g/.6mol at40C;100-105C90min;phosphoricacid40.92mL/.6mol,150C4h;urea72.06g/1.2mol,160C1h;ethanolprecipitation/filter/airandovendry; finaldicyandiamidecatalystamount unspecified. Ownwovenfabric dipped30wt%ACMPEPaqueousbath,liquor1:20w/v,70C20min,dipsandnips150%pickup,cure190C6min,runningwaterrinse2min,dry1h(temperatureunstated). Initialpreparationrinse,notdurabilitywash.",initial prepared specimen; no durability laundering or aging,33.4
,,,10.1016/j.polymdegradstab.2019.04.009,M606B,PureACMPEPnoownLOI,,,150mm x48mm,ASTM D2863-2000,,,254,686,228,Perkin-Elmer Pyris1,,,800,,Publishedp151 Table2 ACMPEP in N2 row;pp151-152 text explicitly760Cfabricresidue,,,,,25,,,718,,,,nitrogen,,"ACMPEP=ammonium salt of cholamine(methylenephosphonic acid)ethylene-organic phosphate acid; purecompound,notfabric","Publishedp147 Section2.4 TG25-800C,20K/min,N2/air andLOI;pp146/148 Sections2.3/3.1 recipe andexplicitallnonLOItests30%only",literature,TG only,2026-10-01,Codex complete original primary and specified supplement review,20,"Section3.1 explicitlyallsubsequenttests exceptLOI/verticalflame on30%ACMPEP; 20%/25%LOI39.2/40.1 and10-50cycleLOIseries lacksameTG,nofabrications.30%bath differs33.4%initialweightgain. OwninitialTG/LOIfabric correspondence throughSections2.3/3.1/3.5 andconclusion; fiberwording refersconstituentcottonstructure,notseparatespunfiberformulation; no conversiontofiberorpowder. NativeT5/T10/T50 mass-loss thresholds notonset; <100Cwater evaporation notTmax. Explicitfabricresidues760CnotR800; purecompound genericresiduetemperatureunknown. TGgasflow/mass/replicates andLOIreplicates/uncertainty missing; TG-IR8mg/40CstartnotTGmethod. Dicyandiamideamount andfinaldrytemperatureunspecified. SourceWGformula W0undefined andbefore/afterW1/W2 wording inconsistent; useprintedpositiveTable1/Table7 WGonly,norecalculation. SourceCONETTI/char/PHRR andverticalcharlengthprose/tableconflictsnotTG/LOI.50LCs describescommercial-launderingequivalent withone49C/45min/0.15wt%detergenttestequivalentfivecommercialwashes; noTGafter50LCs.",Synthesized ACMPEP compound; no textile specimen,Synthesized ACMPEP compound; no textile specimen,Synthesized ACMPEP compound; no textile specimen,,,tabulated,Own ACMPEP compound corresponds to Table2 nitrogen TG andTable7 0LCsLOI;Section3.1 explicitlyrestricts TG to30%treatedfabric. Samewoven115g/m2base andinitialstate verifiedthroughpreparation/conclusion. One state countedonce acrossnitrogen/air; nootherconcentration/washed/controlcitation mapping. CompleteofficialSI productcharacterizationchecked.,TG_only_no_exact_same_state_LOI,,journal_article,Local registry explicitly journal-article; publisher original names Polymer Degradation and Stability and accepted publication status,,33.3,,reviewed_TG_unpaired,,ACMPEP compound,,,published version of record,Publishedpp146-148 Sections2.1-2.4/3.1;pp151-152 Table2 andTGtext;p154 Table7;officialSI FigsS1-S3,,,,,https://doi.org/10.1016/j.polymdegradstab.2019.04.009,Complete12-page publishedprimary text/tables/captions/references andcompleteofficialSI DOCXtext/captions/allthree embedded1H/13C/31PNMR spectra reviewed. SI productformula andnumbering matchmain; noextraTG/LOI. Duplicateoriginals byte-identical; allcachesexternal.,https://ars.els-cdn.com/content/image/1-s2.0-S0141391019301272-mmc1.docx,"ACMPEPsynthesis:DEA57.50mL/.6mol+formaldehyde47.53mL/.6mol+distilledwater,phosphorousacid49.2g/.6mol at40C;100-105C90min;phosphoricacid40.92mL/.6mol,150C4h;urea72.06g/1.2mol,160C1h;ethanolprecipitation/filter/airandovendry; finaldicyandiamidecatalystamount unspecified. No textilefinishingstateassignedtopurecompound oruntreatedcontrol.",initial prepared specimen; no durability laundering or aging,
,,,10.1016/j.polymdegradstab.2019.04.009,M606B,PureACMPEPnoownLOI,,,150mm x48mm,ASTM D2863-2000,,,235,663,162,Perkin-Elmer Pyris1,,,800,,Publishedp151 Table2 ACMPEP in air row;pp151-152 text explicitly760Cfabricresidue,,,,,25,,,718,,,,air,,"ACMPEP=ammonium salt of cholamine(methylenephosphonic acid)ethylene-organic phosphate acid; purecompound,notfabric","Publishedp147 Section2.4 TG25-800C,20K/min,N2/air andLOI;pp146/148 Sections2.3/3.1 recipe andexplicitallnonLOItests30%only",literature,TG only,2026-10-01,Codex complete original primary and specified supplement review,20,"Section3.1 explicitlyallsubsequenttests exceptLOI/verticalflame on30%ACMPEP; 20%/25%LOI39.2/40.1 and10-50cycleLOIseries lacksameTG,nofabrications.30%bath differs33.4%initialweightgain. OwninitialTG/LOIfabric correspondence throughSections2.3/3.1/3.5 andconclusion; fiberwording refersconstituentcottonstructure,notseparatespunfiberformulation; no conversiontofiberorpowder. NativeT5/T10/T50 mass-loss thresholds notonset; <100Cwater evaporation notTmax. Explicitfabricresidues760CnotR800; purecompound genericresiduetemperatureunknown. TGgasflow/mass/replicates andLOIreplicates/uncertainty missing; TG-IR8mg/40CstartnotTGmethod. Dicyandiamideamount andfinaldrytemperatureunspecified. SourceWGformula W0undefined andbefore/afterW1/W2 wording inconsistent; useprintedpositiveTable1/Table7 WGonly,norecalculation. SourceCONETTI/char/PHRR andverticalcharlengthprose/tableconflictsnotTG/LOI.50LCs describescommercial-launderingequivalent withone49C/45min/0.15wt%detergenttestequivalentfivecommercialwashes; noTGafter50LCs.",Synthesized ACMPEP compound; no textile specimen,Synthesized ACMPEP compound; no textile specimen,Synthesized ACMPEP compound; no textile specimen,,,tabulated,Own ACMPEP compound corresponds to Table2 air TG andTable7 0LCsLOI;Section3.1 explicitlyrestricts TG to30%treatedfabric. Samewoven115g/m2base andinitialstate verifiedthroughpreparation/conclusion. One state countedonce acrossnitrogen/air; nootherconcentration/washed/controlcitation mapping. CompleteofficialSI productcharacterizationchecked.,TG_only_no_exact_same_state_LOI,,journal_article,Local registry explicitly journal-article; publisher original names Polymer Degradation and Stability and accepted publication status,,3.46,,reviewed_TG_unpaired,,ACMPEP compound,,,published version of record,Publishedpp146-148 Sections2.1-2.4/3.1;pp151-152 Table2 andTGtext;p154 Table7;officialSI FigsS1-S3,,,,,https://doi.org/10.1016/j.polymdegradstab.2019.04.009,Complete12-page publishedprimary text/tables/captions/references andcompleteofficialSI DOCXtext/captions/allthree embedded1H/13C/31PNMR spectra reviewed. SI productformula andnumbering matchmain; noextraTG/LOI. Duplicateoriginals byte-identical; allcachesexternal.,https://ars.els-cdn.com/content/image/1-s2.0-S0141391019301272-mmc1.docx,"ACMPEPsynthesis:DEA57.50mL/.6mol+formaldehyde47.53mL/.6mol+distilledwater,phosphorousacid49.2g/.6mol at40C;100-105C90min;phosphoricacid40.92mL/.6mol,150C4h;urea72.06g/1.2mol,160C1h;ethanolprecipitation/filter/airandovendry; finaldicyandiamidecatalystamount unspecified. No textilefinishingstateassignedtopurecompound oruntreatedcontrol.",initial prepared specimen; no durability laundering or aging,
,,,10.1016/j.polymdegradstab.2021.109620,LFY-606B,Publishedp5 Figure4 embedded numericaltable Control Viscose LOIcolumn; Section3.3 confirms25.1/26.8,18.0,,150mm x58mm,GB/T5454-1997,,12,,,217,PerkinElmer STA6000,,,800,,Publishedp3 Table1 Control Viscose nitrogen columns andfootnote;pp5-6 Section3.5,,,,,,room temperature,0,341,,,,nitrogen,,"Own viscosefabric; uncoatedreference,Figure4TSPDP0/WG0","Publishedpp2-3 Section2.4 TGroomtemp-800C,N2/air,10C/min; Section2.3 fabriccoating;LOI150x58mm/GB/T5454-1997",literature,TG+LOI,2026-10-01,Codex complete original primary and specified supplement review,10,"T5 exactly5percentmassloss threshold,notTonset; controlN2T5 belowmain230-380Cdegradationrange notassignedaspeak orseparatemoistureassignment. RTmax isresidueassessedatTmax,notR700; Table1R700explicit,notR800evenTGendpoint800C. TG-IR40Cstart differsTGroomtemperature; conechar6/10/19 notTGresidue. Figure4directlyprintedtable LOI18.0/22.4/25.1/26.8,notcurveestimates. Bath10/20/30wt% notWG8/13/21%; initialprocesswaterrinsesnotdurabilitywash. MainSection2.2 31PNMR1.36ppm versusSection3.1/Figure2d12.7ppm andotherprintedNMRshift differences preserved,notchemicallycorrected. SI FiguresS1-S3 characterizePPTS/DTPprecursors;SI EDXchar elementalpercentagesnotTGmassresidue. VFTstandardprintedGB/T5445-2014notcorrected;LOIownGB/T5454-1997. Fabricweave/gsm,TGmass/gasflow/replicates,LOIrepeats/uncertaintynotreported;mechanical3tests notLOIreplicates. No aged/washedTGLOI.",Viscose fabric; areal weight and weave specification not reported,Viscose fabric; areal weight and weave specification not reported,Viscose fabric; areal weight and weave specification not reported,,,tabulated,"Exactsameinitial Control Viscose andbath0wt% /WG0% inoriginalFigure4 matchesTable1TG nitrogen columns; allfourfabricstates andbothgasconditions fullychecked. SamefabricformthroughSections2.3/2.4. OriginalSIchecked,noadditionalstates. No readoutfromcurve,no borrowedconechar ormechanicalreplicates.",verified_exact,,journal_article,Local registry explicitly journal-article; publisher original names Polymer Degradation and Stability and accepted publication status,44,,700,source_review_approved,264444cbb36c73059cf48baf0ddb190f82f9330fed2351a77f17dd7f33a11671,Control Viscose,,,published version of record,Publishedpp2-3 methods andTable1;p5 Figure4 numericaltable; officialSI TableS1/FiguresS1-S5,,,,,https://doi.org/10.1016/j.polymdegradstab.2021.109620,"Complete9-page local publishedoriginal text,tables,captions,references read; originalmethod/numericalpixels viewed. CompleteofficialSI DOCXtitle/authors/text/TableS1andallfive embeddedNMR/EDX figures reviewed; no additionalTG/LOI. MatchingduplicatePDF byte-identical; sourcecachesprivate.",https://ars.els-cdn.com/content/image/1-s2.0-S0141391021001403-mmc1.docx,"Basefabricwaterwashedto removeimpurities,dry45C1h beforefinishing. No finishingcure assignedtocontrol.",initial prepared specimen; no durability laundering or aging,0
,,,10.1016/j.polymdegradstab.2021.109620,LFY-606B,Publishedp5 Figure4 embedded numericaltable Control Viscose LOIcolumn; Section3.3 confirms25.1/26.8,18.0,,150mm x58mm,GB/T5454-1997,,4,,,240,PerkinElmer STA6000,,,800,,Publishedp3 Table1 Control Viscose air columns andfootnote;pp5-6 Section3.5,,,,,,room temperature,0,309,,,,air,,"Own viscosefabric; uncoatedreference,Figure4TSPDP0/WG0","Publishedpp2-3 Section2.4 TGroomtemp-800C,N2/air,10C/min; Section2.3 fabriccoating;LOI150x58mm/GB/T5454-1997",literature,TG+LOI,2026-10-01,Codex complete original primary and specified supplement review,10,"T5 exactly5percentmassloss threshold,notTonset; controlN2T5 belowmain230-380Cdegradationrange notassignedaspeak orseparatemoistureassignment. RTmax isresidueassessedatTmax,notR700; Table1R700explicit,notR800evenTGendpoint800C. TG-IR40Cstart differsTGroomtemperature; conechar6/10/19 notTGresidue. Figure4directlyprintedtable LOI18.0/22.4/25.1/26.8,notcurveestimates. Bath10/20/30wt% notWG8/13/21%; initialprocesswaterrinsesnotdurabilitywash. MainSection2.2 31PNMR1.36ppm versusSection3.1/Figure2d12.7ppm andotherprintedNMRshift differences preserved,notchemicallycorrected. SI FiguresS1-S3 characterizePPTS/DTPprecursors;SI EDXchar elementalpercentagesnotTGmassresidue. VFTstandardprintedGB/T5445-2014notcorrected;LOIownGB/T5454-1997. Fabricweave/gsm,TGmass/gasflow/replicates,LOIrepeats/uncertaintynotreported;mechanical3tests notLOIreplicates. No aged/washedTGLOI.",Viscose fabric; areal weight and weave specification not reported,Viscose fabric; areal weight and weave specification not reported,Viscose fabric; areal weight and weave specification not reported,,,tabulated,"Exactsameinitial Control Viscose andbath0wt% /WG0% inoriginalFigure4 matchesTable1TG air columns; allfourfabricstates andbothgasconditions fullychecked. SamefabricformthroughSections2.3/2.4. OriginalSIchecked,noadditionalstates. No readoutfromcurve,no borrowedconechar ormechanicalreplicates.",verified_exact,,journal_article,Local registry explicitly journal-article; publisher original names Polymer Degradation and Stability and accepted publication status,67,,700,source_review_approved,c19f346c26662213603234d7d18e0014997719a07ac2f3cb5403176e521688f7,Control Viscose,,,published version of record,Publishedpp2-3 methods andTable1;p5 Figure4 numericaltable; officialSI TableS1/FiguresS1-S5,,,,,https://doi.org/10.1016/j.polymdegradstab.2021.109620,"Complete9-page local publishedoriginal text,tables,captions,references read; originalmethod/numericalpixels viewed. CompleteofficialSI DOCXtitle/authors/text/TableS1andallfive embeddedNMR/EDX figures reviewed; no additionalTG/LOI. MatchingduplicatePDF byte-identical; sourcecachesprivate.",https://ars.els-cdn.com/content/image/1-s2.0-S0141391021001403-mmc1.docx,"Basefabricwaterwashedto removeimpurities,dry45C1h beforefinishing. No finishingcure assignedtocontrol.",initial prepared specimen; no durability laundering or aging,0
,,,10.1016/j.polymdegradstab.2021.109620,LFY-606B,Publishedp5 Figure4 embedded numericaltable Viscose-TSPDP-10 LOIcolumn; Section3.3 confirms25.1/26.8,22.4,,150mm x58mm,GB/T5454-1997,,42,,,261,PerkinElmer STA6000,,,800,,Publishedp3 Table1 Viscose-TSPDP-10 nitrogen columns andfootnote;pp5-6 Section3.5,,,,,,room temperature,10,283,,,,nitrogen,,Own viscosefabric; TSPDP=3-trimethoxysilane propyl piperazinyl dimethyl phosphate; bath10wt% distinctfromdryWG8%; sourceNMRshift discrepancy noted,"Publishedpp2-3 Section2.4 TGroomtemp-800C,N2/air,10C/min; Section2.3 fabriccoating;LOI150x58mm/GB/T5454-1997",literature,TG+LOI,2026-10-01,Codex complete original primary and specified supplement review,10,"T5 exactly5percentmassloss threshold,notTonset; controlN2T5 belowmain230-380Cdegradationrange notassignedaspeak orseparatemoistureassignment. RTmax isresidueassessedatTmax,notR700; Table1R700explicit,notR800evenTGendpoint800C. TG-IR40Cstart differsTGroomtemperature; conechar6/10/19 notTGresidue. Figure4directlyprintedtable LOI18.0/22.4/25.1/26.8,notcurveestimates. Bath10/20/30wt% notWG8/13/21%; initialprocesswaterrinsesnotdurabilitywash. MainSection2.2 31PNMR1.36ppm versusSection3.1/Figure2d12.7ppm andotherprintedNMRshift differences preserved,notchemicallycorrected. SI FiguresS1-S3 characterizePPTS/DTPprecursors;SI EDXchar elementalpercentagesnotTGmassresidue. VFTstandardprintedGB/T5445-2014notcorrected;LOIownGB/T5454-1997. Fabricweave/gsm,TGmass/gasflow/replicates,LOIrepeats/uncertaintynotreported;mechanical3tests notLOIreplicates. No aged/washedTGLOI.",Viscose fabric; areal weight and weave specification not reported,Viscose fabric; areal weight and weave specification not reported,Viscose fabric; areal weight and weave specification not reported,,,tabulated,"Exactsameinitial Viscose-TSPDP-10 andbath10wt% /WG8% inoriginalFigure4 matchesTable1TG nitrogen columns; allfourfabricstates andbothgasconditions fullychecked. SamefabricformthroughSections2.3/2.4. OriginalSIchecked,noadditionalstates. No readoutfromcurve,no borrowedconechar ormechanicalreplicates.",verified_exact,,journal_article,Local registry explicitly journal-article; publisher original names Polymer Degradation and Stability and accepted publication status,80,,700,source_review_approved,5b82f6dccf86629b153e0797aadd6ecf16d3a5229853058df59a0fa04c36285d,Viscose-TSPDP-10,,,published version of record,Publishedpp2-3 methods andTable1;p5 Figure4 numericaltable; officialSI TableS1/FiguresS1-S5,,,,,https://doi.org/10.1016/j.polymdegradstab.2021.109620,"Complete9-page local publishedoriginal text,tables,captions,references read; originalmethod/numericalpixels viewed. CompleteofficialSI DOCXtitle/authors/text/TableS1andallfive embeddedNMR/EDX figures reviewed; no additionalTG/LOI. MatchingduplicatePDF byte-identical; sourcecachesprivate.",https://ars.els-cdn.com/content/image/1-s2.0-S0141391021001403-mmc1.docx,"Basefabricwaterwashedto removeimpurities,dry45C1h beforefinishing.TSPDP10wt% inethanol/water1:1(basisunstated),diluteHClpH4;immerse30min,2dips/2nips,averagepickup100%;dry100C5min,cure160C5min,tapwaterrinse,dry45C5min. Preparativerinse,notdurabilitylaundering.",initial prepared specimen; no durability laundering or aging,8
,,,10.1016/j.polymdegradstab.2021.109620,LFY-606B,Publishedp5 Figure4 embedded numericaltable Viscose-TSPDP-10 LOIcolumn; Section3.3 confirms25.1/26.8,22.4,,150mm x58mm,GB/T5454-1997,,8,,,232,PerkinElmer STA6000,,,800,,Publishedp3 Table1 Viscose-TSPDP-10 air columns andfootnote;pp5-6 Section3.5,,,,,,room temperature,10,272,,,,air,,Own viscosefabric; TSPDP=3-trimethoxysilane propyl piperazinyl dimethyl phosphate; bath10wt% distinctfromdryWG8%; sourceNMRshift discrepancy noted,"Publishedpp2-3 Section2.4 TGroomtemp-800C,N2/air,10C/min; Section2.3 fabriccoating;LOI150x58mm/GB/T5454-1997",literature,TG+LOI,2026-10-01,Codex complete original primary and specified supplement review,10,"T5 exactly5percentmassloss threshold,notTonset; controlN2T5 belowmain230-380Cdegradationrange notassignedaspeak orseparatemoistureassignment. RTmax isresidueassessedatTmax,notR700; Table1R700explicit,notR800evenTGendpoint800C. TG-IR40Cstart differsTGroomtemperature; conechar6/10/19 notTGresidue. Figure4directlyprintedtable LOI18.0/22.4/25.1/26.8,notcurveestimates. Bath10/20/30wt% notWG8/13/21%; initialprocesswaterrinsesnotdurabilitywash. MainSection2.2 31PNMR1.36ppm versusSection3.1/Figure2d12.7ppm andotherprintedNMRshift differences preserved,notchemicallycorrected. SI FiguresS1-S3 characterizePPTS/DTPprecursors;SI EDXchar elementalpercentagesnotTGmassresidue. VFTstandardprintedGB/T5445-2014notcorrected;LOIownGB/T5454-1997. Fabricweave/gsm,TGmass/gasflow/replicates,LOIrepeats/uncertaintynotreported;mechanical3tests notLOIreplicates. No aged/washedTGLOI.",Viscose fabric; areal weight and weave specification not reported,Viscose fabric; areal weight and weave specification not reported,Viscose fabric; areal weight and weave specification not reported,,,tabulated,"Exactsameinitial Viscose-TSPDP-10 andbath10wt% /WG8% inoriginalFigure4 matchesTable1TG air columns; allfourfabricstates andbothgasconditions fullychecked. SamefabricformthroughSections2.3/2.4. OriginalSIchecked,noadditionalstates. No readoutfromcurve,no borrowedconechar ormechanicalreplicates.",verified_exact,,journal_article,Local registry explicitly journal-article; publisher original names Polymer Degradation and Stability and accepted publication status,77,,700,source_review_approved,d580dca39f31c798122c60110f00ca5d1aba4595022d59448ff47ed3a3ec1116,Viscose-TSPDP-10,,,published version of record,Publishedpp2-3 methods andTable1;p5 Figure4 numericaltable; officialSI TableS1/FiguresS1-S5,,,,,https://doi.org/10.1016/j.polymdegradstab.2021.109620,"Complete9-page local publishedoriginal text,tables,captions,references read; originalmethod/numericalpixels viewed. CompleteofficialSI DOCXtitle/authors/text/TableS1andallfive embeddedNMR/EDX figures reviewed; no additionalTG/LOI. MatchingduplicatePDF byte-identical; sourcecachesprivate.",https://ars.els-cdn.com/content/image/1-s2.0-S0141391021001403-mmc1.docx,"Basefabricwaterwashedto removeimpurities,dry45C1h beforefinishing.TSPDP10wt% inethanol/water1:1(basisunstated),diluteHClpH4;immerse30min,2dips/2nips,averagepickup100%;dry100C5min,cure160C5min,tapwaterrinse,dry45C5min. Preparativerinse,notdurabilitylaundering.",initial prepared specimen; no durability laundering or aging,8
,,,10.1016/j.polymdegradstab.2021.109620,LFY-606B,Publishedp5 Figure4 embedded numericaltable Viscose-TSPDP-20 LOIcolumn; Section3.3 confirms25.1/26.8,25.1,,150mm x58mm,GB/T5454-1997,,43,,,257,PerkinElmer STA6000,,,800,,Publishedp3 Table1 Viscose-TSPDP-20 nitrogen columns andfootnote;pp5-6 Section3.5,,,,,,room temperature,20,280,,,,nitrogen,,Own viscosefabric; TSPDP=3-trimethoxysilane propyl piperazinyl dimethyl phosphate; bath20wt% distinctfromdryWG13%; sourceNMRshift discrepancy noted,"Publishedpp2-3 Section2.4 TGroomtemp-800C,N2/air,10C/min; Section2.3 fabriccoating;LOI150x58mm/GB/T5454-1997",literature,TG+LOI,2026-10-01,Codex complete original primary and specified supplement review,10,"T5 exactly5percentmassloss threshold,notTonset; controlN2T5 belowmain230-380Cdegradationrange notassignedaspeak orseparatemoistureassignment. RTmax isresidueassessedatTmax,notR700; Table1R700explicit,notR800evenTGendpoint800C. TG-IR40Cstart differsTGroomtemperature; conechar6/10/19 notTGresidue. Figure4directlyprintedtable LOI18.0/22.4/25.1/26.8,notcurveestimates. Bath10/20/30wt% notWG8/13/21%; initialprocesswaterrinsesnotdurabilitywash. MainSection2.2 31PNMR1.36ppm versusSection3.1/Figure2d12.7ppm andotherprintedNMRshift differences preserved,notchemicallycorrected. SI FiguresS1-S3 characterizePPTS/DTPprecursors;SI EDXchar elementalpercentagesnotTGmassresidue. VFTstandardprintedGB/T5445-2014notcorrected;LOIownGB/T5454-1997. Fabricweave/gsm,TGmass/gasflow/replicates,LOIrepeats/uncertaintynotreported;mechanical3tests notLOIreplicates. No aged/washedTGLOI.",Viscose fabric; areal weight and weave specification not reported,Viscose fabric; areal weight and weave specification not reported,Viscose fabric; areal weight and weave specification not reported,,,tabulated,"Exactsameinitial Viscose-TSPDP-20 andbath20wt% /WG13% inoriginalFigure4 matchesTable1TG nitrogen columns; allfourfabricstates andbothgasconditions fullychecked. SamefabricformthroughSections2.3/2.4. OriginalSIchecked,noadditionalstates. No readoutfromcurve,no borrowedconechar ormechanicalreplicates.",verified_exact,,journal_article,Local registry explicitly journal-article; publisher original names Polymer Degradation and Stability and accepted publication status,77,,700,source_review_approved,d21657b580636e3826af6225d31fde253764b7e319806f96c1a98d3365f965ec,Viscose-TSPDP-20,,,published version of record,Publishedpp2-3 methods andTable1;p5 Figure4 numericaltable; officialSI TableS1/FiguresS1-S5,,,,,https://doi.org/10.1016/j.polymdegradstab.2021.109620,"Complete9-page local publishedoriginal text,tables,captions,references read; originalmethod/numericalpixels viewed. CompleteofficialSI DOCXtitle/authors/text/TableS1andallfive embeddedNMR/EDX figures reviewed; no additionalTG/LOI. MatchingduplicatePDF byte-identical; sourcecachesprivate.",https://ars.els-cdn.com/content/image/1-s2.0-S0141391021001403-mmc1.docx,"Basefabricwaterwashedto removeimpurities,dry45C1h beforefinishing.TSPDP20wt% inethanol/water1:1(basisunstated),diluteHClpH4;immerse30min,2dips/2nips,averagepickup100%;dry100C5min,cure160C5min,tapwaterrinse,dry45C5min. Preparativerinse,notdurabilitylaundering.",initial prepared specimen; no durability laundering or aging,13
,,,10.1016/j.polymdegradstab.2021.109620,LFY-606B,Publishedp5 Figure4 embedded numericaltable Viscose-TSPDP-20 LOIcolumn; Section3.3 confirms25.1/26.8,25.1,,150mm x58mm,GB/T5454-1997,,13,,,230,PerkinElmer STA6000,,,800,,Publishedp3 Table1 Viscose-TSPDP-20 air columns andfootnote;pp5-6 Section3.5,,,,,,room temperature,20,260,,,,air,,Own viscosefabric; TSPDP=3-trimethoxysilane propyl piperazinyl dimethyl phosphate; bath20wt% distinctfromdryWG13%; sourceNMRshift discrepancy noted,"Publishedpp2-3 Section2.4 TGroomtemp-800C,N2/air,10C/min; Section2.3 fabriccoating;LOI150x58mm/GB/T5454-1997",literature,TG+LOI,2026-10-01,Codex complete original primary and specified supplement review,10,"T5 exactly5percentmassloss threshold,notTonset; controlN2T5 belowmain230-380Cdegradationrange notassignedaspeak orseparatemoistureassignment. RTmax isresidueassessedatTmax,notR700; Table1R700explicit,notR800evenTGendpoint800C. TG-IR40Cstart differsTGroomtemperature; conechar6/10/19 notTGresidue. Figure4directlyprintedtable LOI18.0/22.4/25.1/26.8,notcurveestimates. Bath10/20/30wt% notWG8/13/21%; initialprocesswaterrinsesnotdurabilitywash. MainSection2.2 31PNMR1.36ppm versusSection3.1/Figure2d12.7ppm andotherprintedNMRshift differences preserved,notchemicallycorrected. SI FiguresS1-S3 characterizePPTS/DTPprecursors;SI EDXchar elementalpercentagesnotTGmassresidue. VFTstandardprintedGB/T5445-2014notcorrected;LOIownGB/T5454-1997. Fabricweave/gsm,TGmass/gasflow/replicates,LOIrepeats/uncertaintynotreported;mechanical3tests notLOIreplicates. No aged/washedTGLOI.",Viscose fabric; areal weight and weave specification not reported,Viscose fabric; areal weight and weave specification not reported,Viscose fabric; areal weight and weave specification not reported,,,tabulated,"Exactsameinitial Viscose-TSPDP-20 andbath20wt% /WG13% inoriginalFigure4 matchesTable1TG air columns; allfourfabricstates andbothgasconditions fullychecked. SamefabricformthroughSections2.3/2.4. OriginalSIchecked,noadditionalstates. No readoutfromcurve,no borrowedconechar ormechanicalreplicates.",verified_exact,,journal_article,Local registry explicitly journal-article; publisher original names Polymer Degradation and Stability and accepted publication status,82,,700,source_review_approved,2b90469f3d4bb53955ce164a549ec11721a57497d48e171a546d989110f88559,Viscose-TSPDP-20,,,published version of record,Publishedpp2-3 methods andTable1;p5 Figure4 numericaltable; officialSI TableS1/FiguresS1-S5,,,,,https://doi.org/10.1016/j.polymdegradstab.2021.109620,"Complete9-page local publishedoriginal text,tables,captions,references read; originalmethod/numericalpixels viewed. CompleteofficialSI DOCXtitle/authors/text/TableS1andallfive embeddedNMR/EDX figures reviewed; no additionalTG/LOI. MatchingduplicatePDF byte-identical; sourcecachesprivate.",https://ars.els-cdn.com/content/image/1-s2.0-S0141391021001403-mmc1.docx,"Basefabricwaterwashedto removeimpurities,dry45C1h beforefinishing.TSPDP20wt% inethanol/water1:1(basisunstated),diluteHClpH4;immerse30min,2dips/2nips,averagepickup100%;dry100C5min,cure160C5min,tapwaterrinse,dry45C5min. Preparativerinse,notdurabilitylaundering.",initial prepared specimen; no durability laundering or aging,13
,,,10.1016/j.polymdegradstab.2021.109620,LFY-606B,Publishedp5 Figure4 embedded numericaltable Viscose-TSPDP-30 LOIcolumn; Section3.3 confirms25.1/26.8,26.8,,150mm x58mm,GB/T5454-1997,,44,,,257,PerkinElmer STA6000,,,800,,Publishedp3 Table1 Viscose-TSPDP-30 nitrogen columns andfootnote;pp5-6 Section3.5,,,,,,room temperature,30,277,,,,nitrogen,,Own viscosefabric; TSPDP=3-trimethoxysilane propyl piperazinyl dimethyl phosphate; bath30wt% distinctfromdryWG21%; sourceNMRshift discrepancy noted,"Publishedpp2-3 Section2.4 TGroomtemp-800C,N2/air,10C/min; Section2.3 fabriccoating;LOI150x58mm/GB/T5454-1997",literature,TG+LOI,2026-10-01,Codex complete original primary and specified supplement review,10,"T5 exactly5percentmassloss threshold,notTonset; controlN2T5 belowmain230-380Cdegradationrange notassignedaspeak orseparatemoistureassignment. RTmax isresidueassessedatTmax,notR700; Table1R700explicit,notR800evenTGendpoint800C. TG-IR40Cstart differsTGroomtemperature; conechar6/10/19 notTGresidue. Figure4directlyprintedtable LOI18.0/22.4/25.1/26.8,notcurveestimates. Bath10/20/30wt% notWG8/13/21%; initialprocesswaterrinsesnotdurabilitywash. MainSection2.2 31PNMR1.36ppm versusSection3.1/Figure2d12.7ppm andotherprintedNMRshift differences preserved,notchemicallycorrected. SI FiguresS1-S3 characterizePPTS/DTPprecursors;SI EDXchar elementalpercentagesnotTGmassresidue. VFTstandardprintedGB/T5445-2014notcorrected;LOIownGB/T5454-1997. Fabricweave/gsm,TGmass/gasflow/replicates,LOIrepeats/uncertaintynotreported;mechanical3tests notLOIreplicates. No aged/washedTGLOI.",Viscose fabric; areal weight and weave specification not reported,Viscose fabric; areal weight and weave specification not reported,Viscose fabric; areal weight and weave specification not reported,,,tabulated,"Exactsameinitial Viscose-TSPDP-30 andbath30wt% /WG21% inoriginalFigure4 matchesTable1TG nitrogen columns; allfourfabricstates andbothgasconditions fullychecked. SamefabricformthroughSections2.3/2.4. OriginalSIchecked,noadditionalstates. No readoutfromcurve,no borrowedconechar ormechanicalreplicates.",verified_exact,,journal_article,Local registry explicitly journal-article; publisher original names Polymer Degradation and Stability and accepted publication status,84,,700,source_review_approved,340167a3e7be3fd59f66ea045ce598c53038202c5b9a1e97f395543eb97af096,Viscose-TSPDP-30,,,published version of record,Publishedpp2-3 methods andTable1;p5 Figure4 numericaltable; officialSI TableS1/FiguresS1-S5,,,,,https://doi.org/10.1016/j.polymdegradstab.2021.109620,"Complete9-page local publishedoriginal text,tables,captions,references read; originalmethod/numericalpixels viewed. CompleteofficialSI DOCXtitle/authors/text/TableS1andallfive embeddedNMR/EDX figures reviewed; no additionalTG/LOI. MatchingduplicatePDF byte-identical; sourcecachesprivate.",https://ars.els-cdn.com/content/image/1-s2.0-S0141391021001403-mmc1.docx,"Basefabricwaterwashedto removeimpurities,dry45C1h beforefinishing.TSPDP30wt% inethanol/water1:1(basisunstated),diluteHClpH4;immerse30min,2dips/2nips,averagepickup100%;dry100C5min,cure160C5min,tapwaterrinse,dry45C5min. Preparativerinse,notdurabilitylaundering.",initial prepared specimen; no durability laundering or aging,21
,,,10.1016/j.polymdegradstab.2021.109620,LFY-606B,Publishedp5 Figure4 embedded numericaltable Viscose-TSPDP-30 LOIcolumn; Section3.3 confirms25.1/26.8,26.8,,150mm x58mm,GB/T5454-1997,,15,,,230,PerkinElmer STA6000,,,800,,Publishedp3 Table1 Viscose-TSPDP-30 air columns andfootnote;pp5-6 Section3.5,,,,,,room temperature,30,257,,,,air,,Own viscosefabric; TSPDP=3-trimethoxysilane propyl piperazinyl dimethyl phosphate; bath30wt% distinctfromdryWG21%; sourceNMRshift discrepancy noted,"Publishedpp2-3 Section2.4 TGroomtemp-800C,N2/air,10C/min; Section2.3 fabriccoating;LOI150x58mm/GB/T5454-1997",literature,TG+LOI,2026-10-01,Codex complete original primary and specified supplement review,10,"T5 exactly5percentmassloss threshold,notTonset; controlN2T5 belowmain230-380Cdegradationrange notassignedaspeak orseparatemoistureassignment. RTmax isresidueassessedatTmax,notR700; Table1R700explicit,notR800evenTGendpoint800C. TG-IR40Cstart differsTGroomtemperature; conechar6/10/19 notTGresidue. Figure4directlyprintedtable LOI18.0/22.4/25.1/26.8,notcurveestimates. Bath10/20/30wt% notWG8/13/21%; initialprocesswaterrinsesnotdurabilitywash. MainSection2.2 31PNMR1.36ppm versusSection3.1/Figure2d12.7ppm andotherprintedNMRshift differences preserved,notchemicallycorrected. SI FiguresS1-S3 characterizePPTS/DTPprecursors;SI EDXchar elementalpercentagesnotTGmassresidue. VFTstandardprintedGB/T5445-2014notcorrected;LOIownGB/T5454-1997. Fabricweave/gsm,TGmass/gasflow/replicates,LOIrepeats/uncertaintynotreported;mechanical3tests notLOIreplicates. No aged/washedTGLOI.",Viscose fabric; areal weight and weave specification not reported,Viscose fabric; areal weight and weave specification not reported,Viscose fabric; areal weight and weave specification not reported,,,tabulated,"Exactsameinitial Viscose-TSPDP-30 andbath30wt% /WG21% inoriginalFigure4 matchesTable1TG air columns; allfourfabricstates andbothgasconditions fullychecked. SamefabricformthroughSections2.3/2.4. OriginalSIchecked,noadditionalstates. No readoutfromcurve,no borrowedconechar ormechanicalreplicates.",verified_exact,,journal_article,Local registry explicitly journal-article; publisher original names Polymer Degradation and Stability and accepted publication status,86,,700,source_review_approved,ca2c193947bee64489f2c2712f44ea4bfeed2646f980871fae230ed9c9e364a3,Viscose-TSPDP-30,,,published version of record,Publishedpp2-3 methods andTable1;p5 Figure4 numericaltable; officialSI TableS1/FiguresS1-S5,,,,,https://doi.org/10.1016/j.polymdegradstab.2021.109620,"Complete9-page local publishedoriginal text,tables,captions,references read; originalmethod/numericalpixels viewed. CompleteofficialSI DOCXtitle/authors/text/TableS1andallfive embeddedNMR/EDX figures reviewed; no additionalTG/LOI. MatchingduplicatePDF byte-identical; sourcecachesprivate.",https://ars.els-cdn.com/content/image/1-s2.0-S0141391021001403-mmc1.docx,"Basefabricwaterwashedto removeimpurities,dry45C1h beforefinishing.TSPDP30wt% inethanol/water1:1(basisunstated),diluteHClpH4;immerse30min,2dips/2nips,averagepickup100%;dry100C5min,cure160C5min,tapwaterrinse,dry45C5min. Preparativerinse,notdurabilitylaundering.",initial prepared specimen; no durability laundering or aging,21
