batch_id,material_category,material_form,composition,sample_state,treatment_state,treatment_chemistry,treatment_method,FR_concentration_g_L,pickup_pct,atmosphere,heating_rate_C_min,T10_C,T50_C,R500_pct,R600_pct,LOI_pct,LOI_state,washing_state,direct_numeric_use,evidence,source_title,year,journal,DOI,source_url,source_location,limitations
B20260923-206,polyester,woven fabric,100% PET,REF,untreated,,untreated reference,0,0,N2,10,404,432,10.61,9.19,21,0 washing cycles / as prepared,0 cycles,TG+LOI,"Open full text; Table 4 reports TGA for the same sample codes as Table 5 LOI. TGA: N2, 30-800 C, 10 C/min. LOI: ASTM D2863-00. Only 0-wash LOI values are paired here.",Effect of Zinc Borate on Flammability of PET Woven Fabrics,2019,Advances in Polymer Technology,10.1155/2019/7150736,https://onlinelibrary.wiley.com/doi/10.1155/2019/7150736,Methods/Treatment Table 1; TGA Table 4; LOI Table 5,"LOI values after 10 and 20 washing cycles are excluded from the strict paired layer because matched post-wash TGA values were not reported. pickup_pct is liquor pick-up, not dry add-on."
B20260923-207,polyester,woven fabric,100% PET,Z50,FR treated,zinc borate,ZnB dispersion 50 g/L; pad-dry-cure; pickup 92.35%; pH 5.5; dry 120 C 2 min; cure 160 C 3 min,50,92.35,N2,10,396,424,17.34,15.68,21.9,0 washing cycles / as prepared,0 cycles,TG+LOI,"Open full text; Table 4 reports TGA for the same sample codes as Table 5 LOI. TGA: N2, 30-800 C, 10 C/min. LOI: ASTM D2863-00. Only 0-wash LOI values are paired here.",Effect of Zinc Borate on Flammability of PET Woven Fabrics,2019,Advances in Polymer Technology,10.1155/2019/7150736,https://onlinelibrary.wiley.com/doi/10.1155/2019/7150736,Methods/Treatment Table 1; TGA Table 4; LOI Table 5,"LOI values after 10 and 20 washing cycles are excluded from the strict paired layer because matched post-wash TGA values were not reported. pickup_pct is liquor pick-up, not dry add-on."
B20260923-208,polyester,woven fabric,100% PET,Z100,FR treated,zinc borate,ZnB dispersion 100 g/L; pad-dry-cure; pickup 91.25%; pH 5.5; dry 120 C 2 min; cure 160 C 3 min,100,91.25,N2,10,398,427,18.74,17.09,22.9,0 washing cycles / as prepared,0 cycles,TG+LOI,"Open full text; Table 4 reports TGA for the same sample codes as Table 5 LOI. TGA: N2, 30-800 C, 10 C/min. LOI: ASTM D2863-00. Only 0-wash LOI values are paired here.",Effect of Zinc Borate on Flammability of PET Woven Fabrics,2019,Advances in Polymer Technology,10.1155/2019/7150736,https://onlinelibrary.wiley.com/doi/10.1155/2019/7150736,Methods/Treatment Table 1; TGA Table 4; LOI Table 5,"LOI values after 10 and 20 washing cycles are excluded from the strict paired layer because matched post-wash TGA values were not reported. pickup_pct is liquor pick-up, not dry add-on."
B20260923-209,polyester,woven fabric,100% PET,Z200,FR treated,zinc borate,ZnB dispersion 200 g/L; pad-dry-cure; pickup 90.75%; pH 5.5; dry 120 C 2 min; cure 160 C 3 min,200,90.75,N2,10,400,429,19.74,17.95,23.1,0 washing cycles / as prepared,0 cycles,TG+LOI,"Open full text; Table 4 reports TGA for the same sample codes as Table 5 LOI. TGA: N2, 30-800 C, 10 C/min. LOI: ASTM D2863-00. Only 0-wash LOI values are paired here.",Effect of Zinc Borate on Flammability of PET Woven Fabrics,2019,Advances in Polymer Technology,10.1155/2019/7150736,https://onlinelibrary.wiley.com/doi/10.1155/2019/7150736,Methods/Treatment Table 1; TGA Table 4; LOI Table 5,"LOI values after 10 and 20 washing cycles are excluded from the strict paired layer because matched post-wash TGA values were not reported. pickup_pct is liquor pick-up, not dry add-on."
B20260923-210,polyester,woven fabric,100% PET,PSY,FR treated,alkyl phosphonate commercial FR (Agent A / PSY),Agent A 80 g/L; pad-dry-cure; pickup 87.74%; pH 5.0; dry 120 C 1.5 min; cure 190 C 1.5 min,80,87.74,N2,10,391,430,16.45,14.86,31.3,0 washing cycles / as prepared,0 cycles,TG+LOI,"Open full text; Table 4 reports TGA for the same sample codes as Table 5 LOI. TGA: N2, 30-800 C, 10 C/min. LOI: ASTM D2863-00. Only 0-wash LOI values are paired here.",Effect of Zinc Borate on Flammability of PET Woven Fabrics,2019,Advances in Polymer Technology,10.1155/2019/7150736,https://onlinelibrary.wiley.com/doi/10.1155/2019/7150736,Methods/Treatment Table 1; TGA Table 4; LOI Table 5,"LOI values after 10 and 20 washing cycles are excluded from the strict paired layer because matched post-wash TGA values were not reported. pickup_pct is liquor pick-up, not dry add-on."
B20260923-211,polyester,woven fabric,100% PET,PSY-Z20,FR treated,alkyl phosphonate commercial FR + zinc borate,Agent A 60 g/L + ZnB 20 g/L; pad-dry-cure; pickup 97.20%; pH 5.0; dry 120 C 1.5 min; cure 190 C 1.5 min,80,97.2,N2,10,394,428,14.02,12.17,24.4,0 washing cycles / as prepared,0 cycles,TG+LOI,"Open full text; Table 4 reports TGA for the same sample codes as Table 5 LOI. TGA: N2, 30-800 C, 10 C/min. LOI: ASTM D2863-00. Only 0-wash LOI values are paired here.",Effect of Zinc Borate on Flammability of PET Woven Fabrics,2019,Advances in Polymer Technology,10.1155/2019/7150736,https://onlinelibrary.wiley.com/doi/10.1155/2019/7150736,Methods/Treatment Table 1; TGA Table 4; LOI Table 5,"LOI values after 10 and 20 washing cycles are excluded from the strict paired layer because matched post-wash TGA values were not reported. pickup_pct is liquor pick-up, not dry add-on."
B20260923-212,polyester,woven fabric,100% PET,PEK,FR treated,organophosphorus commercial FR (Agent B / PEK),Agent B 100 g/L; pad-dry-cure; pickup 90.87%; pH 6.0; dry 120 C 1.5 min; cure 190 C 1.5 min,100,90.87,N2,10,397,431,14.28,12.67,33.8,0 washing cycles / as prepared,0 cycles,TG+LOI,"Open full text; Table 4 reports TGA for the same sample codes as Table 5 LOI. TGA: N2, 30-800 C, 10 C/min. LOI: ASTM D2863-00. Only 0-wash LOI values are paired here.",Effect of Zinc Borate on Flammability of PET Woven Fabrics,2019,Advances in Polymer Technology,10.1155/2019/7150736,https://onlinelibrary.wiley.com/doi/10.1155/2019/7150736,Methods/Treatment Table 1; TGA Table 4; LOI Table 5,"LOI values after 10 and 20 washing cycles are excluded from the strict paired layer because matched post-wash TGA values were not reported. pickup_pct is liquor pick-up, not dry add-on."
B20260923-213,polyester,woven fabric,100% PET,PEK-Z25,FR treated,organophosphorus commercial FR + zinc borate,Agent B 75 g/L + ZnB 25 g/L; pad-dry-cure; pickup 90.60%; pH 6.0; dry 120 C 1.5 min; cure 190 C 1.5 min,100,90.6,N2,10,398,430,13.64,11.94,33.5,0 washing cycles / as prepared,0 cycles,TG+LOI,"Open full text; Table 4 reports TGA for the same sample codes as Table 5 LOI. TGA: N2, 30-800 C, 10 C/min. LOI: ASTM D2863-00. Only 0-wash LOI values are paired here.",Effect of Zinc Borate on Flammability of PET Woven Fabrics,2019,Advances in Polymer Technology,10.1155/2019/7150736,https://onlinelibrary.wiley.com/doi/10.1155/2019/7150736,Methods/Treatment Table 1; TGA Table 4; LOI Table 5,"LOI values after 10 and 20 washing cycles are excluded from the strict paired layer because matched post-wash TGA values were not reported. pickup_pct is liquor pick-up, not dry add-on."
B20260923-214,polyester,woven fabric,100% PET,PEK-Z50,FR treated,organophosphorus commercial FR + zinc borate,Agent B 50 g/L + ZnB 50 g/L; pad-dry-cure; pickup 89.30%; pH 6.0; dry 120 C 1.5 min; cure 190 C 1.5 min,100,89.3,N2,10,401,432,12.23,10.29,31,0 washing cycles / as prepared,0 cycles,TG+LOI,"Open full text; Table 4 reports TGA for the same sample codes as Table 5 LOI. TGA: N2, 30-800 C, 10 C/min. LOI: ASTM D2863-00. Only 0-wash LOI values are paired here.",Effect of Zinc Borate on Flammability of PET Woven Fabrics,2019,Advances in Polymer Technology,10.1155/2019/7150736,https://onlinelibrary.wiley.com/doi/10.1155/2019/7150736,Methods/Treatment Table 1; TGA Table 4; LOI Table 5,"LOI values after 10 and 20 washing cycles are excluded from the strict paired layer because matched post-wash TGA values were not reported. pickup_pct is liquor pick-up, not dry add-on."
