DOI,LOI_instrument,LOI_locator,LOI_pct,LOI_standard,T5_C,TGA_instrument,TG_end_C,TG_locator,TG_start_C,Tmax1_C,Tmax2_C,Tonset_C,add_on_pct,atmosphere,composition,conditions_locator,dataset_type,direct_numeric_use,evidence_reviewed_at,evidence_reviewed_by,heating_rate_C_min,journal,limitations,material_category,material_form,material_form_LOI,material_form_TGA,native_sample_label,numeric_evidence_type,pairing_evidence,pairing_status,publication_type,publication_type_evidence,residue_pct,residue_temp_C,review_disposition,reviewed_measurement_fingerprint,sample_state,source_LOI_dimensions_cm,source_LOI_dimensions_mm,source_LOI_replicates,source_LOI_test_RH_pct,source_LOI_test_ambient_C,source_LOI_uncertainty_pct,source_LOI_uncertainty_type,source_PRP_extract_g,source_P_content_mg_kg,source_TGA_mass,source_TG_flow_mL_min,source_TG_prose_decomposition_peak_C,source_TG_stage_ranges_C,source_Table2_cone_residue_pct,source_Tsecond_C,source_Tsecond_definition,source_VFT_standard,source_W700_pct,source_addon_denominator,source_document_version,source_location,source_mass_increase_denominator,source_mass_increase_wt_pct,source_moisture_end_C,source_moisture_loss_pct,source_native_fabric_mass_per_area,source_numeric_evidence_detail,source_signed_DTGmax_pct_min,source_signed_Rmax1_pct_min,source_signed_Rmax2_pct_min,source_title,source_url,supplement_review_status,treatment_method,treatment_state,washing_state,year
10.1016/j.polymer.2021.123761,"JF-5oxygenindexmeter,BeijingAVICTimes",Publishedp3Table1owninitialfabricrow,21.5,,391,"TG209F1,NETZSCH",700,Publishedp6Table3N2/aircolumns;Fig4p4ownfabriccurves,40,426,,,,N2,UntreatedownPETfabric,"Publishedp3TG209F1,40-700C10Cmin,N2orair50mLmin;JF-5LOI",literature,Nativefactsnotverified,2026-10-01,"Codexcompleteoriginalandnativepages,oneprimaryreviewer",10,Polymer,"Complete8-pagejournaloriginal/nativepages1-8reviewed. Table1ownfabricLOIandTable3samefabricTG;threeotheradd-ons1/3/5percentLOI-only. Nitrogen/airnotextrasamples. NativeT5explicit5percentthresholdnotgenericonset. W700explicitTGresidue,notTable2cone4.9/8.1/7.5residue. SignedRmaxpercent/minretainednottemperature. DOPAisDOPO-derivedoxaphosphinicacid,notdopamine. Nativefabricmassperareareported86gcm-2implausible;rawonly,notcorrectedGSM. Addon100*(W1-W0)/W0initialuntreatedfabricbasis,notbathconcentration;bathconcentrationandwater/EtOHratiounreported. LOIstandard/specimens/repsunknown;GB/T5455-2014isVFTnotLOI. Cone5folded100x100mmpiecesnotTG/LOIreplicates. RegularTGmass/crucibleunknown;PyGCMS300microgram/1000Cmin/heliumnotTGmethods. FreegelFig1notfabric;PAPSDOPAsecondpeakFig1label445Cversusprose455Cconflictretainedoutsidefabricfacts. NoSIlisted,cachedonePDFonly,externalSIinventoryunchecked. Oneprimaryreviewer;cross-sourcecontrol/comparatorreuseauditpending;notapproved/notcounted. RelatedProgressOrganicCoatings105971localPDFiswrongCurrentBiologypayload;neverusedasevidence;correctrelatedoriginalneededbeforecomparatorscleared.",polyester,PET polyester fabric; Dongguan OTAL; weave unknown,PET polyester fabric; Dongguan OTAL; weave unknown,PET polyester fabric; Dongguan OTAL; weave unknown,Untreated,tabulated,SameownfabriclabelTable1LOIandTable3TG;privatecross-sourceauditpending,related_PET_control_reuse_audit_correct_original_pending,journal_article,NativeDOI/title/authors/Polymer226(2021)123761;online20April2021,16,700,held_outside_verified_target,,Untreated,,,,,,,,,,,50,,,4.9,,,GB/T5455-2014;notLOIstandard,16,,Publishedjournaloriginal,Publishedp1DOI/title;p2materials/synthesis/fabricprep;p3Table1/LOI/TGmethods;p4Fig4;p6Table3;p7TGdiscussion;p8references,,,,,86 g cm-2;source-nativeimplausibleunitnotcorrected,,,-20,,Highly efficient flame retardation of polyester fabrics via novel DOPO-modified sol-gel coatings,https://doi.org/10.1016/j.polymer.2021.123761,"Complete8-pageoriginal/nativepages1-8;noSIlisted,cachedonePDF;externalSIinventoryunchecked",OwnasreceivedDongguanOTALpolyesterfabric;no finishing/preparativewashassigned,InitialasreceivedPETcontrol,Initialpreparedstate;no durabilitylaunderingreported,2021
10.1016/j.polymer.2021.123761,"JF-5oxygenindexmeter,BeijingAVICTimes",Publishedp3Table1owninitialfabricrow,21.5,,383,"TG209F1,NETZSCH",700,Publishedp6Table3N2/aircolumns;Fig4p4ownfabriccurves,40,423,545,,,air,UntreatedownPETfabric,"Publishedp3TG209F1,40-700C10Cmin,N2orair50mLmin;JF-5LOI",literature,Nativefactsnotverified,2026-10-01,"Codexcompleteoriginalandnativepages,oneprimaryreviewer",10,Polymer,"Complete8-pagejournaloriginal/nativepages1-8reviewed. Table1ownfabricLOIandTable3samefabricTG;threeotheradd-ons1/3/5percentLOI-only. Nitrogen/airnotextrasamples. NativeT5explicit5percentthresholdnotgenericonset. W700explicitTGresidue,notTable2cone4.9/8.1/7.5residue. SignedRmaxpercent/minretainednottemperature. DOPAisDOPO-derivedoxaphosphinicacid,notdopamine. Nativefabricmassperareareported86gcm-2implausible;rawonly,notcorrectedGSM. Addon100*(W1-W0)/W0initialuntreatedfabricbasis,notbathconcentration;bathconcentrationandwater/EtOHratiounreported. LOIstandard/specimens/repsunknown;GB/T5455-2014isVFTnotLOI. Cone5folded100x100mmpiecesnotTG/LOIreplicates. RegularTGmass/crucibleunknown;PyGCMS300microgram/1000Cmin/heliumnotTGmethods. FreegelFig1notfabric;PAPSDOPAsecondpeakFig1label445Cversusprose455Cconflictretainedoutsidefabricfacts. NoSIlisted,cachedonePDFonly,externalSIinventoryunchecked. Oneprimaryreviewer;cross-sourcecontrol/comparatorreuseauditpending;notapproved/notcounted. RelatedProgressOrganicCoatings105971localPDFiswrongCurrentBiologypayload;neverusedasevidence;correctrelatedoriginalneededbeforecomparatorscleared.",polyester,PET polyester fabric; Dongguan OTAL; weave unknown,PET polyester fabric; Dongguan OTAL; weave unknown,PET polyester fabric; Dongguan OTAL; weave unknown,Untreated,tabulated,SameownfabriclabelTable1LOIandTable3TG;privatecross-sourceauditpending,related_PET_control_reuse_audit_correct_original_pending,journal_article,NativeDOI/title/authors/Polymer226(2021)123761;online20April2021,2,700,held_outside_verified_target,,Untreated,,,,,,,,,,,50,,,4.9,,,GB/T5455-2014;notLOIstandard,2,,Publishedjournaloriginal,Publishedp1DOI/title;p2materials/synthesis/fabricprep;p3Table1/LOI/TGmethods;p4Fig4;p6Table3;p7TGdiscussion;p8references,,,,,86 g cm-2;source-nativeimplausibleunitnotcorrected,,,-20,-3,Highly efficient flame retardation of polyester fabrics via novel DOPO-modified sol-gel coatings,https://doi.org/10.1016/j.polymer.2021.123761,"Complete8-pageoriginal/nativepages1-8;noSIlisted,cachedonePDF;externalSIinventoryunchecked",OwnasreceivedDongguanOTALpolyesterfabric;no finishing/preparativewashassigned,InitialasreceivedPETcontrol,Initialpreparedstate;no durabilitylaunderingreported,2021
10.1016/j.polymer.2021.123761,"JF-5oxygenindexmeter,BeijingAVICTimes",Publishedp3Table1owninitialfabricrow,18.5,,387,"TG209F1,NETZSCH",700,Publishedp6Table3N2/aircolumns;Fig4p4ownfabriccurves,40,433,,,8,N2,8%PAPSownPETfabric,"Publishedp3TG209F1,40-700C10Cmin,N2orair50mLmin;JF-5LOI",literature,Nativefactsnotverified,2026-10-01,"Codexcompleteoriginalandnativepages,oneprimaryreviewer",10,Polymer,"Complete8-pagejournaloriginal/nativepages1-8reviewed. Table1ownfabricLOIandTable3samefabricTG;threeotheradd-ons1/3/5percentLOI-only. Nitrogen/airnotextrasamples. NativeT5explicit5percentthresholdnotgenericonset. W700explicitTGresidue,notTable2cone4.9/8.1/7.5residue. SignedRmaxpercent/minretainednottemperature. DOPAisDOPO-derivedoxaphosphinicacid,notdopamine. Nativefabricmassperareareported86gcm-2implausible;rawonly,notcorrectedGSM. Addon100*(W1-W0)/W0initialuntreatedfabricbasis,notbathconcentration;bathconcentrationandwater/EtOHratiounreported. LOIstandard/specimens/repsunknown;GB/T5455-2014isVFTnotLOI. Cone5folded100x100mmpiecesnotTG/LOIreplicates. RegularTGmass/crucibleunknown;PyGCMS300microgram/1000Cmin/heliumnotTGmethods. FreegelFig1notfabric;PAPSDOPAsecondpeakFig1label445Cversusprose455Cconflictretainedoutsidefabricfacts. NoSIlisted,cachedonePDFonly,externalSIinventoryunchecked. Oneprimaryreviewer;cross-sourcecontrol/comparatorreuseauditpending;notapproved/notcounted. RelatedProgressOrganicCoatings105971localPDFiswrongCurrentBiologypayload;neverusedasevidence;correctrelatedoriginalneededbeforecomparatorscleared.",polyester,PET polyester fabric; Dongguan OTAL; weave unknown,PET polyester fabric; Dongguan OTAL; weave unknown,PET polyester fabric; Dongguan OTAL; weave unknown,8%PAPS,tabulated,SameownfabriclabelTable1LOIandTable3TG;privatecross-sourceauditpending,related_PET_coating_comparator_audit_correct_original_pending,journal_article,NativeDOI/title/authors/Polymer226(2021)123761;online20April2021,20,700,held_outside_verified_target,,8%PAPS,,,,,,,,,,,50,,,8.1,,,GB/T5455-2014;notLOIstandard,20,InitialuntreatedfabricW0;100*(W1-W0)/W0;notbathwt%,Publishedjournaloriginal,Publishedp1DOI/title;p2materials/synthesis/fabricprep;p3Table1/LOI/TGmethods;p4Fig4;p6Table3;p7TGdiscussion;p8references,,,,,86 g cm-2;source-nativeimplausibleunitnotcorrected,,,-17,,Highly efficient flame retardation of polyester fabrics via novel DOPO-modified sol-gel coatings,https://doi.org/10.1016/j.polymer.2021.123761,"Complete8-pageoriginal/nativepages1-8;noSIlisted,cachedonePDF;externalSIinventoryunchecked","APTES11.1g0.05molwater/EtOH,stir60C1.5h;PAPSsolfabricimmersion30min,dry80Cconstantweight;measuredaddon8wt%initialfabricbasis;exactbathconcentrationunknown",InitialsolgelcoatedPET,Initialpreparedstate;no durabilitylaunderingreported,2021
10.1016/j.polymer.2021.123761,"JF-5oxygenindexmeter,BeijingAVICTimes",Publishedp3Table1owninitialfabricrow,18.5,,351,"TG209F1,NETZSCH",700,Publishedp6Table3N2/aircolumns;Fig4p4ownfabriccurves,40,431,560,,8,air,8%PAPSownPETfabric,"Publishedp3TG209F1,40-700C10Cmin,N2orair50mLmin;JF-5LOI",literature,Nativefactsnotverified,2026-10-01,"Codexcompleteoriginalandnativepages,oneprimaryreviewer",10,Polymer,"Complete8-pagejournaloriginal/nativepages1-8reviewed. Table1ownfabricLOIandTable3samefabricTG;threeotheradd-ons1/3/5percentLOI-only. Nitrogen/airnotextrasamples. NativeT5explicit5percentthresholdnotgenericonset. W700explicitTGresidue,notTable2cone4.9/8.1/7.5residue. SignedRmaxpercent/minretainednottemperature. DOPAisDOPO-derivedoxaphosphinicacid,notdopamine. Nativefabricmassperareareported86gcm-2implausible;rawonly,notcorrectedGSM. Addon100*(W1-W0)/W0initialuntreatedfabricbasis,notbathconcentration;bathconcentrationandwater/EtOHratiounreported. LOIstandard/specimens/repsunknown;GB/T5455-2014isVFTnotLOI. Cone5folded100x100mmpiecesnotTG/LOIreplicates. RegularTGmass/crucibleunknown;PyGCMS300microgram/1000Cmin/heliumnotTGmethods. FreegelFig1notfabric;PAPSDOPAsecondpeakFig1label445Cversusprose455Cconflictretainedoutsidefabricfacts. NoSIlisted,cachedonePDFonly,externalSIinventoryunchecked. Oneprimaryreviewer;cross-sourcecontrol/comparatorreuseauditpending;notapproved/notcounted. RelatedProgressOrganicCoatings105971localPDFiswrongCurrentBiologypayload;neverusedasevidence;correctrelatedoriginalneededbeforecomparatorscleared.",polyester,PET polyester fabric; Dongguan OTAL; weave unknown,PET polyester fabric; Dongguan OTAL; weave unknown,PET polyester fabric; Dongguan OTAL; weave unknown,8%PAPS,tabulated,SameownfabriclabelTable1LOIandTable3TG;privatecross-sourceauditpending,related_PET_coating_comparator_audit_correct_original_pending,journal_article,NativeDOI/title/authors/Polymer226(2021)123761;online20April2021,5,700,held_outside_verified_target,,8%PAPS,,,,,,,,,,,50,,,8.1,,,GB/T5455-2014;notLOIstandard,5,InitialuntreatedfabricW0;100*(W1-W0)/W0;notbathwt%,Publishedjournaloriginal,Publishedp1DOI/title;p2materials/synthesis/fabricprep;p3Table1/LOI/TGmethods;p4Fig4;p6Table3;p7TGdiscussion;p8references,,,,,86 g cm-2;source-nativeimplausibleunitnotcorrected,,,-14,-2,Highly efficient flame retardation of polyester fabrics via novel DOPO-modified sol-gel coatings,https://doi.org/10.1016/j.polymer.2021.123761,"Complete8-pageoriginal/nativepages1-8;noSIlisted,cachedonePDF;externalSIinventoryunchecked","APTES11.1g0.05molwater/EtOH,stir60C1.5h;PAPSsolfabricimmersion30min,dry80Cconstantweight;measuredaddon8wt%initialfabricbasis;exactbathconcentrationunknown",InitialsolgelcoatedPET,Initialpreparedstate;no durabilitylaunderingreported,2021
10.1016/j.polymer.2021.123761,"JF-5oxygenindexmeter,BeijingAVICTimes",Publishedp3Table1owninitialfabricrow,32.0,,393,"TG209F1,NETZSCH",700,Publishedp6Table3N2/aircolumns;Fig4p4ownfabriccurves,40,433,,,8,N2,8%PAPS-DOPAownPETfabric,"Publishedp3TG209F1,40-700C10Cmin,N2orair50mLmin;JF-5LOI",literature,Nativefactsnotverified,2026-10-01,"Codexcompleteoriginalandnativepages,oneprimaryreviewer",10,Polymer,"Complete8-pagejournaloriginal/nativepages1-8reviewed. Table1ownfabricLOIandTable3samefabricTG;threeotheradd-ons1/3/5percentLOI-only. Nitrogen/airnotextrasamples. NativeT5explicit5percentthresholdnotgenericonset. W700explicitTGresidue,notTable2cone4.9/8.1/7.5residue. SignedRmaxpercent/minretainednottemperature. DOPAisDOPO-derivedoxaphosphinicacid,notdopamine. Nativefabricmassperareareported86gcm-2implausible;rawonly,notcorrectedGSM. Addon100*(W1-W0)/W0initialuntreatedfabricbasis,notbathconcentration;bathconcentrationandwater/EtOHratiounreported. LOIstandard/specimens/repsunknown;GB/T5455-2014isVFTnotLOI. Cone5folded100x100mmpiecesnotTG/LOIreplicates. RegularTGmass/crucibleunknown;PyGCMS300microgram/1000Cmin/heliumnotTGmethods. FreegelFig1notfabric;PAPSDOPAsecondpeakFig1label445Cversusprose455Cconflictretainedoutsidefabricfacts. NoSIlisted,cachedonePDFonly,externalSIinventoryunchecked. Oneprimaryreviewer;cross-sourcecontrol/comparatorreuseauditpending;notapproved/notcounted. RelatedProgressOrganicCoatings105971localPDFiswrongCurrentBiologypayload;neverusedasevidence;correctrelatedoriginalneededbeforecomparatorscleared.",polyester,PET polyester fabric; Dongguan OTAL; weave unknown,PET polyester fabric; Dongguan OTAL; weave unknown,PET polyester fabric; Dongguan OTAL; weave unknown,8%PAPS-DOPA,tabulated,SameownfabriclabelTable1LOIandTable3TG;privatecross-sourceauditpending,related_PET_coating_comparator_audit_correct_original_pending,journal_article,NativeDOI/title/authors/Polymer226(2021)123761;online20April2021,18,700,held_outside_verified_target,,8%PAPS-DOPA,,,,,,,,,6668,,50,,,7.5,,,GB/T5455-2014;notLOIstandard,18,InitialuntreatedfabricW0;100*(W1-W0)/W0;notbathwt%,Publishedjournaloriginal,Publishedp1DOI/title;p2materials/synthesis/fabricprep;p3Table1/LOI/TGmethods;p4Fig4;p6Table3;p7TGdiscussion;p8references,,,,,86 g cm-2;source-nativeimplausibleunitnotcorrected,,,-18,,Highly efficient flame retardation of polyester fabrics via novel DOPO-modified sol-gel coatings,https://doi.org/10.1016/j.polymer.2021.123761,"Complete8-pageoriginal/nativepages1-8;noSIlisted,cachedonePDF;externalSIinventoryunchecked","APTES11.1g0.05molwater/EtOH,stir60C1.5h;DOPO-derivedDOPA11.6g0.05moladd,stir60C3h;solfabricimmersion30min,dry80Cconstantweight;measuredaddon8wt%initialfabricbasis;exactbathconcentrationunknown",InitialsolgelcoatedPET,Initialpreparedstate;no durabilitylaunderingreported,2021
10.1016/j.polymer.2021.123761,"JF-5oxygenindexmeter,BeijingAVICTimes",Publishedp3Table1owninitialfabricrow,32.0,,379,"TG209F1,NETZSCH",700,Publishedp6Table3N2/aircolumns;Fig4p4ownfabriccurves,40,430,574,,8,air,8%PAPS-DOPAownPETfabric,"Publishedp3TG209F1,40-700C10Cmin,N2orair50mLmin;JF-5LOI",literature,Nativefactsnotverified,2026-10-01,"Codexcompleteoriginalandnativepages,oneprimaryreviewer",10,Polymer,"Complete8-pagejournaloriginal/nativepages1-8reviewed. Table1ownfabricLOIandTable3samefabricTG;threeotheradd-ons1/3/5percentLOI-only. Nitrogen/airnotextrasamples. NativeT5explicit5percentthresholdnotgenericonset. W700explicitTGresidue,notTable2cone4.9/8.1/7.5residue. SignedRmaxpercent/minretainednottemperature. DOPAisDOPO-derivedoxaphosphinicacid,notdopamine. Nativefabricmassperareareported86gcm-2implausible;rawonly,notcorrectedGSM. Addon100*(W1-W0)/W0initialuntreatedfabricbasis,notbathconcentration;bathconcentrationandwater/EtOHratiounreported. LOIstandard/specimens/repsunknown;GB/T5455-2014isVFTnotLOI. Cone5folded100x100mmpiecesnotTG/LOIreplicates. RegularTGmass/crucibleunknown;PyGCMS300microgram/1000Cmin/heliumnotTGmethods. FreegelFig1notfabric;PAPSDOPAsecondpeakFig1label445Cversusprose455Cconflictretainedoutsidefabricfacts. NoSIlisted,cachedonePDFonly,externalSIinventoryunchecked. Oneprimaryreviewer;cross-sourcecontrol/comparatorreuseauditpending;notapproved/notcounted. RelatedProgressOrganicCoatings105971localPDFiswrongCurrentBiologypayload;neverusedasevidence;correctrelatedoriginalneededbeforecomparatorscleared.",polyester,PET polyester fabric; Dongguan OTAL; weave unknown,PET polyester fabric; Dongguan OTAL; weave unknown,PET polyester fabric; Dongguan OTAL; weave unknown,8%PAPS-DOPA,tabulated,SameownfabriclabelTable1LOIandTable3TG;privatecross-sourceauditpending,related_PET_coating_comparator_audit_correct_original_pending,journal_article,NativeDOI/title/authors/Polymer226(2021)123761;online20April2021,3,700,held_outside_verified_target,,8%PAPS-DOPA,,,,,,,,,6668,,50,,,7.5,,,GB/T5455-2014;notLOIstandard,3,InitialuntreatedfabricW0;100*(W1-W0)/W0;notbathwt%,Publishedjournaloriginal,Publishedp1DOI/title;p2materials/synthesis/fabricprep;p3Table1/LOI/TGmethods;p4Fig4;p6Table3;p7TGdiscussion;p8references,,,,,86 g cm-2;source-nativeimplausibleunitnotcorrected,,,-17,-2,Highly efficient flame retardation of polyester fabrics via novel DOPO-modified sol-gel coatings,https://doi.org/10.1016/j.polymer.2021.123761,"Complete8-pageoriginal/nativepages1-8;noSIlisted,cachedonePDF;externalSIinventoryunchecked","APTES11.1g0.05molwater/EtOH,stir60C1.5h;DOPO-derivedDOPA11.6g0.05moladd,stir60C3h;solfabricimmersion30min,dry80Cconstantweight;measuredaddon8wt%initialfabricbasis;exactbathconcentrationunknown",InitialsolgelcoatedPET,Initialpreparedstate;no durabilitylaunderingreported,2021
10.1016/j.polymer.2021.123761,"JF-5oxygenindexmeter,BeijingAVICTimes",Publishedp3Table1owninitialfabricrow,25.0,,,,,Table3onlyUntreated/8%PAPS/8%PAPS-DOPA;noownTGfor1/3/5percent,,,,,1,,1%PAPS-DOPAownPETfabric,"Publishedp3TG209F1,40-700C10Cmin,N2orair50mLmin;JF-5LOI",literature,Nativefactsnotverified,2026-10-01,"Codexcompleteoriginalandnativepages,oneprimaryreviewer",,Polymer,"Complete8-pagejournaloriginal/nativepages1-8reviewed. Table1ownfabricLOIandTable3samefabricTG;threeotheradd-ons1/3/5percentLOI-only. Nitrogen/airnotextrasamples. NativeT5explicit5percentthresholdnotgenericonset. W700explicitTGresidue,notTable2cone4.9/8.1/7.5residue. SignedRmaxpercent/minretainednottemperature. DOPAisDOPO-derivedoxaphosphinicacid,notdopamine. Nativefabricmassperareareported86gcm-2implausible;rawonly,notcorrectedGSM. Addon100*(W1-W0)/W0initialuntreatedfabricbasis,notbathconcentration;bathconcentrationandwater/EtOHratiounreported. LOIstandard/specimens/repsunknown;GB/T5455-2014isVFTnotLOI. Cone5folded100x100mmpiecesnotTG/LOIreplicates. RegularTGmass/crucibleunknown;PyGCMS300microgram/1000Cmin/heliumnotTGmethods. FreegelFig1notfabric;PAPSDOPAsecondpeakFig1label445Cversusprose455Cconflictretainedoutsidefabricfacts. NoSIlisted,cachedonePDFonly,externalSIinventoryunchecked. Oneprimaryreviewer;cross-sourcecontrol/comparatorreuseauditpending;notapproved/notcounted. RelatedProgressOrganicCoatings105971localPDFiswrongCurrentBiologypayload;neverusedasevidence;correctrelatedoriginalneededbeforecomparatorscleared.",polyester,PET polyester fabric; Dongguan OTAL; weave unknown,PET polyester fabric; Dongguan OTAL; weave unknown,PET polyester fabric; Dongguan OTAL; weave unknown,1%PAPS-DOPA,tabulated,,LOI_only_no_matching_numeric_fabric_TG,journal_article,NativeDOI/title/authors/Polymer226(2021)123761;online20April2021,,,held_outside_verified_target,,1%PAPS-DOPA,,,,,,,,,693,,,,,,,,GB/T5455-2014;notLOIstandard,,,Publishedjournaloriginal,Publishedp1DOI/title;p2materials/synthesis/fabricprep;p3Table1/LOI/TGmethods;p4Fig4;p6Table3;p7TGdiscussion;p8references,,,,,86 g cm-2;source-nativeimplausibleunitnotcorrected,,,,,Highly efficient flame retardation of polyester fabrics via novel DOPO-modified sol-gel coatings,https://doi.org/10.1016/j.polymer.2021.123761,"Complete8-pageoriginal/nativepages1-8;noSIlisted,cachedonePDF;externalSIinventoryunchecked","APTES11.1g0.05molwater/EtOH,stir60C1.5h;DOPO-derivedDOPA11.6g0.05moladd,stir60C3h;solfabricimmersion30min,dry80Cconstantweight;measuredaddon1wt%initialfabricbasis;exactbathconcentrationunknown",InitialsolgelcoatedPET,Initialpreparedstate;no durabilitylaunderingreported,2021
10.1016/j.polymer.2021.123761,"JF-5oxygenindexmeter,BeijingAVICTimes",Publishedp3Table1owninitialfabricrow,27.2,,,,,Table3onlyUntreated/8%PAPS/8%PAPS-DOPA;noownTGfor1/3/5percent,,,,,3,,3%PAPS-DOPAownPETfabric,"Publishedp3TG209F1,40-700C10Cmin,N2orair50mLmin;JF-5LOI",literature,Nativefactsnotverified,2026-10-01,"Codexcompleteoriginalandnativepages,oneprimaryreviewer",,Polymer,"Complete8-pagejournaloriginal/nativepages1-8reviewed. Table1ownfabricLOIandTable3samefabricTG;threeotheradd-ons1/3/5percentLOI-only. Nitrogen/airnotextrasamples. NativeT5explicit5percentthresholdnotgenericonset. W700explicitTGresidue,notTable2cone4.9/8.1/7.5residue. SignedRmaxpercent/minretainednottemperature. DOPAisDOPO-derivedoxaphosphinicacid,notdopamine. Nativefabricmassperareareported86gcm-2implausible;rawonly,notcorrectedGSM. Addon100*(W1-W0)/W0initialuntreatedfabricbasis,notbathconcentration;bathconcentrationandwater/EtOHratiounreported. LOIstandard/specimens/repsunknown;GB/T5455-2014isVFTnotLOI. Cone5folded100x100mmpiecesnotTG/LOIreplicates. RegularTGmass/crucibleunknown;PyGCMS300microgram/1000Cmin/heliumnotTGmethods. FreegelFig1notfabric;PAPSDOPAsecondpeakFig1label445Cversusprose455Cconflictretainedoutsidefabricfacts. NoSIlisted,cachedonePDFonly,externalSIinventoryunchecked. Oneprimaryreviewer;cross-sourcecontrol/comparatorreuseauditpending;notapproved/notcounted. RelatedProgressOrganicCoatings105971localPDFiswrongCurrentBiologypayload;neverusedasevidence;correctrelatedoriginalneededbeforecomparatorscleared.",polyester,PET polyester fabric; Dongguan OTAL; weave unknown,PET polyester fabric; Dongguan OTAL; weave unknown,PET polyester fabric; Dongguan OTAL; weave unknown,3%PAPS-DOPA,tabulated,,LOI_only_no_matching_numeric_fabric_TG,journal_article,NativeDOI/title/authors/Polymer226(2021)123761;online20April2021,,,held_outside_verified_target,,3%PAPS-DOPA,,,,,,,,,2281,,,,,,,,GB/T5455-2014;notLOIstandard,,,Publishedjournaloriginal,Publishedp1DOI/title;p2materials/synthesis/fabricprep;p3Table1/LOI/TGmethods;p4Fig4;p6Table3;p7TGdiscussion;p8references,,,,,86 g cm-2;source-nativeimplausibleunitnotcorrected,,,,,Highly efficient flame retardation of polyester fabrics via novel DOPO-modified sol-gel coatings,https://doi.org/10.1016/j.polymer.2021.123761,"Complete8-pageoriginal/nativepages1-8;noSIlisted,cachedonePDF;externalSIinventoryunchecked","APTES11.1g0.05molwater/EtOH,stir60C1.5h;DOPO-derivedDOPA11.6g0.05moladd,stir60C3h;solfabricimmersion30min,dry80Cconstantweight;measuredaddon3wt%initialfabricbasis;exactbathconcentrationunknown",InitialsolgelcoatedPET,Initialpreparedstate;no durabilitylaunderingreported,2021
10.1016/j.polymer.2021.123761,"JF-5oxygenindexmeter,BeijingAVICTimes",Publishedp3Table1owninitialfabricrow,28.5,,,,,Table3onlyUntreated/8%PAPS/8%PAPS-DOPA;noownTGfor1/3/5percent,,,,,5,,5%PAPS-DOPAownPETfabric,"Publishedp3TG209F1,40-700C10Cmin,N2orair50mLmin;JF-5LOI",literature,Nativefactsnotverified,2026-10-01,"Codexcompleteoriginalandnativepages,oneprimaryreviewer",,Polymer,"Complete8-pagejournaloriginal/nativepages1-8reviewed. Table1ownfabricLOIandTable3samefabricTG;threeotheradd-ons1/3/5percentLOI-only. Nitrogen/airnotextrasamples. NativeT5explicit5percentthresholdnotgenericonset. W700explicitTGresidue,notTable2cone4.9/8.1/7.5residue. SignedRmaxpercent/minretainednottemperature. DOPAisDOPO-derivedoxaphosphinicacid,notdopamine. Nativefabricmassperareareported86gcm-2implausible;rawonly,notcorrectedGSM. Addon100*(W1-W0)/W0initialuntreatedfabricbasis,notbathconcentration;bathconcentrationandwater/EtOHratiounreported. LOIstandard/specimens/repsunknown;GB/T5455-2014isVFTnotLOI. Cone5folded100x100mmpiecesnotTG/LOIreplicates. RegularTGmass/crucibleunknown;PyGCMS300microgram/1000Cmin/heliumnotTGmethods. FreegelFig1notfabric;PAPSDOPAsecondpeakFig1label445Cversusprose455Cconflictretainedoutsidefabricfacts. NoSIlisted,cachedonePDFonly,externalSIinventoryunchecked. Oneprimaryreviewer;cross-sourcecontrol/comparatorreuseauditpending;notapproved/notcounted. RelatedProgressOrganicCoatings105971localPDFiswrongCurrentBiologypayload;neverusedasevidence;correctrelatedoriginalneededbeforecomparatorscleared.",polyester,PET polyester fabric; Dongguan OTAL; weave unknown,PET polyester fabric; Dongguan OTAL; weave unknown,PET polyester fabric; Dongguan OTAL; weave unknown,5%PAPS-DOPA,tabulated,,LOI_only_no_matching_numeric_fabric_TG,journal_article,NativeDOI/title/authors/Polymer226(2021)123761;online20April2021,,,held_outside_verified_target,,5%PAPS-DOPA,,,,,,,,,4132,,,,,,,,GB/T5455-2014;notLOIstandard,,,Publishedjournaloriginal,Publishedp1DOI/title;p2materials/synthesis/fabricprep;p3Table1/LOI/TGmethods;p4Fig4;p6Table3;p7TGdiscussion;p8references,,,,,86 g cm-2;source-nativeimplausibleunitnotcorrected,,,,,Highly efficient flame retardation of polyester fabrics via novel DOPO-modified sol-gel coatings,https://doi.org/10.1016/j.polymer.2021.123761,"Complete8-pageoriginal/nativepages1-8;noSIlisted,cachedonePDF;externalSIinventoryunchecked","APTES11.1g0.05molwater/EtOH,stir60C1.5h;DOPO-derivedDOPA11.6g0.05moladd,stir60C3h;solfabricimmersion30min,dry80Cconstantweight;measuredaddon5wt%initialfabricbasis;exactbathconcentrationunknown",InitialsolgelcoatedPET,Initialpreparedstate;no durabilitylaunderingreported,2021
10.1002/app.46414,"JF-3,NanjingJionglei",Published46414p4Table2sameinitialfabricrow,21.6,GB/T2403-1993;source-native,,"209F1Iris,Netzsch",800,Published46414p4Table1samefabricrow;Fig2p3,50,441.3,,410.9,,air,Pure PETownDeshunPET,Published46414p3TGair50-800C15Cmin;JF-3GB/T2403-1993,literature,Nativefactsnotverified,2026-10-01,"Codexcompleteoriginalandnativepages,oneprimaryreviewer",15,Journal of Applied Polymer Science,"Complete10-pageprimarytext/nativepages1-10reviewed;SImentionedp1,localinventoryonePDFonly;officialWileypageHTTP403,SIunretrievedandscopeunknown,rowsheld. Table1TGandTable2sameinitialfabriclabels. NativeTonsetgenericonsetnotT5/T10. NativeTsecondseconddegradationstepnotestablishedDTGmaximum;rawonly. DTGmaxsignednegativepercent/minnottemperature. GenericResidueassessmenttemperatureunreported;runend800CnotR800. LOIuncertaintiesnativeplusminuswithtypeunspecified;notinventSD/SE. NativeLOIstandardGB/T2403-1993and130x65x4mmsizekeptliteral;notcorrectedstandard/thickness. FivespecimenaverageadjacentVFTmethodnotassignedLOI/TG;conetriplicatesseparate. PyGCMS300mgnative/helium1000CminnotregularTGmass/gas/ramp. Source0minstillSSPcontainsPApH2.5;0minmeansPASsoaktime,noinventPAfreechemistry. Preparativerinsesnotdurabilitywashing. P9massincreases7.9/8.3/8.5/8.5/8.6wt%andp2denominatorwordingliteral;nofabricaddonbasisinvented. SourceFig4SEM3minnotTable1/Table2extraformulation. 20minwash45LOI31.0exactprosebutnoownwashedTG;remainingwashedvaluescurveonlynotestimated. Oneprimaryreviewer;noindependentreviewclaim.",polyester,PET polyester fabric; Deshun Weaving Jiangsu Hengli; 200g/m2; weave unknown,PET polyester fabric; Deshun Weaving Jiangsu Hengli; 200g/m2; weave unknown,PET polyester fabric; Deshun Weaving Jiangsu Hengli; 200g/m2; weave unknown,Pure PET,tabulated,Table1TGandTable2sameownfabriclabel;SIscopepending,official_SI_unretrieved_scope_pending,journal_article,NativeDOI/title/issueandauthorschecked;JAPS135(2018)46414orFibersPolymers20(2019)2594-2603,0.4,,held_outside_verified_target,,Pure PET,,130x65x4;source-native,,,,0.2,"Nativeplusminus,typeunreported",,,,,,,,545.0,"Seconddegradationstep,notexplicitDTGmaximum",,,,Publishedjournaloriginal,Published46414p1DOI/SInotice;p2materials/recipes;p3TG/LOI/washmethods;p4Tables1/2;p5-10results/captions/references,p2addedmass/treatedpolyesterfabricbeforesoaking;nativewordingunresolved,,,,,,-26.1,,,Durable flame‐retardant and antidroplet finishing of polyester fabrics with flexible polysiloxane and phytic acid through layer‐by‐layer assembly and sol–gel process,https://doi.org/10.1002/app.46414,"Complete10-pageprimary/nativepages;SImentionedunretrieved,officialpageHTTP403;scopeunknown",OwnpurePETcontrol;nofinishassigned,InitialuncoatedPETcontrol,Initialpreparedstate;preparativerinsesforcoating;no durabilitylaundering,2018
10.1002/app.46414,"JF-3,NanjingJionglei",Published46414p4Table2sameinitialfabricrow,29.7,GB/T2403-1993;source-native,,"209F1Iris,Netzsch",800,Published46414p4Table1samefabricrow;Fig2p3,50,438.0,,402.2,,air,Soaked for 0 minownDeshunPET,Published46414p3TGair50-800C15Cmin;JF-3GB/T2403-1993,literature,Nativefactsnotverified,2026-10-01,"Codexcompleteoriginalandnativepages,oneprimaryreviewer",15,Journal of Applied Polymer Science,"Complete10-pageprimarytext/nativepages1-10reviewed;SImentionedp1,localinventoryonePDFonly;officialWileypageHTTP403,SIunretrievedandscopeunknown,rowsheld. Table1TGandTable2sameinitialfabriclabels. NativeTonsetgenericonsetnotT5/T10. NativeTsecondseconddegradationstepnotestablishedDTGmaximum;rawonly. DTGmaxsignednegativepercent/minnottemperature. GenericResidueassessmenttemperatureunreported;runend800CnotR800. LOIuncertaintiesnativeplusminuswithtypeunspecified;notinventSD/SE. NativeLOIstandardGB/T2403-1993and130x65x4mmsizekeptliteral;notcorrectedstandard/thickness. FivespecimenaverageadjacentVFTmethodnotassignedLOI/TG;conetriplicatesseparate. PyGCMS300mgnative/helium1000CminnotregularTGmass/gas/ramp. Source0minstillSSPcontainsPApH2.5;0minmeansPASsoaktime,noinventPAfreechemistry. Preparativerinsesnotdurabilitywashing. P9massincreases7.9/8.3/8.5/8.5/8.6wt%andp2denominatorwordingliteral;nofabricaddonbasisinvented. SourceFig4SEM3minnotTable1/Table2extraformulation. 20minwash45LOI31.0exactprosebutnoownwashedTG;remainingwashedvaluescurveonlynotestimated. Oneprimaryreviewer;noindependentreviewclaim.",polyester,PET polyester fabric; Deshun Weaving Jiangsu Hengli; 200g/m2; weave unknown,PET polyester fabric; Deshun Weaving Jiangsu Hengli; 200g/m2; weave unknown,PET polyester fabric; Deshun Weaving Jiangsu Hengli; 200g/m2; weave unknown,Soaked for 0 min,tabulated,Table1TGandTable2sameownfabriclabel;SIscopepending,official_SI_unretrieved_scope_pending,journal_article,NativeDOI/title/issueandauthorschecked;JAPS135(2018)46414orFibersPolymers20(2019)2594-2603,15.9,,held_outside_verified_target,,Soaked for 0 min,,130x65x4;source-native,,,,0.1,"Nativeplusminus,typeunreported",,,,,,,,539.3,"Seconddegradationstep,notexplicitDTGmaximum",,,,Publishedjournaloriginal,Published46414p1DOI/SInotice;p2materials/recipes;p3TG/LOI/washmethods;p4Tables1/2;p5-10results/captions/references,p2addedmass/treatedpolyesterfabricbeforesoaking;nativewordingunresolved,7.9,,,,,-17.8,,,Durable flame‐retardant and antidroplet finishing of polyester fabrics with flexible polysiloxane and phytic acid through layer‐by‐layer assembly and sol–gel process,https://doi.org/10.1002/app.46414,"Complete10-pageprimary/nativepages;SImentionedunretrieved,officialpageHTTP403;scopeunknown","SSP:MTES/water1:10mol;waterpH2.5usingPA,0.6molMTES6.0molwater,15C25min;addPDMS-OH0.15mol/IPA1.0mol,95C45min,solid16.9wt%;diluteSSPto5wt%withwater/IPA1:1v/v. Fabric20x40cmSSP0.5min,waterrinse/squeeze/airdry5min;10wt%PASvariabletime,water/IPA1:1rinse/squeeze/airdry5min;SSP0.5min/waterrinse/squeeze/20C5min;final80C30min. PASsoak0min",InitialSSP/PAS/SSPcoatedPET,Initialpreparedstate;preparativerinsesforcoating;no durabilitylaundering,2018
10.1002/app.46414,"JF-3,NanjingJionglei",Published46414p4Table2sameinitialfabricrow,30.3,GB/T2403-1993;source-native,,"209F1Iris,Netzsch",800,Published46414p4Table1samefabricrow;Fig2p3,50,438.7,,404.5,,air,Soaked for 5 minownDeshunPET,Published46414p3TGair50-800C15Cmin;JF-3GB/T2403-1993,literature,Nativefactsnotverified,2026-10-01,"Codexcompleteoriginalandnativepages,oneprimaryreviewer",15,Journal of Applied Polymer Science,"Complete10-pageprimarytext/nativepages1-10reviewed;SImentionedp1,localinventoryonePDFonly;officialWileypageHTTP403,SIunretrievedandscopeunknown,rowsheld. Table1TGandTable2sameinitialfabriclabels. NativeTonsetgenericonsetnotT5/T10. NativeTsecondseconddegradationstepnotestablishedDTGmaximum;rawonly. DTGmaxsignednegativepercent/minnottemperature. GenericResidueassessmenttemperatureunreported;runend800CnotR800. LOIuncertaintiesnativeplusminuswithtypeunspecified;notinventSD/SE. NativeLOIstandardGB/T2403-1993and130x65x4mmsizekeptliteral;notcorrectedstandard/thickness. FivespecimenaverageadjacentVFTmethodnotassignedLOI/TG;conetriplicatesseparate. PyGCMS300mgnative/helium1000CminnotregularTGmass/gas/ramp. Source0minstillSSPcontainsPApH2.5;0minmeansPASsoaktime,noinventPAfreechemistry. Preparativerinsesnotdurabilitywashing. P9massincreases7.9/8.3/8.5/8.5/8.6wt%andp2denominatorwordingliteral;nofabricaddonbasisinvented. SourceFig4SEM3minnotTable1/Table2extraformulation. 20minwash45LOI31.0exactprosebutnoownwashedTG;remainingwashedvaluescurveonlynotestimated. Oneprimaryreviewer;noindependentreviewclaim.",polyester,PET polyester fabric; Deshun Weaving Jiangsu Hengli; 200g/m2; weave unknown,PET polyester fabric; Deshun Weaving Jiangsu Hengli; 200g/m2; weave unknown,PET polyester fabric; Deshun Weaving Jiangsu Hengli; 200g/m2; weave unknown,Soaked for 5 min,tabulated,Table1TGandTable2sameownfabriclabel;SIscopepending,official_SI_unretrieved_scope_pending,journal_article,NativeDOI/title/issueandauthorschecked;JAPS135(2018)46414orFibersPolymers20(2019)2594-2603,17.3,,held_outside_verified_target,,Soaked for 5 min,,130x65x4;source-native,,,,0.3,"Nativeplusminus,typeunreported",,,,,,,,539.0,"Seconddegradationstep,notexplicitDTGmaximum",,,,Publishedjournaloriginal,Published46414p1DOI/SInotice;p2materials/recipes;p3TG/LOI/washmethods;p4Tables1/2;p5-10results/captions/references,p2addedmass/treatedpolyesterfabricbeforesoaking;nativewordingunresolved,8.3,,,,,-17.7,,,Durable flame‐retardant and antidroplet finishing of polyester fabrics with flexible polysiloxane and phytic acid through layer‐by‐layer assembly and sol–gel process,https://doi.org/10.1002/app.46414,"Complete10-pageprimary/nativepages;SImentionedunretrieved,officialpageHTTP403;scopeunknown","SSP:MTES/water1:10mol;waterpH2.5usingPA,0.6molMTES6.0molwater,15C25min;addPDMS-OH0.15mol/IPA1.0mol,95C45min,solid16.9wt%;diluteSSPto5wt%withwater/IPA1:1v/v. Fabric20x40cmSSP0.5min,waterrinse/squeeze/airdry5min;10wt%PASvariabletime,water/IPA1:1rinse/squeeze/airdry5min;SSP0.5min/waterrinse/squeeze/20C5min;final80C30min. PASsoak5min",InitialSSP/PAS/SSPcoatedPET,Initialpreparedstate;preparativerinsesforcoating;no durabilitylaundering,2018
10.1002/app.46414,"JF-3,NanjingJionglei",Published46414p4Table2sameinitialfabricrow,30.5,GB/T2403-1993;source-native,,"209F1Iris,Netzsch",800,Published46414p4Table1samefabricrow;Fig2p3,50,439.2,,404.8,,air,Soaked for 10 minownDeshunPET,Published46414p3TGair50-800C15Cmin;JF-3GB/T2403-1993,literature,Nativefactsnotverified,2026-10-01,"Codexcompleteoriginalandnativepages,oneprimaryreviewer",15,Journal of Applied Polymer Science,"Complete10-pageprimarytext/nativepages1-10reviewed;SImentionedp1,localinventoryonePDFonly;officialWileypageHTTP403,SIunretrievedandscopeunknown,rowsheld. Table1TGandTable2sameinitialfabriclabels. NativeTonsetgenericonsetnotT5/T10. NativeTsecondseconddegradationstepnotestablishedDTGmaximum;rawonly. DTGmaxsignednegativepercent/minnottemperature. GenericResidueassessmenttemperatureunreported;runend800CnotR800. LOIuncertaintiesnativeplusminuswithtypeunspecified;notinventSD/SE. NativeLOIstandardGB/T2403-1993and130x65x4mmsizekeptliteral;notcorrectedstandard/thickness. FivespecimenaverageadjacentVFTmethodnotassignedLOI/TG;conetriplicatesseparate. PyGCMS300mgnative/helium1000CminnotregularTGmass/gas/ramp. Source0minstillSSPcontainsPApH2.5;0minmeansPASsoaktime,noinventPAfreechemistry. Preparativerinsesnotdurabilitywashing. P9massincreases7.9/8.3/8.5/8.5/8.6wt%andp2denominatorwordingliteral;nofabricaddonbasisinvented. SourceFig4SEM3minnotTable1/Table2extraformulation. 20minwash45LOI31.0exactprosebutnoownwashedTG;remainingwashedvaluescurveonlynotestimated. Oneprimaryreviewer;noindependentreviewclaim.",polyester,PET polyester fabric; Deshun Weaving Jiangsu Hengli; 200g/m2; weave unknown,PET polyester fabric; Deshun Weaving Jiangsu Hengli; 200g/m2; weave unknown,PET polyester fabric; Deshun Weaving Jiangsu Hengli; 200g/m2; weave unknown,Soaked for 10 min,tabulated,Table1TGandTable2sameownfabriclabel;SIscopepending,official_SI_unretrieved_scope_pending,journal_article,NativeDOI/title/issueandauthorschecked;JAPS135(2018)46414orFibersPolymers20(2019)2594-2603,18.4,,held_outside_verified_target,,Soaked for 10 min,,130x65x4;source-native,,,,0.1,"Nativeplusminus,typeunreported",,,,,,,,538.0,"Seconddegradationstep,notexplicitDTGmaximum",,,,Publishedjournaloriginal,Published46414p1DOI/SInotice;p2materials/recipes;p3TG/LOI/washmethods;p4Tables1/2;p5-10results/captions/references,p2addedmass/treatedpolyesterfabricbeforesoaking;nativewordingunresolved,8.5,,,,,-17.4,,,Durable flame‐retardant and antidroplet finishing of polyester fabrics with flexible polysiloxane and phytic acid through layer‐by‐layer assembly and sol–gel process,https://doi.org/10.1002/app.46414,"Complete10-pageprimary/nativepages;SImentionedunretrieved,officialpageHTTP403;scopeunknown","SSP:MTES/water1:10mol;waterpH2.5usingPA,0.6molMTES6.0molwater,15C25min;addPDMS-OH0.15mol/IPA1.0mol,95C45min,solid16.9wt%;diluteSSPto5wt%withwater/IPA1:1v/v. Fabric20x40cmSSP0.5min,waterrinse/squeeze/airdry5min;10wt%PASvariabletime,water/IPA1:1rinse/squeeze/airdry5min;SSP0.5min/waterrinse/squeeze/20C5min;final80C30min. PASsoak10min",InitialSSP/PAS/SSPcoatedPET,Initialpreparedstate;preparativerinsesforcoating;no durabilitylaundering,2018
10.1002/app.46414,"JF-3,NanjingJionglei",Published46414p4Table2sameinitialfabricrow,30.8,GB/T2403-1993;source-native,,"209F1Iris,Netzsch",800,Published46414p4Table1samefabricrow;Fig2p3,50,439.7,,404.9,,air,Soaked for 15 minownDeshunPET,Published46414p3TGair50-800C15Cmin;JF-3GB/T2403-1993,literature,Nativefactsnotverified,2026-10-01,"Codexcompleteoriginalandnativepages,oneprimaryreviewer",15,Journal of Applied Polymer Science,"Complete10-pageprimarytext/nativepages1-10reviewed;SImentionedp1,localinventoryonePDFonly;officialWileypageHTTP403,SIunretrievedandscopeunknown,rowsheld. Table1TGandTable2sameinitialfabriclabels. NativeTonsetgenericonsetnotT5/T10. NativeTsecondseconddegradationstepnotestablishedDTGmaximum;rawonly. DTGmaxsignednegativepercent/minnottemperature. GenericResidueassessmenttemperatureunreported;runend800CnotR800. LOIuncertaintiesnativeplusminuswithtypeunspecified;notinventSD/SE. NativeLOIstandardGB/T2403-1993and130x65x4mmsizekeptliteral;notcorrectedstandard/thickness. FivespecimenaverageadjacentVFTmethodnotassignedLOI/TG;conetriplicatesseparate. PyGCMS300mgnative/helium1000CminnotregularTGmass/gas/ramp. Source0minstillSSPcontainsPApH2.5;0minmeansPASsoaktime,noinventPAfreechemistry. Preparativerinsesnotdurabilitywashing. P9massincreases7.9/8.3/8.5/8.5/8.6wt%andp2denominatorwordingliteral;nofabricaddonbasisinvented. SourceFig4SEM3minnotTable1/Table2extraformulation. 20minwash45LOI31.0exactprosebutnoownwashedTG;remainingwashedvaluescurveonlynotestimated. Oneprimaryreviewer;noindependentreviewclaim.",polyester,PET polyester fabric; Deshun Weaving Jiangsu Hengli; 200g/m2; weave unknown,PET polyester fabric; Deshun Weaving Jiangsu Hengli; 200g/m2; weave unknown,PET polyester fabric; Deshun Weaving Jiangsu Hengli; 200g/m2; weave unknown,Soaked for 15 min,tabulated,Table1TGandTable2sameownfabriclabel;SIscopepending,official_SI_unretrieved_scope_pending,journal_article,NativeDOI/title/issueandauthorschecked;JAPS135(2018)46414orFibersPolymers20(2019)2594-2603,18.5,,held_outside_verified_target,,Soaked for 15 min,,130x65x4;source-native,,,,0.2,"Nativeplusminus,typeunreported",,,,,,,,535.5,"Seconddegradationstep,notexplicitDTGmaximum",,,,Publishedjournaloriginal,Published46414p1DOI/SInotice;p2materials/recipes;p3TG/LOI/washmethods;p4Tables1/2;p5-10results/captions/references,p2addedmass/treatedpolyesterfabricbeforesoaking;nativewordingunresolved,8.5,,,,,-16.5,,,Durable flame‐retardant and antidroplet finishing of polyester fabrics with flexible polysiloxane and phytic acid through layer‐by‐layer assembly and sol–gel process,https://doi.org/10.1002/app.46414,"Complete10-pageprimary/nativepages;SImentionedunretrieved,officialpageHTTP403;scopeunknown","SSP:MTES/water1:10mol;waterpH2.5usingPA,0.6molMTES6.0molwater,15C25min;addPDMS-OH0.15mol/IPA1.0mol,95C45min,solid16.9wt%;diluteSSPto5wt%withwater/IPA1:1v/v. Fabric20x40cmSSP0.5min,waterrinse/squeeze/airdry5min;10wt%PASvariabletime,water/IPA1:1rinse/squeeze/airdry5min;SSP0.5min/waterrinse/squeeze/20C5min;final80C30min. PASsoak15min",InitialSSP/PAS/SSPcoatedPET,Initialpreparedstate;preparativerinsesforcoating;no durabilitylaundering,2018
10.1002/app.46414,"JF-3,NanjingJionglei",Published46414p4Table2sameinitialfabricrow,31.4,GB/T2403-1993;source-native,,"209F1Iris,Netzsch",800,Published46414p4Table1samefabricrow;Fig2p3,50,439.8,,405.8,,air,Soaked for 20 minownDeshunPET,Published46414p3TGair50-800C15Cmin;JF-3GB/T2403-1993,literature,Nativefactsnotverified,2026-10-01,"Codexcompleteoriginalandnativepages,oneprimaryreviewer",15,Journal of Applied Polymer Science,"Complete10-pageprimarytext/nativepages1-10reviewed;SImentionedp1,localinventoryonePDFonly;officialWileypageHTTP403,SIunretrievedandscopeunknown,rowsheld. Table1TGandTable2sameinitialfabriclabels. NativeTonsetgenericonsetnotT5/T10. NativeTsecondseconddegradationstepnotestablishedDTGmaximum;rawonly. DTGmaxsignednegativepercent/minnottemperature. GenericResidueassessmenttemperatureunreported;runend800CnotR800. LOIuncertaintiesnativeplusminuswithtypeunspecified;notinventSD/SE. NativeLOIstandardGB/T2403-1993and130x65x4mmsizekeptliteral;notcorrectedstandard/thickness. FivespecimenaverageadjacentVFTmethodnotassignedLOI/TG;conetriplicatesseparate. PyGCMS300mgnative/helium1000CminnotregularTGmass/gas/ramp. Source0minstillSSPcontainsPApH2.5;0minmeansPASsoaktime,noinventPAfreechemistry. Preparativerinsesnotdurabilitywashing. P9massincreases7.9/8.3/8.5/8.5/8.6wt%andp2denominatorwordingliteral;nofabricaddonbasisinvented. SourceFig4SEM3minnotTable1/Table2extraformulation. 20minwash45LOI31.0exactprosebutnoownwashedTG;remainingwashedvaluescurveonlynotestimated. Oneprimaryreviewer;noindependentreviewclaim.",polyester,PET polyester fabric; Deshun Weaving Jiangsu Hengli; 200g/m2; weave unknown,PET polyester fabric; Deshun Weaving Jiangsu Hengli; 200g/m2; weave unknown,PET polyester fabric; Deshun Weaving Jiangsu Hengli; 200g/m2; weave unknown,Soaked for 20 min,tabulated,Table1TGandTable2sameownfabriclabel;SIscopepending,official_SI_unretrieved_scope_pending,journal_article,NativeDOI/title/issueandauthorschecked;JAPS135(2018)46414orFibersPolymers20(2019)2594-2603,21.5,,held_outside_verified_target,,Soaked for 20 min,,130x65x4;source-native,,,,0.2,"Nativeplusminus,typeunreported",,,,,,,,533.4,"Seconddegradationstep,notexplicitDTGmaximum",,,,Publishedjournaloriginal,Published46414p1DOI/SInotice;p2materials/recipes;p3TG/LOI/washmethods;p4Tables1/2;p5-10results/captions/references,p2addedmass/treatedpolyesterfabricbeforesoaking;nativewordingunresolved,8.6,,,,,-16.1,,,Durable flame‐retardant and antidroplet finishing of polyester fabrics with flexible polysiloxane and phytic acid through layer‐by‐layer assembly and sol–gel process,https://doi.org/10.1002/app.46414,"Complete10-pageprimary/nativepages;SImentionedunretrieved,officialpageHTTP403;scopeunknown","SSP:MTES/water1:10mol;waterpH2.5usingPA,0.6molMTES6.0molwater,15C25min;addPDMS-OH0.15mol/IPA1.0mol,95C45min,solid16.9wt%;diluteSSPto5wt%withwater/IPA1:1v/v. Fabric20x40cmSSP0.5min,waterrinse/squeeze/airdry5min;10wt%PASvariabletime,water/IPA1:1rinse/squeeze/airdry5min;SSP0.5min/waterrinse/squeeze/20C5min;final80C30min. PASsoak20min",InitialSSP/PAS/SSPcoatedPET,Initialpreparedstate;preparativerinsesforcoating;no durabilitylaundering,2018
10.1002/app.46414,"JF-3,NanjingJionglei",Published46414p8WaterWashableStabilityprose;Fig6curveonlyotherwashedvalues,31.0,GB/T2403-1993;source-native,,,,NoownwashedTGTable1,,,,,,,Soaked for 20 minownDeshunPET,Published46414p3TGair50-800C15Cmin;JF-3GB/T2403-1993,literature,Nativefactsnotverified,2026-10-01,"Codexcompleteoriginalandnativepages,oneprimaryreviewer",,Journal of Applied Polymer Science,"Complete10-pageprimarytext/nativepages1-10reviewed;SImentionedp1,localinventoryonePDFonly;officialWileypageHTTP403,SIunretrievedandscopeunknown,rowsheld. Table1TGandTable2sameinitialfabriclabels. NativeTonsetgenericonsetnotT5/T10. NativeTsecondseconddegradationstepnotestablishedDTGmaximum;rawonly. DTGmaxsignednegativepercent/minnottemperature. GenericResidueassessmenttemperatureunreported;runend800CnotR800. LOIuncertaintiesnativeplusminuswithtypeunspecified;notinventSD/SE. NativeLOIstandardGB/T2403-1993and130x65x4mmsizekeptliteral;notcorrectedstandard/thickness. FivespecimenaverageadjacentVFTmethodnotassignedLOI/TG;conetriplicatesseparate. PyGCMS300mgnative/helium1000CminnotregularTGmass/gas/ramp. Source0minstillSSPcontainsPApH2.5;0minmeansPASsoaktime,noinventPAfreechemistry. Preparativerinsesnotdurabilitywashing. P9massincreases7.9/8.3/8.5/8.5/8.6wt%andp2denominatorwordingliteral;nofabricaddonbasisinvented. SourceFig4SEM3minnotTable1/Table2extraformulation. 20minwash45LOI31.0exactprosebutnoownwashedTG;remainingwashedvaluescurveonlynotestimated. Oneprimaryreviewer;noindependentreviewclaim.",polyester,PET polyester fabric; Deshun Weaving Jiangsu Hengli; 200g/m2; weave unknown,PET polyester fabric; Deshun Weaving Jiangsu Hengli; 200g/m2; weave unknown,PET polyester fabric; Deshun Weaving Jiangsu Hengli; 200g/m2; weave unknown,Soaked20minwashed45times,tabulated,Table1TGandTable2sameownfabriclabel;SIscopepending,LOI_only_washed_no_matching_TG,journal_article,NativeDOI/title/issueandauthorschecked;JAPS135(2018)46414orFibersPolymers20(2019)2594-2603,,,held_outside_verified_target,,Soaked for 20 min;45 washes,,130x65x4;source-native,,,,,"Nativeplusminus,typeunreported",,,,,,,,,"Seconddegradationstep,notexplicitDTGmaximum",,,,Publishedjournaloriginal,Published46414p1DOI/SInotice;p2materials/recipes;p3TG/LOI/washmethods;p4Tables1/2;p5-10results/captions/references,p2addedmass/treatedpolyesterfabricbeforesoaking;nativewordingunresolved,,,,,,,,,Durable flame‐retardant and antidroplet finishing of polyester fabrics with flexible polysiloxane and phytic acid through layer‐by‐layer assembly and sol–gel process,https://doi.org/10.1002/app.46414,"Complete10-pageprimary/nativepages;SImentionedunretrieved,officialpageHTTP403;scopeunknown","SSP:MTES/water1:10mol;waterpH2.5usingPA,0.6molMTES6.0molwater,15C25min;addPDMS-OH0.15mol/IPA1.0mol,95C45min,solid16.9wt%;diluteSSPto5wt%withwater/IPA1:1v/v. Fabric20x40cmSSP0.5min,waterrinse/squeeze/airdry5min;10wt%PASvariabletime,water/IPA1:1rinse/squeeze/airdry5min;SSP0.5min/waterrinse/squeeze/20C5min;final80C30min. PASsoak20min",SSP/PAS20min/SSPcoatedPETafter45durabilitywashes,"45durabilitywashes;AATCC61-2003No1A,0.37wt%detergent,45mineachcycle",2018
10.1007/s12221-019-9189-0,RheometricScientific,Publishedp2601Fig12printednumericlabels,19.5,ISO4589;reference30ISO4589-2:2017,,"TGA-50,Shimadzu",750,Publishedp2599TGAprose/Fig5;FEP1prose7.00R750conflictswithFig5label,25,,,,,N2,OwnMisrPETcontrol,Publishedp2596TG25-750C10CminN2/30mLmin;LOI5x15cm/4replicates,literature,Nativefactsnotverified,2026-10-01,"Codexcompleteoriginalandnativepages,oneprimaryreviewer",10,Fibers and Polymers,"Complete10-pageprimary/nativepages1-10reviewed. Fig12nativeprintedLOIlabels19.5/25.1/26.2/25.5/25.3,notcurveestimated. P2599TGAproseexplicitFEP3/4/5residues28.10/19.50/18.00at750C;FEP2generic26.85assessmenttemperatureunspecified,notassigned750solelyfromrunend. Fig5FEP0/FEP1legend/prosemappingconflicts:grayFEP0curvevsprosepowder21.30andredFEP1curvevsprosecontrol7.00;holdcontrolandpowderfacts,neverrelabeloriginalfigure. OwnFEP2-5mappingTG/LOIdistinct,notaffectedbycontrolswap. Table4/415-425CdiscussionDSCnotDTGTmax. SourceTGstagerange4412-488Crawmalformed,notcorrectedexactpeak. FEP0powdermoisture6.88to120CnottextileTGdecompositionpeak. Detailedp2595solroute10mLPTMS5mLacetic/15minthenethanolwater60minthen10minPRNDaddition30minstir;genericp2594stir4hretainedasseparatescopes,notinventedcombinedtimeline. EtOH/wateramount/ratioandPRNDfractionaddedunreported;2/4/7gper20mLextractnotfabricaddonpercent;filteredPRNDyieldunknown. Figure4captionrepeatsFEP3for4/7g;nativepanellabelsFEP4/5,Fig10/11andorderedprosecrosswalkpreserved. Approx100percentwetuptakeandca6mgTGmassrawnotexact. Initial90Cprewashnot5/10/15/20antibacterialdurabilitywashes;no washedTGLOIpairs. LOI5x15cm/4replicates/20-25C40-45RHexplicit;mechanical4/antibacterial24hnotLOIconditioning. N2TG25-750C10Cmin30mLminnotDSC25-650orFig6DSC28-750. NoSIlisted,cachedonePDF;externalSIinventoryunchecked. Oneprimaryreviewer;cross-sourcepriorcomparisonpending.",polyester,PET polyester fabric; Misr Spinning and Weaving; plain1/1; 140g/m2,PET polyester fabric; Misr Spinning and Weaving; plain1/1; 140g/m2,PET polyester fabric; Misr Spinning and Weaving; plain1/1; 140g/m2,FEP1,explicit_text,OwnsameFEP2-5initialfabriclabelsTGprose/Fig5andFig12LOI;FEP1heldlegendconflict,TG_control_powder_legend_prose_conflict,journal_article,NativeDOI/title/issueandauthorschecked;JAPS135(2018)46414orFibersPolymers20(2019)2594-2603,7.0,750,held_outside_verified_target,,FEP1,5x15,,4,40-45,20-25,,,,,ca6mg;approximate,30,415,,,,,,,,Publishedjournaloriginal,Publishedp2594DOI/materials;p2595prep;p2596TG/LOIprotocol;p2597mapping;p2598-2599TGprose/Fig5/Table4DSC;p2601Fig12;p2602-2603conclusion/references,,,,,,SourceproseTGandexplicitprintedFig12LOIlabels;notcurveestimation,,,,"Flame Retardancy, Mechanical Properties and Antibacterial Activity for Polyester Fabric Coated with a Sol-gel Coating and Pomegranate Rind",https://doi.org/10.1007/s12221-019-9189-0,"Complete10-pageprimary/nativepages1-10;noSIlisted,cachedonePDF;externalSIinventoryunchecked",OwnMisrPET90Cdistilledwaterprewash/ambienthorizontal45mindry;noUV/coatingassigned,InitialprewasheduncoatedPETcontrol,Initialpreparedstateafter90Cpreparativewash;no durabilitylaundering,2019
10.1007/s12221-019-9189-0,RheometricScientific,Publishedp2601Fig12printednumericlabels,25.1,ISO4589;reference30ISO4589-2:2017,,"TGA-50,Shimadzu",750,Publishedp2599TGAprose/Fig5;FEP1prose7.00R750conflictswithFig5label,25,,,,,N2,FEP2ownPET/sol,Publishedp2596TG25-750C10CminN2/30mLmin;LOI5x15cm/4replicates,literature,TG+LOI,2026-10-01,"Codexcompleteoriginalandnativepages,oneprimaryreviewer",10,Fibers and Polymers,"Complete10-pageprimary/nativepages1-10reviewed. Fig12nativeprintedLOIlabels19.5/25.1/26.2/25.5/25.3,notcurveestimated. P2599TGAproseexplicitFEP3/4/5residues28.10/19.50/18.00at750C;FEP2generic26.85assessmenttemperatureunspecified,notassigned750solelyfromrunend. Fig5FEP0/FEP1legend/prosemappingconflicts:grayFEP0curvevsprosepowder21.30andredFEP1curvevsprosecontrol7.00;holdcontrolandpowderfacts,neverrelabeloriginalfigure. OwnFEP2-5mappingTG/LOIdistinct,notaffectedbycontrolswap. Table4/415-425CdiscussionDSCnotDTGTmax. SourceTGstagerange4412-488Crawmalformed,notcorrectedexactpeak. FEP0powdermoisture6.88to120CnottextileTGdecompositionpeak. Detailedp2595solroute10mLPTMS5mLacetic/15minthenethanolwater60minthen10minPRNDaddition30minstir;genericp2594stir4hretainedasseparatescopes,notinventedcombinedtimeline. EtOH/wateramount/ratioandPRNDfractionaddedunreported;2/4/7gper20mLextractnotfabricaddonpercent;filteredPRNDyieldunknown. Figure4captionrepeatsFEP3for4/7g;nativepanellabelsFEP4/5,Fig10/11andorderedprosecrosswalkpreserved. Approx100percentwetuptakeandca6mgTGmassrawnotexact. Initial90Cprewashnot5/10/15/20antibacterialdurabilitywashes;no washedTGLOIpairs. LOI5x15cm/4replicates/20-25C40-45RHexplicit;mechanical4/antibacterial24hnotLOIconditioning. N2TG25-750C10Cmin30mLminnotDSC25-650orFig6DSC28-750. NoSIlisted,cachedonePDF;externalSIinventoryunchecked. Oneprimaryreviewer;Knownqueue/aliasesandallpriornumericLOI/residue/gas/rampcomparisonchecked;noexactmatch;notproofstatisticalindependence.",polyester,PET polyester fabric; Misr Spinning and Weaving; plain1/1; 140g/m2,PET polyester fabric; Misr Spinning and Weaving; plain1/1; 140g/m2,PET polyester fabric; Misr Spinning and Weaving; plain1/1; 140g/m2,FEP2,explicit_text,OwnsameFEP2-5initialfabriclabelsTGprose/Fig5andFig12LOI;FEP1heldlegendconflict,verified_exact,journal_article,NativeDOI/title/issueandauthorschecked;JAPS135(2018)46414orFibersPolymers20(2019)2594-2603,26.85,,source_review_approved,f1a2f3c2d18914b8af3c54b740eb7eb6c40a8f5cf7270d3d6f3219673102602c,FEP2,5x15,,4,40-45,20-25,,,0,,ca6mg;approximate,30,,,,,,,,,Publishedjournaloriginal,Publishedp2594DOI/materials;p2595prep;p2596TG/LOIprotocol;p2597mapping;p2598-2599TGprose/Fig5/Table4DSC;p2601Fig12;p2602-2603conclusion/references,,,,,,SourceproseTGandexplicitprintedFig12LOIlabels;notcurveestimation,,,,"Flame Retardancy, Mechanical Properties and Antibacterial Activity for Polyester Fabric Coated with a Sol-gel Coating and Pomegranate Rind",https://doi.org/10.1007/s12221-019-9189-0,"Complete10-pageprimary/nativepages1-10;noSIlisted,cachedonePDF;externalSIinventoryunchecked","OwnMisr100percentPETplain1/1,140gsm;distilledwaterprewash90C,ambienthorizontal45mindry. Detailedsolrecipe10mLPTMS5mLaceticacid,ambientstir15min;ethanol/watermixtureunknownamount/ratio,stir60min;PRNDdrip10min,stir30min. FabricUV/Ozone30minbeforecoating,dip10min,padca100percentwetuptake,dry85C20min,cure110C10min. Genericmaterials4hstirscopeuncertain;notchosenorconcatenated. Solonly,noPRND",InitialUV/OzoneactivatedsolcoatedPET,Initialpreparedstateafter90Cpreparativewash;no durabilitylaundering,2019
10.1007/s12221-019-9189-0,RheometricScientific,Publishedp2601Fig12printednumericlabels,26.2,ISO4589;reference30ISO4589-2:2017,,"TGA-50,Shimadzu",750,Publishedp2599TGAprose/Fig5;FEP1prose7.00R750conflictswithFig5label,25,,,,,N2,FEP3ownPET/sol,Publishedp2596TG25-750C10CminN2/30mLmin;LOI5x15cm/4replicates,literature,TG+LOI,2026-10-01,"Codexcompleteoriginalandnativepages,oneprimaryreviewer",10,Fibers and Polymers,"Complete10-pageprimary/nativepages1-10reviewed. Fig12nativeprintedLOIlabels19.5/25.1/26.2/25.5/25.3,notcurveestimated. P2599TGAproseexplicitFEP3/4/5residues28.10/19.50/18.00at750C;FEP2generic26.85assessmenttemperatureunspecified,notassigned750solelyfromrunend. Fig5FEP0/FEP1legend/prosemappingconflicts:grayFEP0curvevsprosepowder21.30andredFEP1curvevsprosecontrol7.00;holdcontrolandpowderfacts,neverrelabeloriginalfigure. OwnFEP2-5mappingTG/LOIdistinct,notaffectedbycontrolswap. Table4/415-425CdiscussionDSCnotDTGTmax. SourceTGstagerange4412-488Crawmalformed,notcorrectedexactpeak. FEP0powdermoisture6.88to120CnottextileTGdecompositionpeak. Detailedp2595solroute10mLPTMS5mLacetic/15minthenethanolwater60minthen10minPRNDaddition30minstir;genericp2594stir4hretainedasseparatescopes,notinventedcombinedtimeline. EtOH/wateramount/ratioandPRNDfractionaddedunreported;2/4/7gper20mLextractnotfabricaddonpercent;filteredPRNDyieldunknown. Figure4captionrepeatsFEP3for4/7g;nativepanellabelsFEP4/5,Fig10/11andorderedprosecrosswalkpreserved. Approx100percentwetuptakeandca6mgTGmassrawnotexact. Initial90Cprewashnot5/10/15/20antibacterialdurabilitywashes;no washedTGLOIpairs. LOI5x15cm/4replicates/20-25C40-45RHexplicit;mechanical4/antibacterial24hnotLOIconditioning. N2TG25-750C10Cmin30mLminnotDSC25-650orFig6DSC28-750. NoSIlisted,cachedonePDF;externalSIinventoryunchecked. Oneprimaryreviewer;Knownqueue/aliasesandallpriornumericLOI/residue/gas/rampcomparisonchecked;noexactmatch;notproofstatisticalindependence.",polyester,PET polyester fabric; Misr Spinning and Weaving; plain1/1; 140g/m2,PET polyester fabric; Misr Spinning and Weaving; plain1/1; 140g/m2,PET polyester fabric; Misr Spinning and Weaving; plain1/1; 140g/m2,FEP3,explicit_text,OwnsameFEP2-5initialfabriclabelsTGprose/Fig5andFig12LOI;FEP1heldlegendconflict,verified_exact,journal_article,NativeDOI/title/issueandauthorschecked;JAPS135(2018)46414orFibersPolymers20(2019)2594-2603,28.1,750,source_review_approved,617621cd83068584be81a2e25217041eb73aa80e1c56deac57100963e98e5334,FEP3,5x15,,4,40-45,20-25,,,2,,ca6mg;approximate,30,,315-412;4412-488;488-750;native4412notcorrected,,,,,,,Publishedjournaloriginal,Publishedp2594DOI/materials;p2595prep;p2596TG/LOIprotocol;p2597mapping;p2598-2599TGprose/Fig5/Table4DSC;p2601Fig12;p2602-2603conclusion/references,,,,,,SourceproseTGandexplicitprintedFig12LOIlabels;notcurveestimation,,,,"Flame Retardancy, Mechanical Properties and Antibacterial Activity for Polyester Fabric Coated with a Sol-gel Coating and Pomegranate Rind",https://doi.org/10.1007/s12221-019-9189-0,"Complete10-pageprimary/nativepages1-10;noSIlisted,cachedonePDF;externalSIinventoryunchecked","OwnMisr100percentPETplain1/1,140gsm;distilledwaterprewash90C,ambienthorizontal45mindry. Detailedsolrecipe10mLPTMS5mLaceticacid,ambientstir15min;ethanol/watermixtureunknownamount/ratio,stir60min;PRNDdrip10min,stir30min. FabricUV/Ozone30minbeforecoating,dip10min,padca100percentwetuptake,dry85C20min,cure110C10min. Genericmaterials4hstirscopeuncertain;notchosenorconcatenated. PRNDfrom2gPRP/20mLwater,80C3hstir/filter;addedfractionunknown",InitialUV/OzoneactivatedsolcoatedPET,Initialpreparedstateafter90Cpreparativewash;no durabilitylaundering,2019
10.1007/s12221-019-9189-0,RheometricScientific,Publishedp2601Fig12printednumericlabels,25.5,ISO4589;reference30ISO4589-2:2017,,"TGA-50,Shimadzu",750,Publishedp2599TGAprose/Fig5;FEP1prose7.00R750conflictswithFig5label,25,,,,,N2,FEP4ownPET/sol,Publishedp2596TG25-750C10CminN2/30mLmin;LOI5x15cm/4replicates,literature,TG+LOI,2026-10-01,"Codexcompleteoriginalandnativepages,oneprimaryreviewer",10,Fibers and Polymers,"Complete10-pageprimary/nativepages1-10reviewed. Fig12nativeprintedLOIlabels19.5/25.1/26.2/25.5/25.3,notcurveestimated. P2599TGAproseexplicitFEP3/4/5residues28.10/19.50/18.00at750C;FEP2generic26.85assessmenttemperatureunspecified,notassigned750solelyfromrunend. Fig5FEP0/FEP1legend/prosemappingconflicts:grayFEP0curvevsprosepowder21.30andredFEP1curvevsprosecontrol7.00;holdcontrolandpowderfacts,neverrelabeloriginalfigure. OwnFEP2-5mappingTG/LOIdistinct,notaffectedbycontrolswap. Table4/415-425CdiscussionDSCnotDTGTmax. SourceTGstagerange4412-488Crawmalformed,notcorrectedexactpeak. FEP0powdermoisture6.88to120CnottextileTGdecompositionpeak. Detailedp2595solroute10mLPTMS5mLacetic/15minthenethanolwater60minthen10minPRNDaddition30minstir;genericp2594stir4hretainedasseparatescopes,notinventedcombinedtimeline. EtOH/wateramount/ratioandPRNDfractionaddedunreported;2/4/7gper20mLextractnotfabricaddonpercent;filteredPRNDyieldunknown. Figure4captionrepeatsFEP3for4/7g;nativepanellabelsFEP4/5,Fig10/11andorderedprosecrosswalkpreserved. Approx100percentwetuptakeandca6mgTGmassrawnotexact. Initial90Cprewashnot5/10/15/20antibacterialdurabilitywashes;no washedTGLOIpairs. LOI5x15cm/4replicates/20-25C40-45RHexplicit;mechanical4/antibacterial24hnotLOIconditioning. N2TG25-750C10Cmin30mLminnotDSC25-650orFig6DSC28-750. NoSIlisted,cachedonePDF;externalSIinventoryunchecked. Oneprimaryreviewer;Knownqueue/aliasesandallpriornumericLOI/residue/gas/rampcomparisonchecked;noexactmatch;notproofstatisticalindependence.",polyester,PET polyester fabric; Misr Spinning and Weaving; plain1/1; 140g/m2,PET polyester fabric; Misr Spinning and Weaving; plain1/1; 140g/m2,PET polyester fabric; Misr Spinning and Weaving; plain1/1; 140g/m2,FEP4,explicit_text,OwnsameFEP2-5initialfabriclabelsTGprose/Fig5andFig12LOI;FEP1heldlegendconflict,verified_exact,journal_article,NativeDOI/title/issueandauthorschecked;JAPS135(2018)46414orFibersPolymers20(2019)2594-2603,19.5,750,source_review_approved,093bd0b9f906d1120b6d8977f40a85194716d0bc57d85879cbe758566c9cdc8a,FEP4,5x15,,4,40-45,20-25,,,4,,ca6mg;approximate,30,,315-412;4412-488;488-750;native4412notcorrected,,,,,,,Publishedjournaloriginal,Publishedp2594DOI/materials;p2595prep;p2596TG/LOIprotocol;p2597mapping;p2598-2599TGprose/Fig5/Table4DSC;p2601Fig12;p2602-2603conclusion/references,,,,,,SourceproseTGandexplicitprintedFig12LOIlabels;notcurveestimation,,,,"Flame Retardancy, Mechanical Properties and Antibacterial Activity for Polyester Fabric Coated with a Sol-gel Coating and Pomegranate Rind",https://doi.org/10.1007/s12221-019-9189-0,"Complete10-pageprimary/nativepages1-10;noSIlisted,cachedonePDF;externalSIinventoryunchecked","OwnMisr100percentPETplain1/1,140gsm;distilledwaterprewash90C,ambienthorizontal45mindry. Detailedsolrecipe10mLPTMS5mLaceticacid,ambientstir15min;ethanol/watermixtureunknownamount/ratio,stir60min;PRNDdrip10min,stir30min. FabricUV/Ozone30minbeforecoating,dip10min,padca100percentwetuptake,dry85C20min,cure110C10min. Genericmaterials4hstirscopeuncertain;notchosenorconcatenated. PRNDfrom4gPRP/20mLwater,80C3hstir/filter;addedfractionunknown",InitialUV/OzoneactivatedsolcoatedPET,Initialpreparedstateafter90Cpreparativewash;no durabilitylaundering,2019
10.1007/s12221-019-9189-0,RheometricScientific,Publishedp2601Fig12printednumericlabels,25.3,ISO4589;reference30ISO4589-2:2017,,"TGA-50,Shimadzu",750,Publishedp2599TGAprose/Fig5;FEP1prose7.00R750conflictswithFig5label,25,,,,,N2,FEP5ownPET/sol,Publishedp2596TG25-750C10CminN2/30mLmin;LOI5x15cm/4replicates,literature,TG+LOI,2026-10-01,"Codexcompleteoriginalandnativepages,oneprimaryreviewer",10,Fibers and Polymers,"Complete10-pageprimary/nativepages1-10reviewed. Fig12nativeprintedLOIlabels19.5/25.1/26.2/25.5/25.3,notcurveestimated. P2599TGAproseexplicitFEP3/4/5residues28.10/19.50/18.00at750C;FEP2generic26.85assessmenttemperatureunspecified,notassigned750solelyfromrunend. Fig5FEP0/FEP1legend/prosemappingconflicts:grayFEP0curvevsprosepowder21.30andredFEP1curvevsprosecontrol7.00;holdcontrolandpowderfacts,neverrelabeloriginalfigure. OwnFEP2-5mappingTG/LOIdistinct,notaffectedbycontrolswap. Table4/415-425CdiscussionDSCnotDTGTmax. SourceTGstagerange4412-488Crawmalformed,notcorrectedexactpeak. FEP0powdermoisture6.88to120CnottextileTGdecompositionpeak. Detailedp2595solroute10mLPTMS5mLacetic/15minthenethanolwater60minthen10minPRNDaddition30minstir;genericp2594stir4hretainedasseparatescopes,notinventedcombinedtimeline. EtOH/wateramount/ratioandPRNDfractionaddedunreported;2/4/7gper20mLextractnotfabricaddonpercent;filteredPRNDyieldunknown. Figure4captionrepeatsFEP3for4/7g;nativepanellabelsFEP4/5,Fig10/11andorderedprosecrosswalkpreserved. Approx100percentwetuptakeandca6mgTGmassrawnotexact. Initial90Cprewashnot5/10/15/20antibacterialdurabilitywashes;no washedTGLOIpairs. LOI5x15cm/4replicates/20-25C40-45RHexplicit;mechanical4/antibacterial24hnotLOIconditioning. N2TG25-750C10Cmin30mLminnotDSC25-650orFig6DSC28-750. NoSIlisted,cachedonePDF;externalSIinventoryunchecked. Oneprimaryreviewer;Knownqueue/aliasesandallpriornumericLOI/residue/gas/rampcomparisonchecked;noexactmatch;notproofstatisticalindependence.",polyester,PET polyester fabric; Misr Spinning and Weaving; plain1/1; 140g/m2,PET polyester fabric; Misr Spinning and Weaving; plain1/1; 140g/m2,PET polyester fabric; Misr Spinning and Weaving; plain1/1; 140g/m2,FEP5,explicit_text,OwnsameFEP2-5initialfabriclabelsTGprose/Fig5andFig12LOI;FEP1heldlegendconflict,verified_exact,journal_article,NativeDOI/title/issueandauthorschecked;JAPS135(2018)46414orFibersPolymers20(2019)2594-2603,18.0,750,source_review_approved,20e7a984236e42a2c1aa725d2ee500379fadeb52162e43075ea0a1817fe05d39,FEP5,5x15,,4,40-45,20-25,,,7,,ca6mg;approximate,30,,315-412;4412-488;488-750;native4412notcorrected,,,,,,,Publishedjournaloriginal,Publishedp2594DOI/materials;p2595prep;p2596TG/LOIprotocol;p2597mapping;p2598-2599TGprose/Fig5/Table4DSC;p2601Fig12;p2602-2603conclusion/references,,,,,,SourceproseTGandexplicitprintedFig12LOIlabels;notcurveestimation,,,,"Flame Retardancy, Mechanical Properties and Antibacterial Activity for Polyester Fabric Coated with a Sol-gel Coating and Pomegranate Rind",https://doi.org/10.1007/s12221-019-9189-0,"Complete10-pageprimary/nativepages1-10;noSIlisted,cachedonePDF;externalSIinventoryunchecked","OwnMisr100percentPETplain1/1,140gsm;distilledwaterprewash90C,ambienthorizontal45mindry. Detailedsolrecipe10mLPTMS5mLaceticacid,ambientstir15min;ethanol/watermixtureunknownamount/ratio,stir60min;PRNDdrip10min,stir30min. FabricUV/Ozone30minbeforecoating,dip10min,padca100percentwetuptake,dry85C20min,cure110C10min. Genericmaterials4hstirscopeuncertain;notchosenorconcatenated. PRNDfrom7gPRP/20mLwater,80C3hstir/filter;addedfractionunknown",InitialUV/OzoneactivatedsolcoatedPET,Initialpreparedstateafter90Cpreparativewash;no durabilitylaundering,2019
10.1007/s12221-019-9189-0,,,,,,,750,Publishedp2598powderTGAprose;Fig5legendconflict,25,,,,,N2,Pomegranaterindpowder,,literature,Nativefactsnotverified,2026-10-01,"Codexcompleteoriginalandnativepages,oneprimaryreviewer",10,Fibers and Polymers,"Complete10-pageprimary/nativepages1-10reviewed. Fig12nativeprintedLOIlabels19.5/25.1/26.2/25.5/25.3,notcurveestimated. P2599TGAproseexplicitFEP3/4/5residues28.10/19.50/18.00at750C;FEP2generic26.85assessmenttemperatureunspecified,notassigned750solelyfromrunend. Fig5FEP0/FEP1legend/prosemappingconflicts:grayFEP0curvevsprosepowder21.30andredFEP1curvevsprosecontrol7.00;holdcontrolandpowderfacts,neverrelabeloriginalfigure. OwnFEP2-5mappingTG/LOIdistinct,notaffectedbycontrolswap. Table4/415-425CdiscussionDSCnotDTGTmax. SourceTGstagerange4412-488Crawmalformed,notcorrectedexactpeak. FEP0powdermoisture6.88to120CnottextileTGdecompositionpeak. Detailedp2595solroute10mLPTMS5mLacetic/15minthenethanolwater60minthen10minPRNDaddition30minstir;genericp2594stir4hretainedasseparatescopes,notinventedcombinedtimeline. EtOH/wateramount/ratioandPRNDfractionaddedunreported;2/4/7gper20mLextractnotfabricaddonpercent;filteredPRNDyieldunknown. Figure4captionrepeatsFEP3for4/7g;nativepanellabelsFEP4/5,Fig10/11andorderedprosecrosswalkpreserved. Approx100percentwetuptakeandca6mgTGmassrawnotexact. Initial90Cprewashnot5/10/15/20antibacterialdurabilitywashes;no washedTGLOIpairs. LOI5x15cm/4replicates/20-25C40-45RHexplicit;mechanical4/antibacterial24hnotLOIconditioning. N2TG25-750C10Cmin30mLminnotDSC25-650orFig6DSC28-750. NoSIlisted,cachedonePDF;externalSIinventoryunchecked. Oneprimaryreviewer;cross-sourcepriorcomparisonpending.",nontextile_component,Pomegranaterindpowder,,,FEP0,,,nontextile_powder_no_LOI_and_TG_legend_conflict,journal_article,NativeDOI/title/issueandauthorschecked;JAPS135(2018)46414orFibersPolymers20(2019)2594-2603,21.3,750,held_outside_verified_target,,FEP0powder,,,,,,,,,,,30,,,,,,,,,Publishedjournaloriginal,Publishedp2598-2599TGprose/Fig5,,,120,6.88,,,,,,"Flame Retardancy, Mechanical Properties and Antibacterial Activity for Polyester Fabric Coated with a Sol-gel Coating and Pomegranate Rind",https://doi.org/10.1007/s12221-019-9189-0,,,,,2019
