batch_id,material_category,material_form,composition,sample_state,treatment_state,treatment_chemistry,treatment_method,atmosphere,gas_flow_mL_min,heating_rate_C_min,T5_C,T10_C,T50_C,Tonset_C,Tmax1_C,Tmax2_C,residue_at_Tmax_pct,R500_pct,R600_pct,R800_pct,LOI_pct,LOI_state,direct_numeric_use,evidence,source_title,year,journal,DOI,source_url,source_location,limitations
B20260921-018,polyester,woven fabric,PET,REF,untreated,,,N2,,10,,404,432,,,,,10.61,9.19,,21,0 washing cycles,yes,"Open full text numerical TGA Table 4 + LOI Table 5; TGA method explicitly N2, 30–800 °C, 10 °C/min",Effect of Zinc Borate on Flammability of PET Woven Fabrics,2019,Advances in Polymer Technology,10.1155/2019/7150736,https://onlinelibrary.wiley.com/doi/10.1155/2019/7150736,"Methods §2.3; Tables 1, 4, 5",LOI paired only at 0 washing cycles because TGA is for the as-tested sample state.
B20260921-019,polyester,woven fabric,PET,Z50,FR treated,zinc borate dispersion 50 g/L,pad-dry-cure; pickup 92.35%; pH 5.5; dry 120 °C 2 min; cure 160 °C 3 min,N2,,10,,396,424,,,,,17.34,15.68,,21.9,0 washing cycles,yes,"Open full text numerical TGA Table 4 + LOI Table 5; TGA method explicitly N2, 30–800 °C, 10 °C/min",Effect of Zinc Borate on Flammability of PET Woven Fabrics,2019,Advances in Polymer Technology,10.1155/2019/7150736,https://onlinelibrary.wiley.com/doi/10.1155/2019/7150736,"Methods §2.3; Tables 1, 4, 5",LOI paired only at 0 washing cycles because TGA is for the as-tested sample state.
B20260921-020,polyester,woven fabric,PET,Z100,FR treated,zinc borate dispersion 100 g/L,pad-dry-cure; pickup 91.25%; pH 5.5; dry 120 °C 2 min; cure 160 °C 3 min,N2,,10,,398,427,,,,,18.74,17.09,,22.9,0 washing cycles,yes,"Open full text numerical TGA Table 4 + LOI Table 5; TGA method explicitly N2, 30–800 °C, 10 °C/min",Effect of Zinc Borate on Flammability of PET Woven Fabrics,2019,Advances in Polymer Technology,10.1155/2019/7150736,https://onlinelibrary.wiley.com/doi/10.1155/2019/7150736,"Methods §2.3; Tables 1, 4, 5",LOI paired only at 0 washing cycles because TGA is for the as-tested sample state.
B20260921-021,polyester,woven fabric,PET,Z200,FR treated,zinc borate dispersion 200 g/L,pad-dry-cure; pickup 90.75%; pH 5.5; dry 120 °C 2 min; cure 160 °C 3 min,N2,,10,,400,429,,,,,19.74,17.95,,23.1,0 washing cycles,yes,"Open full text numerical TGA Table 4 + LOI Table 5; TGA method explicitly N2, 30–800 °C, 10 °C/min",Effect of Zinc Borate on Flammability of PET Woven Fabrics,2019,Advances in Polymer Technology,10.1155/2019/7150736,https://onlinelibrary.wiley.com/doi/10.1155/2019/7150736,"Methods §2.3; Tables 1, 4, 5",LOI paired only at 0 washing cycles because TGA is for the as-tested sample state.
B20260921-022,polyester,woven fabric,PET,PSY,FR treated,alkyl phosphonate commercial FR (PSY) 80 g/L,pad-dry-cure; pickup 87.74%; pH 5.0; dry 120 °C 1.5 min; cure 190 °C 1.5 min,N2,,10,,391,430,,,,,16.45,14.86,,31.3,0 washing cycles,yes,"Open full text numerical TGA Table 4 + LOI Table 5; TGA method explicitly N2, 30–800 °C, 10 °C/min",Effect of Zinc Borate on Flammability of PET Woven Fabrics,2019,Advances in Polymer Technology,10.1155/2019/7150736,https://onlinelibrary.wiley.com/doi/10.1155/2019/7150736,"Methods §2.3; Tables 1, 4, 5",LOI paired only at 0 washing cycles because TGA is for the as-tested sample state.
B20260921-023,polyester,woven fabric,PET,PSY-Z20,FR treated,PSY 60 g/L + zinc borate dispersion 20 g/L,pad-dry-cure; pickup 97.20%; pH 5.0; dry 120 °C 1.5 min; cure 190 °C 1.5 min,N2,,10,,394,428,,,,,14.02,12.17,,24.4,0 washing cycles,yes,"Open full text numerical TGA Table 4 + LOI Table 5; TGA method explicitly N2, 30–800 °C, 10 °C/min",Effect of Zinc Borate on Flammability of PET Woven Fabrics,2019,Advances in Polymer Technology,10.1155/2019/7150736,https://onlinelibrary.wiley.com/doi/10.1155/2019/7150736,"Methods §2.3; Tables 1, 4, 5",LOI paired only at 0 washing cycles because TGA is for the as-tested sample state.
B20260921-024,polyester,woven fabric,PET,PEK,FR treated,organophosphorus commercial FR (PEK) 100 g/L,pad-dry-cure; pickup 90.87%; pH 6.0; dry 120 °C 1.5 min; cure 190 °C 1.5 min,N2,,10,,397,431,,,,,14.28,12.67,,33.8,0 washing cycles,yes,"Open full text numerical TGA Table 4 + LOI Table 5; TGA method explicitly N2, 30–800 °C, 10 °C/min",Effect of Zinc Borate on Flammability of PET Woven Fabrics,2019,Advances in Polymer Technology,10.1155/2019/7150736,https://onlinelibrary.wiley.com/doi/10.1155/2019/7150736,"Methods §2.3; Tables 1, 4, 5",LOI paired only at 0 washing cycles because TGA is for the as-tested sample state.
B20260921-025,polyester,woven fabric,PET,PEK-Z25,FR treated,PEK 75 g/L + zinc borate dispersion 25 g/L,pad-dry-cure; pickup 90.60%; pH 6.0; dry 120 °C 1.5 min; cure 190 °C 1.5 min,N2,,10,,398,430,,,,,13.64,11.94,,33.5,0 washing cycles,yes,"Open full text numerical TGA Table 4 + LOI Table 5; TGA method explicitly N2, 30–800 °C, 10 °C/min",Effect of Zinc Borate on Flammability of PET Woven Fabrics,2019,Advances in Polymer Technology,10.1155/2019/7150736,https://onlinelibrary.wiley.com/doi/10.1155/2019/7150736,"Methods §2.3; Tables 1, 4, 5",LOI paired only at 0 washing cycles because TGA is for the as-tested sample state.
B20260921-026,polyester,woven fabric,PET,PEK-Z50,FR treated,PEK 50 g/L + zinc borate dispersion 50 g/L,pad-dry-cure; pickup 89.30%; pH 6.0; dry 120 °C 1.5 min; cure 190 °C 1.5 min,N2,,10,,401,432,,,,,12.23,10.29,,31,0 washing cycles,yes,"Open full text numerical TGA Table 4 + LOI Table 5; TGA method explicitly N2, 30–800 °C, 10 °C/min",Effect of Zinc Borate on Flammability of PET Woven Fabrics,2019,Advances in Polymer Technology,10.1155/2019/7150736,https://onlinelibrary.wiley.com/doi/10.1155/2019/7150736,"Methods §2.3; Tables 1, 4, 5",LOI paired only at 0 washing cycles because TGA is for the as-tested sample state.
B20260921-027,cotton,single jersey knitted fabric,100% cotton,UCtn,untreated,,,N2,,5,328,,,,378.5,444.6,34.7,,10.8,,17.4,0 washing cycles,yes,"Open-access article; TGA method explicit (N2, 5 °C/min) and numerical TGA Table 3 paired with 0-wash LOI Table 4",Evaluation of flame retardant knitted fabrics treated with nitrogen containing natural substances using Taguchi method,2026,Discover Applied Sciences,10.1007/s42452-025-08163-y,https://link.springer.com/article/10.1007/s42452-025-08163-y,Methods §3.3; Tables 3 and 4,
B20260921-028,cotton,single jersey knitted fabric,100% cotton,BSCtn,FR treated,bean seed natural FR + 10% rubber gum,padding mangle; 40% pickup; dry 90 °C 2 min; cure 150 °C 30 s,N2,,5,250,,,,366.4,439.3,38.6,,10.9,,24.1,0 washing cycles,yes,"Open-access article; TGA method explicit (N2, 5 °C/min) and numerical TGA Table 3 paired with 0-wash LOI Table 4",Evaluation of flame retardant knitted fabrics treated with nitrogen containing natural substances using Taguchi method,2026,Discover Applied Sciences,10.1007/s42452-025-08163-y,https://link.springer.com/article/10.1007/s42452-025-08163-y,Methods §3.3; Tables 3 and 4,
B20260921-029,cotton,single jersey knitted fabric,100% cotton,TSCtn (TLCtn elsewhere),FR treated,tea leaf natural FR + 10% rubber gum,padding mangle; 40% pickup; dry 90 °C 2 min; cure 150 °C 30 s,N2,,5,300.4,,,,374.2,443.7,35.8,,14,,23.8,0 washing cycles,yes,"Open-access article; TGA method explicit (N2, 5 °C/min) and numerical TGA Table 3 paired with 0-wash LOI Table 4",Evaluation of flame retardant knitted fabrics treated with nitrogen containing natural substances using Taguchi method,2026,Discover Applied Sciences,10.1007/s42452-025-08163-y,https://link.springer.com/article/10.1007/s42452-025-08163-y,Methods §3.3; Tables 3 and 4,Table 3 uses TSCtn whereas sample-definition/LOI table uses TLCtn; treated as the same tea-leaf cotton state.
B20260921-030,viscose,single jersey knitted fabric,100% viscose,UVis,untreated,,,N2,,5,80.4,,,,,360.5,29.8,,2,,16.1,0 washing cycles,yes,"Open-access article; TGA method explicit (N2, 5 °C/min) and numerical TGA Table 3 paired with 0-wash LOI Table 4",Evaluation of flame retardant knitted fabrics treated with nitrogen containing natural substances using Taguchi method,2026,Discover Applied Sciences,10.1007/s42452-025-08163-y,https://link.springer.com/article/10.1007/s42452-025-08163-y,Methods §3.3; Tables 3 and 4,
B20260921-031,viscose,single jersey knitted fabric,100% viscose,BSVis,FR treated,bean seed natural FR + 10% rubber gum,padding mangle; 40% pickup; dry 90 °C 2 min; cure 150 °C 30 s,N2,,5,104.1,,,,,343.9,41.8,,13.2,,23.1,0 washing cycles,yes,"Open-access article; TGA method explicit (N2, 5 °C/min) and numerical TGA Table 3 paired with 0-wash LOI Table 4",Evaluation of flame retardant knitted fabrics treated with nitrogen containing natural substances using Taguchi method,2026,Discover Applied Sciences,10.1007/s42452-025-08163-y,https://link.springer.com/article/10.1007/s42452-025-08163-y,Methods §3.3; Tables 3 and 4,
B20260921-032,viscose,single jersey knitted fabric,100% viscose,TLVis,FR treated,tea leaf natural FR + 10% rubber gum,padding mangle; 40% pickup; dry 90 °C 2 min; cure 150 °C 30 s,N2,,5,221.3,,,,370.4,442.2,33.1,,12.7,,24.5,0 washing cycles,yes,"Open-access article; TGA method explicit (N2, 5 °C/min) and numerical TGA Table 3 paired with 0-wash LOI Table 4",Evaluation of flame retardant knitted fabrics treated with nitrogen containing natural substances using Taguchi method,2026,Discover Applied Sciences,10.1007/s42452-025-08163-y,https://link.springer.com/article/10.1007/s42452-025-08163-y,Methods §3.3; Tables 3 and 4,
B20260921-033,para-aramid,single jersey knitted fabric,100% para-aramid,UPA,untreated,,,N2,,5,428.8,,,,,602.9,66.3,,69.7,,29.4,0 washing cycles,yes,"Open-access article; TGA method explicit (N2, 5 °C/min) and numerical TGA Table 3 paired with 0-wash LOI Table 4",Evaluation of flame retardant knitted fabrics treated with nitrogen containing natural substances using Taguchi method,2026,Discover Applied Sciences,10.1007/s42452-025-08163-y,https://link.springer.com/article/10.1007/s42452-025-08163-y,Methods §3.3; Tables 3 and 4,
B20260921-034,para-aramid,single jersey knitted fabric,100% para-aramid,BSPA,FR treated,bean seed natural FR + 10% rubber gum,padding mangle; 40% pickup; dry 90 °C 2 min; cure 150 °C 30 s,N2,,5,98.5,,,,,603.8,42.9,,46.1,,36.2,0 washing cycles,yes,"Open-access article; TGA method explicit (N2, 5 °C/min) and numerical TGA Table 3 paired with 0-wash LOI Table 4",Evaluation of flame retardant knitted fabrics treated with nitrogen containing natural substances using Taguchi method,2026,Discover Applied Sciences,10.1007/s42452-025-08163-y,https://link.springer.com/article/10.1007/s42452-025-08163-y,Methods §3.3; Tables 3 and 4,
B20260921-035,para-aramid,single jersey knitted fabric,100% para-aramid,TLPA,FR treated,tea leaf natural FR + 10% rubber gum,padding mangle; 40% pickup; dry 90 °C 2 min; cure 150 °C 30 s,N2,,5,218.5,,,,,611.1,52.5,,61.5,,37.2,0 washing cycles,yes,"Open-access article; TGA method explicit (N2, 5 °C/min) and numerical TGA Table 3 paired with 0-wash LOI Table 4",Evaluation of flame retardant knitted fabrics treated with nitrogen containing natural substances using Taguchi method,2026,Discover Applied Sciences,10.1007/s42452-025-08163-y,https://link.springer.com/article/10.1007/s42452-025-08163-y,Methods §3.3; Tables 3 and 4,
B20260921-036,meta-aramid,plain-woven fabric,meta-aramid fabric,AF,untreated,,,N2,50,10,387.3,,,,461.1,,,,,51.2,31.4,as prepared,yes,Open full text numerical TGA/DTG Table 2 + LOI Table 3; TGA condition reported in Methods,"Multifunctional Meta-Aramid Fabrics Enhanced with Inherent Flame-Retardant Polyurea Coatings: Integration of Mechanical Strength, Puncture Resistance, and Self-Healing Properties",2025,Polymers,10.3390/polym17111529,https://www.mdpi.com/2073-4360/17/11/1529,Methods; Tables 1–3,
B20260921-037,meta-aramid,plain-woven fabric,meta-aramid fabric,PUA/AF-1,PUA coated,polyurea coating; no OP550,scraping coating,N2,50,10,271.3,,,,324.4,,,,,22.9,20.9,as prepared,yes,Open full text numerical TGA/DTG Table 2 + LOI Table 3; TGA condition reported in Methods,"Multifunctional Meta-Aramid Fabrics Enhanced with Inherent Flame-Retardant Polyurea Coatings: Integration of Mechanical Strength, Puncture Resistance, and Self-Healing Properties",2025,Polymers,10.3390/polym17111529,https://www.mdpi.com/2073-4360/17/11/1529,Methods; Tables 1–3,
B20260921-038,meta-aramid,plain-woven fabric,meta-aramid fabric,PUA/AF-2,FR PUA coated,polyurea coating + Exolit OP550; 21.9 wt% in coating,scraping coating,N2,50,10,238.1,,,,351.1,,,,,33.4,26.5,as prepared,yes,Open full text numerical TGA/DTG Table 2 + LOI Table 3; TGA condition reported in Methods,"Multifunctional Meta-Aramid Fabrics Enhanced with Inherent Flame-Retardant Polyurea Coatings: Integration of Mechanical Strength, Puncture Resistance, and Self-Healing Properties",2025,Polymers,10.3390/polym17111529,https://www.mdpi.com/2073-4360/17/11/1529,Methods; Tables 1–3,
B20260921-039,meta-aramid,plain-woven fabric,meta-aramid fabric,PUA/AF-3,FR PUA coated,polyurea coating + Exolit OP550; 24.1 wt% in coating,scraping coating,N2,50,10,233.9,,,,340.2,,,,,31.6,26.9,as prepared,yes,Open full text numerical TGA/DTG Table 2 + LOI Table 3; TGA condition reported in Methods,"Multifunctional Meta-Aramid Fabrics Enhanced with Inherent Flame-Retardant Polyurea Coatings: Integration of Mechanical Strength, Puncture Resistance, and Self-Healing Properties",2025,Polymers,10.3390/polym17111529,https://www.mdpi.com/2073-4360/17/11/1529,Methods; Tables 1–3,
B20260921-040,meta-aramid,plain-woven fabric,meta-aramid fabric,PUA/AF-4,FR PUA coated,polyurea coating + Exolit OP550; 25.9 wt% in coating,scraping coating,N2,50,10,227.2,,,,340.9,,,,,33.1,27.4,as prepared,yes,Open full text numerical TGA/DTG Table 2 + LOI Table 3; TGA condition reported in Methods,"Multifunctional Meta-Aramid Fabrics Enhanced with Inherent Flame-Retardant Polyurea Coatings: Integration of Mechanical Strength, Puncture Resistance, and Self-Healing Properties",2025,Polymers,10.3390/polym17111529,https://www.mdpi.com/2073-4360/17/11/1529,Methods; Tables 1–3,
B20260921-041,meta-aramid,plain-woven fabric,meta-aramid fabric,PUA/AF-5,FR PUA coated,polyurea coating + Exolit OP550; 27.6 wt% in coating,scraping coating,N2,50,10,218.9,,,,345.8,,,,,32.9,27.8,as prepared,yes,Open full text numerical TGA/DTG Table 2 + LOI Table 3; TGA condition reported in Methods,"Multifunctional Meta-Aramid Fabrics Enhanced with Inherent Flame-Retardant Polyurea Coatings: Integration of Mechanical Strength, Puncture Resistance, and Self-Healing Properties",2025,Polymers,10.3390/polym17111529,https://www.mdpi.com/2073-4360/17/11/1529,Methods; Tables 1–3,
