DOI,LOI_instrument,LOI_locator,LOI_pct,LOI_repeats,LOI_standard,R600_pct,R600_uncertainty_pct,R800_pct,T5_C,TGA_instrument,TG_end_C,TG_gas_flow_mL_min,TG_locator,TG_repeats,TG_specimen_mass_reported,TG_start_reported,TG_uncertainty_description,Tmax1_C,Tmax2_C,Tmax3_C,Tonset_C,atmosphere,composition,conditions_locator,dataset_type,direct_numeric_use,evidence_reviewed_at,evidence_reviewed_by,heating_rate_C_min,limitations,material_form,material_form_LOI,material_form_TGA,numeric_evidence_type,pairing_evidence,pairing_status,residue_temp_C,review_disposition,reviewed_measurement_fingerprint,sample_state,source_Tf_C,source_Tf_SD_C,source_Tp_C,source_Tp_SD_C,source_Tu_SD_C,source_WLf_SD_pct,source_WLf_pct,source_WLp_SD_pct,source_WLp_pct,source_WLu_native_SD,source_WLu_native_value,source_WLu_printed_header_unit,source_location,source_url,supplement_review_status,treatment_method,urea_decomposition_peak_C,washing_state,water_removal_peak_C
10.1016/j.polymdegradstab.2011.08.014,Dynisco Polymer Test Limiting Oxygen Index Chamber,Published p.2015 Section3.1: own21.6 untreated; own30.0 for0.8%P/3.4%N and high-P DAP alone,21.6,,ASTM D2863-00,15.9,1.2,,,TA Instruments TGA Q500,600,60,"Published p.2014 Table3, Untreated row; char footnote explicitly600C",3,5-6 mg,room temperature; numeric start not stated,Table3 parentheses: standard deviation of three measurements,336.0,,,,nitrogen,"Mechanically cleaned American Upland greige cotton; no scouring, bleaching or curing.","Published p.2012 Section2.3: TGA Q500,5-6mg,RT600C,N2 60mL/min,5C/min,three runs",literature,TG+LOI,2026-10-01,Codex local primary-source review,5,"Tp is the cellulose maximum-rate peak, stored as Tmax1 with native source_Tp; Tu is the separate urea decomposition peak. Tf is decomposition-end temperature, never a second peak or Tonset. No inferred T5/T10. WLu column heading has Celsius although WL means weight loss; its native header/value is not normalized to a clean percent. Table3 D2D4 is an unresolved sample label. D2 P is1.7% by Table1 elemental analysis whereas LOI prose/group uses1.6%; retain both descriptors. Earlier char-length prose attaches3.4%N to D1U3, contradicting Table1; no char-length alias correction. LOI30.0 at0.8%P/3.4%N crosswalks uniquely to Table1 D1U2, not that char-length sentence. Subsequent kinetics extrapolations and averaged ramps excluded.","greige cotton needle-punched nonwoven fabric,100 g/m2","greige cotton needle-punched nonwoven fabric,100 g/m2","greige cotton needle-punched nonwoven fabric,100 g/m2",tabulated,"Own initial nonwoven fabric prepared without curing. Table3 Untreated has exact cellulose Tp and600C char at nitrogen5C/min. Section3.1 supplies exact own LOI 21.6. Untreated same100g/m2 greige nonwoven, not cited bleached woven cotton.",verified_exact,600,source_review_approved,09bbc4e433ab1cc6f20b0eb538c6b0059899d14a39e167672c06b84563c1af36,Untreated,362.4,0.3,336.0,0.3,,0.4,69.0,0.5,49.4,,,,Published pp.2011-2012 Sections2.1-2.3 and Table1; p.2014 Table3 including footnotes; p.2015 Section3.1 exact LOI prose,https://doi.org/10.1016/j.polymdegradstab.2011.08.014,Complete local published primary article reviewed. No supplementary material citation or listing in the article. Publisher external inventory inaccessible (403); no identified supplementary file or missing datum needed for these main-text pairs.,"Needle-punched100g/m2 fabric from mechanically cleaned/opened American Upland fibers,12g/m2 card web,cross-lapped,two4000-needle boards. Immerse in aqueous DAP/urea bath with0.1wt.% TritonX-100,pad100+/-5% wet pickup,air dry; condition65%RH/21C24h. No cure. Bench furnace18C/min,N2 1.6L/min applies to separate spectroscopy specimens, not this TG condition.",,initial prepared fabric; no durability laundering or thermal aging,
10.1016/j.polymdegradstab.2011.08.014,Dynisco Polymer Test Limiting Oxygen Index Chamber,,,,ASTM D2863-00,28.7,0.2,,,TA Instruments TGA Q500,600,60,"Published p.2014 Table3, D1 row; char footnote explicitly600C",3,5-6 mg,room temperature; numeric start not stated,Table3 parentheses: standard deviation of three measurements,278.6,,,,nitrogen,"Mechanically cleaned American Upland greige cotton; no scouring, bleaching or curing. Padding bath: DAP4.3 wt.% and urea0 wt.%; measured fabric P0.9 wt.% and N0.6 wt.%. These are bath concentrations and elemental analysis, not dry additive mass fractions.","Published p.2012 Section2.3: TGA Q500,5-6mg,RT600C,N2 60mL/min,5C/min,three runs",literature,TG only,2026-10-01,Codex local primary-source review,5,"Tp is the cellulose maximum-rate peak, stored as Tmax1 with native source_Tp; Tu is the separate urea decomposition peak. Tf is decomposition-end temperature, never a second peak or Tonset. No inferred T5/T10. WLu column heading has Celsius although WL means weight loss; its native header/value is not normalized to a clean percent. Table3 D2D4 is an unresolved sample label. D2 P is1.7% by Table1 elemental analysis whereas LOI prose/group uses1.6%; retain both descriptors. Earlier char-length prose attaches3.4%N to D1U3, contradicting Table1; no char-length alias correction. LOI30.0 at0.8%P/3.4%N crosswalks uniquely to Table1 D1U2, not that char-length sentence. Subsequent kinetics extrapolations and averaged ramps excluded.","greige cotton needle-punched nonwoven fabric,100 g/m2","greige cotton needle-punched nonwoven fabric,100 g/m2","greige cotton needle-punched nonwoven fabric,100 g/m2",tabulated,"Exact Table3 TG preserved, but own LOI only unlabelled Figure2 curve or unresolved label. No estimated LOI and no paired-state admission.",TG_only_no_exact_LOI,600,reviewed_TG_unpaired,,D1,292.0,2.3,278.6,2.5,,0.4,48.1,1.5,38.3,,,,Published pp.2011-2012 Sections2.1-2.3 and Table1; p.2014 Table3 including footnotes; p.2015 Section3.1 exact LOI prose,https://doi.org/10.1016/j.polymdegradstab.2011.08.014,Complete local published primary article reviewed. No supplementary material citation or listing in the article. Publisher external inventory inaccessible (403); no identified supplementary file or missing datum needed for these main-text pairs.,"Needle-punched100g/m2 fabric from mechanically cleaned/opened American Upland fibers,12g/m2 card web,cross-lapped,two4000-needle boards. Immerse in aqueous DAP/urea bath with0.1wt.% TritonX-100,pad100+/-5% wet pickup,air dry; condition65%RH/21C24h. No cure. Bench furnace18C/min,N2 1.6L/min applies to separate spectroscopy specimens, not this TG condition.",,initial prepared fabric; no durability laundering or thermal aging,
10.1016/j.polymdegradstab.2011.08.014,Dynisco Polymer Test Limiting Oxygen Index Chamber,,,,ASTM D2863-00,29.4,0.1,,,TA Instruments TGA Q500,600,60,"Published p.2014 Table3, D1U1 row; char footnote explicitly600C",3,5-6 mg,room temperature; numeric start not stated,Table3 parentheses: standard deviation of three measurements,282.6,,,,nitrogen,"Mechanically cleaned American Upland greige cotton; no scouring, bleaching or curing. Padding bath: DAP4.3 wt.% and urea1.9 wt.%; measured fabric P0.9 wt.% and N1.7 wt.%. These are bath concentrations and elemental analysis, not dry additive mass fractions.","Published p.2012 Section2.3: TGA Q500,5-6mg,RT600C,N2 60mL/min,5C/min,three runs",literature,TG only,2026-10-01,Codex local primary-source review,5,"Tp is the cellulose maximum-rate peak, stored as Tmax1 with native source_Tp; Tu is the separate urea decomposition peak. Tf is decomposition-end temperature, never a second peak or Tonset. No inferred T5/T10. WLu column heading has Celsius although WL means weight loss; its native header/value is not normalized to a clean percent. Table3 D2D4 is an unresolved sample label. D2 P is1.7% by Table1 elemental analysis whereas LOI prose/group uses1.6%; retain both descriptors. Earlier char-length prose attaches3.4%N to D1U3, contradicting Table1; no char-length alias correction. LOI30.0 at0.8%P/3.4%N crosswalks uniquely to Table1 D1U2, not that char-length sentence. Subsequent kinetics extrapolations and averaged ramps excluded.","greige cotton needle-punched nonwoven fabric,100 g/m2","greige cotton needle-punched nonwoven fabric,100 g/m2","greige cotton needle-punched nonwoven fabric,100 g/m2",tabulated,"Exact Table3 TG preserved, but own LOI only unlabelled Figure2 curve or unresolved label. No estimated LOI and no paired-state admission.",TG_only_no_exact_LOI,600,reviewed_TG_unpaired,,D1U1,295.2,0.1,282.6,0.1,,0.3,48.3,0.6,38.2,,,,Published pp.2011-2012 Sections2.1-2.3 and Table1; p.2014 Table3 including footnotes; p.2015 Section3.1 exact LOI prose,https://doi.org/10.1016/j.polymdegradstab.2011.08.014,Complete local published primary article reviewed. No supplementary material citation or listing in the article. Publisher external inventory inaccessible (403); no identified supplementary file or missing datum needed for these main-text pairs.,"Needle-punched100g/m2 fabric from mechanically cleaned/opened American Upland fibers,12g/m2 card web,cross-lapped,two4000-needle boards. Immerse in aqueous DAP/urea bath with0.1wt.% TritonX-100,pad100+/-5% wet pickup,air dry; condition65%RH/21C24h. No cure. Bench furnace18C/min,N2 1.6L/min applies to separate spectroscopy specimens, not this TG condition.",,initial prepared fabric; no durability laundering or thermal aging,
10.1016/j.polymdegradstab.2011.08.014,Dynisco Polymer Test Limiting Oxygen Index Chamber,Published p.2015 Section3.1: own21.6 untreated; own30.0 for0.8%P/3.4%N and high-P DAP alone,30.0,,ASTM D2863-00,29.0,0.2,,,TA Instruments TGA Q500,600,60,"Published p.2014 Table3, D1U2 row; char footnote explicitly600C",3,5-6 mg,room temperature; numeric start not stated,Table3 parentheses: standard deviation of three measurements,287.0,,,,nitrogen,"Mechanically cleaned American Upland greige cotton; no scouring, bleaching or curing. Padding bath: DAP4.3 wt.% and urea5.8 wt.%; measured fabric P0.8 wt.% and N3.4 wt.%. These are bath concentrations and elemental analysis, not dry additive mass fractions.","Published p.2012 Section2.3: TGA Q500,5-6mg,RT600C,N2 60mL/min,5C/min,three runs",literature,TG+LOI,2026-10-01,Codex local primary-source review,5,"Tp is the cellulose maximum-rate peak, stored as Tmax1 with native source_Tp; Tu is the separate urea decomposition peak. Tf is decomposition-end temperature, never a second peak or Tonset. No inferred T5/T10. WLu column heading has Celsius although WL means weight loss; its native header/value is not normalized to a clean percent. Table3 D2D4 is an unresolved sample label. D2 P is1.7% by Table1 elemental analysis whereas LOI prose/group uses1.6%; retain both descriptors. Earlier char-length prose attaches3.4%N to D1U3, contradicting Table1; no char-length alias correction. LOI30.0 at0.8%P/3.4%N crosswalks uniquely to Table1 D1U2, not that char-length sentence. Subsequent kinetics extrapolations and averaged ramps excluded.","greige cotton needle-punched nonwoven fabric,100 g/m2","greige cotton needle-punched nonwoven fabric,100 g/m2","greige cotton needle-punched nonwoven fabric,100 g/m2",tabulated,Own initial nonwoven fabric prepared without curing. Table3 D1U2 has exact cellulose Tp and600C char at nitrogen5C/min. Section3.1 supplies exact own LOI 30.0. Composition0.8%P/3.4%N uniquely matches Table1 D1U2; char-length D1U3 typo is not used.,verified_exact,600,source_review_approved,31f7a5a893b5ce332ba1d0b08a36553a2db376bbf3357c710f6560e93b73609c,D1U2,300.9,0.4,287.0,0.2,0.0,0.7,50.3,1.1,40.7,1.5,8.2,Celsius; conflicts with WL weight-loss definition; retained verbatim as metadata,Published pp.2011-2012 Sections2.1-2.3 and Table1; p.2014 Table3 including footnotes; p.2015 Section3.1 exact LOI prose,https://doi.org/10.1016/j.polymdegradstab.2011.08.014,Complete local published primary article reviewed. No supplementary material citation or listing in the article. Publisher external inventory inaccessible (403); no identified supplementary file or missing datum needed for these main-text pairs.,"Needle-punched100g/m2 fabric from mechanically cleaned/opened American Upland fibers,12g/m2 card web,cross-lapped,two4000-needle boards. Immerse in aqueous DAP/urea bath with0.1wt.% TritonX-100,pad100+/-5% wet pickup,air dry; condition65%RH/21C24h. No cure. Bench furnace18C/min,N2 1.6L/min applies to separate spectroscopy specimens, not this TG condition.",158.0,initial prepared fabric; no durability laundering or thermal aging,
10.1016/j.polymdegradstab.2011.08.014,Dynisco Polymer Test Limiting Oxygen Index Chamber,,,,ASTM D2863-00,27.0,1.3,,,TA Instruments TGA Q500,600,60,"Published p.2014 Table3, D1U3 row; char footnote explicitly600C",3,5-6 mg,room temperature; numeric start not stated,Table3 parentheses: standard deviation of three measurements,285.1,,,,nitrogen,"Mechanically cleaned American Upland greige cotton; no scouring, bleaching or curing. Padding bath: DAP4.3 wt.% and urea9.6 wt.%; measured fabric P0.8 wt.% and N5.0 wt.%. These are bath concentrations and elemental analysis, not dry additive mass fractions.","Published p.2012 Section2.3: TGA Q500,5-6mg,RT600C,N2 60mL/min,5C/min,three runs",literature,TG only,2026-10-01,Codex local primary-source review,5,"Tp is the cellulose maximum-rate peak, stored as Tmax1 with native source_Tp; Tu is the separate urea decomposition peak. Tf is decomposition-end temperature, never a second peak or Tonset. No inferred T5/T10. WLu column heading has Celsius although WL means weight loss; its native header/value is not normalized to a clean percent. Table3 D2D4 is an unresolved sample label. D2 P is1.7% by Table1 elemental analysis whereas LOI prose/group uses1.6%; retain both descriptors. Earlier char-length prose attaches3.4%N to D1U3, contradicting Table1; no char-length alias correction. LOI30.0 at0.8%P/3.4%N crosswalks uniquely to Table1 D1U2, not that char-length sentence. Subsequent kinetics extrapolations and averaged ramps excluded.","greige cotton needle-punched nonwoven fabric,100 g/m2","greige cotton needle-punched nonwoven fabric,100 g/m2","greige cotton needle-punched nonwoven fabric,100 g/m2",tabulated,"Exact Table3 TG preserved, but own LOI only unlabelled Figure2 curve or unresolved label. No estimated LOI and no paired-state admission.",TG_only_no_exact_LOI,600,reviewed_TG_unpaired,,D1U3,297.5,2.1,285.1,1.9,0.9,1.8,52.2,2.5,41.6,2.9,8.6,Celsius; conflicts with WL weight-loss definition; retained verbatim as metadata,Published pp.2011-2012 Sections2.1-2.3 and Table1; p.2014 Table3 including footnotes; p.2015 Section3.1 exact LOI prose,https://doi.org/10.1016/j.polymdegradstab.2011.08.014,Complete local published primary article reviewed. No supplementary material citation or listing in the article. Publisher external inventory inaccessible (403); no identified supplementary file or missing datum needed for these main-text pairs.,"Needle-punched100g/m2 fabric from mechanically cleaned/opened American Upland fibers,12g/m2 card web,cross-lapped,two4000-needle boards. Immerse in aqueous DAP/urea bath with0.1wt.% TritonX-100,pad100+/-5% wet pickup,air dry; condition65%RH/21C24h. No cure. Bench furnace18C/min,N2 1.6L/min applies to separate spectroscopy specimens, not this TG condition.",153.6,initial prepared fabric; no durability laundering or thermal aging,
10.1016/j.polymdegradstab.2011.08.014,Dynisco Polymer Test Limiting Oxygen Index Chamber,,,,ASTM D2863-00,26.8,0.3,,,TA Instruments TGA Q500,600,60,"Published p.2014 Table3, D1U4 row; char footnote explicitly600C",3,5-6 mg,room temperature; numeric start not stated,Table3 parentheses: standard deviation of three measurements,287.3,,,,nitrogen,"Mechanically cleaned American Upland greige cotton; no scouring, bleaching or curing. Padding bath: DAP4.3 wt.% and urea13.5 wt.%; measured fabric P0.8 wt.% and N6.7 wt.%. These are bath concentrations and elemental analysis, not dry additive mass fractions.","Published p.2012 Section2.3: TGA Q500,5-6mg,RT600C,N2 60mL/min,5C/min,three runs",literature,TG only,2026-10-01,Codex local primary-source review,5,"Tp is the cellulose maximum-rate peak, stored as Tmax1 with native source_Tp; Tu is the separate urea decomposition peak. Tf is decomposition-end temperature, never a second peak or Tonset. No inferred T5/T10. WLu column heading has Celsius although WL means weight loss; its native header/value is not normalized to a clean percent. Table3 D2D4 is an unresolved sample label. D2 P is1.7% by Table1 elemental analysis whereas LOI prose/group uses1.6%; retain both descriptors. Earlier char-length prose attaches3.4%N to D1U3, contradicting Table1; no char-length alias correction. LOI30.0 at0.8%P/3.4%N crosswalks uniquely to Table1 D1U2, not that char-length sentence. Subsequent kinetics extrapolations and averaged ramps excluded.","greige cotton needle-punched nonwoven fabric,100 g/m2","greige cotton needle-punched nonwoven fabric,100 g/m2","greige cotton needle-punched nonwoven fabric,100 g/m2",tabulated,"Exact Table3 TG preserved, but own LOI only unlabelled Figure2 curve or unresolved label. No estimated LOI and no paired-state admission.",TG_only_no_exact_LOI,600,reviewed_TG_unpaired,,D1U4,298.5,0.1,287.3,0.1,0.2,0.7,53.1,5.9,47.2,1.2,8.3,Celsius; conflicts with WL weight-loss definition; retained verbatim as metadata,Published pp.2011-2012 Sections2.1-2.3 and Table1; p.2014 Table3 including footnotes; p.2015 Section3.1 exact LOI prose,https://doi.org/10.1016/j.polymdegradstab.2011.08.014,Complete local published primary article reviewed. No supplementary material citation or listing in the article. Publisher external inventory inaccessible (403); no identified supplementary file or missing datum needed for these main-text pairs.,"Needle-punched100g/m2 fabric from mechanically cleaned/opened American Upland fibers,12g/m2 card web,cross-lapped,two4000-needle boards. Immerse in aqueous DAP/urea bath with0.1wt.% TritonX-100,pad100+/-5% wet pickup,air dry; condition65%RH/21C24h. No cure. Bench furnace18C/min,N2 1.6L/min applies to separate spectroscopy specimens, not this TG condition.",152.3,initial prepared fabric; no durability laundering or thermal aging,
10.1016/j.polymdegradstab.2011.08.014,Dynisco Polymer Test Limiting Oxygen Index Chamber,Published p.2015 Section3.1: own21.6 untreated; own30.0 for0.8%P/3.4%N and high-P DAP alone,30.0,,ASTM D2863-00,33.4,0.5,,,TA Instruments TGA Q500,600,60,"Published p.2014 Table3, D2 row; char footnote explicitly600C",3,5-6 mg,room temperature; numeric start not stated,Table3 parentheses: standard deviation of three measurements,276.8,,,,nitrogen,"Mechanically cleaned American Upland greige cotton; no scouring, bleaching or curing. Padding bath: DAP8.5 wt.% and urea0 wt.%; measured fabric P1.7 wt.% and N1.1 wt.%. These are bath concentrations and elemental analysis, not dry additive mass fractions.","Published p.2012 Section2.3: TGA Q500,5-6mg,RT600C,N2 60mL/min,5C/min,three runs",literature,TG+LOI,2026-10-01,Codex local primary-source review,5,"Tp is the cellulose maximum-rate peak, stored as Tmax1 with native source_Tp; Tu is the separate urea decomposition peak. Tf is decomposition-end temperature, never a second peak or Tonset. No inferred T5/T10. WLu column heading has Celsius although WL means weight loss; its native header/value is not normalized to a clean percent. Table3 D2D4 is an unresolved sample label. D2 P is1.7% by Table1 elemental analysis whereas LOI prose/group uses1.6%; retain both descriptors. Earlier char-length prose attaches3.4%N to D1U3, contradicting Table1; no char-length alias correction. LOI30.0 at0.8%P/3.4%N crosswalks uniquely to Table1 D1U2, not that char-length sentence. Subsequent kinetics extrapolations and averaged ramps excluded.","greige cotton needle-punched nonwoven fabric,100 g/m2","greige cotton needle-punched nonwoven fabric,100 g/m2","greige cotton needle-punched nonwoven fabric,100 g/m2",tabulated,Own initial nonwoven fabric prepared without curing. Table3 D2 has exact cellulose Tp and600C char at nitrogen5C/min. Section3.1 supplies exact own LOI 30.0. High-P DAP-only is the unique D2 recipe; differing1.6/1.7%P descriptors retained.,verified_exact,600,source_review_approved,d5e355b6eeff67cd14951416ed4bb9458bb73fa86ace0772c280d78373460462,D2,291.5,1.1,276.8,0.5,,0.4,46.0,0.8,38.4,,,,Published pp.2011-2012 Sections2.1-2.3 and Table1; p.2014 Table3 including footnotes; p.2015 Section3.1 exact LOI prose,https://doi.org/10.1016/j.polymdegradstab.2011.08.014,Complete local published primary article reviewed. No supplementary material citation or listing in the article. Publisher external inventory inaccessible (403); no identified supplementary file or missing datum needed for these main-text pairs.,"Needle-punched100g/m2 fabric from mechanically cleaned/opened American Upland fibers,12g/m2 card web,cross-lapped,two4000-needle boards. Immerse in aqueous DAP/urea bath with0.1wt.% TritonX-100,pad100+/-5% wet pickup,air dry; condition65%RH/21C24h. No cure. Bench furnace18C/min,N2 1.6L/min applies to separate spectroscopy specimens, not this TG condition.",,initial prepared fabric; no durability laundering or thermal aging,
10.1016/j.polymdegradstab.2011.08.014,Dynisco Polymer Test Limiting Oxygen Index Chamber,,,,ASTM D2863-00,32.4,0.4,,,TA Instruments TGA Q500,600,60,"Published p.2014 Table3, D2U2 row; char footnote explicitly600C",3,5-6 mg,room temperature; numeric start not stated,Table3 parentheses: standard deviation of three measurements,284.3,,,,nitrogen,"Mechanically cleaned American Upland greige cotton; no scouring, bleaching or curing. Padding bath: DAP8.5 wt.% and urea3.8 wt.%; measured fabric P1.6 wt.% and N3.0 wt.%. These are bath concentrations and elemental analysis, not dry additive mass fractions.","Published p.2012 Section2.3: TGA Q500,5-6mg,RT600C,N2 60mL/min,5C/min,three runs",literature,TG only,2026-10-01,Codex local primary-source review,5,"Tp is the cellulose maximum-rate peak, stored as Tmax1 with native source_Tp; Tu is the separate urea decomposition peak. Tf is decomposition-end temperature, never a second peak or Tonset. No inferred T5/T10. WLu column heading has Celsius although WL means weight loss; its native header/value is not normalized to a clean percent. Table3 D2D4 is an unresolved sample label. D2 P is1.7% by Table1 elemental analysis whereas LOI prose/group uses1.6%; retain both descriptors. Earlier char-length prose attaches3.4%N to D1U3, contradicting Table1; no char-length alias correction. LOI30.0 at0.8%P/3.4%N crosswalks uniquely to Table1 D1U2, not that char-length sentence. Subsequent kinetics extrapolations and averaged ramps excluded.","greige cotton needle-punched nonwoven fabric,100 g/m2","greige cotton needle-punched nonwoven fabric,100 g/m2","greige cotton needle-punched nonwoven fabric,100 g/m2",tabulated,"Exact Table3 TG preserved, but own LOI only unlabelled Figure2 curve or unresolved label. No estimated LOI and no paired-state admission.",TG_only_no_exact_LOI,600,reviewed_TG_unpaired,,D2U2,298.5,0.1,284.3,0.3,,0.5,48.7,0.3,40.9,,,,Published pp.2011-2012 Sections2.1-2.3 and Table1; p.2014 Table3 including footnotes; p.2015 Section3.1 exact LOI prose,https://doi.org/10.1016/j.polymdegradstab.2011.08.014,Complete local published primary article reviewed. No supplementary material citation or listing in the article. Publisher external inventory inaccessible (403); no identified supplementary file or missing datum needed for these main-text pairs.,"Needle-punched100g/m2 fabric from mechanically cleaned/opened American Upland fibers,12g/m2 card web,cross-lapped,two4000-needle boards. Immerse in aqueous DAP/urea bath with0.1wt.% TritonX-100,pad100+/-5% wet pickup,air dry; condition65%RH/21C24h. No cure. Bench furnace18C/min,N2 1.6L/min applies to separate spectroscopy specimens, not this TG condition.",,initial prepared fabric; no durability laundering or thermal aging,
10.1016/j.polymdegradstab.2011.08.014,Dynisco Polymer Test Limiting Oxygen Index Chamber,,,,ASTM D2863-00,31.1,1.0,,,TA Instruments TGA Q500,600,60,"Published p.2014 Table3, D2U3 row; char footnote explicitly600C",3,5-6 mg,room temperature; numeric start not stated,Table3 parentheses: standard deviation of three measurements,281.6,,,,nitrogen,"Mechanically cleaned American Upland greige cotton; no scouring, bleaching or curing. Padding bath: DAP8.5 wt.% and urea7.7 wt.%; measured fabric P1.6 wt.% and N4.7 wt.%. These are bath concentrations and elemental analysis, not dry additive mass fractions.","Published p.2012 Section2.3: TGA Q500,5-6mg,RT600C,N2 60mL/min,5C/min,three runs",literature,TG only,2026-10-01,Codex local primary-source review,5,"Tp is the cellulose maximum-rate peak, stored as Tmax1 with native source_Tp; Tu is the separate urea decomposition peak. Tf is decomposition-end temperature, never a second peak or Tonset. No inferred T5/T10. WLu column heading has Celsius although WL means weight loss; its native header/value is not normalized to a clean percent. Table3 D2D4 is an unresolved sample label. D2 P is1.7% by Table1 elemental analysis whereas LOI prose/group uses1.6%; retain both descriptors. Earlier char-length prose attaches3.4%N to D1U3, contradicting Table1; no char-length alias correction. LOI30.0 at0.8%P/3.4%N crosswalks uniquely to Table1 D1U2, not that char-length sentence. Subsequent kinetics extrapolations and averaged ramps excluded.","greige cotton needle-punched nonwoven fabric,100 g/m2","greige cotton needle-punched nonwoven fabric,100 g/m2","greige cotton needle-punched nonwoven fabric,100 g/m2",tabulated,"Exact Table3 TG preserved, but own LOI only unlabelled Figure2 curve or unresolved label. No estimated LOI and no paired-state admission.",TG_only_no_exact_LOI,600,reviewed_TG_unpaired,,D2U3,299.1,0.4,281.6,1.0,0.1,1.8,50.5,2.1,41.1,3.1,9.1,Celsius; conflicts with WL weight-loss definition; retained verbatim as metadata,Published pp.2011-2012 Sections2.1-2.3 and Table1; p.2014 Table3 including footnotes; p.2015 Section3.1 exact LOI prose,https://doi.org/10.1016/j.polymdegradstab.2011.08.014,Complete local published primary article reviewed. No supplementary material citation or listing in the article. Publisher external inventory inaccessible (403); no identified supplementary file or missing datum needed for these main-text pairs.,"Needle-punched100g/m2 fabric from mechanically cleaned/opened American Upland fibers,12g/m2 card web,cross-lapped,two4000-needle boards. Immerse in aqueous DAP/urea bath with0.1wt.% TritonX-100,pad100+/-5% wet pickup,air dry; condition65%RH/21C24h. No cure. Bench furnace18C/min,N2 1.6L/min applies to separate spectroscopy specimens, not this TG condition.",156.3,initial prepared fabric; no durability laundering or thermal aging,
10.1016/j.polymdegradstab.2011.08.014,Dynisco Polymer Test Limiting Oxygen Index Chamber,,,,ASTM D2863-00,30.3,0.1,,,TA Instruments TGA Q500,600,60,"Published p.2014 Table3, D2D4 row; char footnote explicitly600C",3,5-6 mg,room temperature; numeric start not stated,Table3 parentheses: standard deviation of three measurements,279.4,,,,nitrogen,"Mechanically cleaned American Upland greige cotton; no scouring, bleaching or curing. Original Table3 label D2D4 has no same label in Table1; do not silently rename it to D2U4 or assign its recipe.","Published p.2012 Section2.3: TGA Q500,5-6mg,RT600C,N2 60mL/min,5C/min,three runs",literature,TG only,2026-10-01,Codex local primary-source review,5,"Tp is the cellulose maximum-rate peak, stored as Tmax1 with native source_Tp; Tu is the separate urea decomposition peak. Tf is decomposition-end temperature, never a second peak or Tonset. No inferred T5/T10. WLu column heading has Celsius although WL means weight loss; its native header/value is not normalized to a clean percent. Table3 D2D4 is an unresolved sample label. D2 P is1.7% by Table1 elemental analysis whereas LOI prose/group uses1.6%; retain both descriptors. Earlier char-length prose attaches3.4%N to D1U3, contradicting Table1; no char-length alias correction. LOI30.0 at0.8%P/3.4%N crosswalks uniquely to Table1 D1U2, not that char-length sentence. Subsequent kinetics extrapolations and averaged ramps excluded.","greige cotton needle-punched nonwoven fabric,100 g/m2","greige cotton needle-punched nonwoven fabric,100 g/m2","greige cotton needle-punched nonwoven fabric,100 g/m2",tabulated,"Exact Table3 TG preserved, but own LOI only unlabelled Figure2 curve or unresolved label. No estimated LOI and no paired-state admission.",TG_only_no_exact_LOI,600,reviewed_TG_unpaired,,D2D4,295.3,0.6,279.4,0.1,0.3,1.4,51.4,2.5,42.1,3.1,9.9,Celsius; conflicts with WL weight-loss definition; retained verbatim as metadata,Published pp.2011-2012 Sections2.1-2.3 and Table1; p.2014 Table3 including footnotes; p.2015 Section3.1 exact LOI prose,https://doi.org/10.1016/j.polymdegradstab.2011.08.014,Complete local published primary article reviewed. No supplementary material citation or listing in the article. Publisher external inventory inaccessible (403); no identified supplementary file or missing datum needed for these main-text pairs.,"Needle-punched100g/m2 fabric from mechanically cleaned/opened American Upland fibers,12g/m2 card web,cross-lapped,two4000-needle boards. Immerse in aqueous DAP/urea bath with0.1wt.% TritonX-100,pad100+/-5% wet pickup,air dry; condition65%RH/21C24h. No cure. Bench furnace18C/min,N2 1.6L/min applies to separate spectroscopy specimens, not this TG condition.",152.6,initial prepared fabric; no durability laundering or thermal aging,
10.1016/j.polymdegradstab.2011.08.014,Dynisco Polymer Test Limiting Oxygen Index Chamber,,,,ASTM D2863-00,11.8,0.6,,,TA Instruments TGA Q500,600,60,"Published p.2014 Table3, U4 row; char footnote explicitly600C",3,5-6 mg,room temperature; numeric start not stated,Table3 parentheses: standard deviation of three measurements,348.5,,,,nitrogen,"Mechanically cleaned American Upland greige cotton; no scouring, bleaching or curing. Padding bath: DAP0 wt.% and urea15.5 wt.%; measured fabric Punreported wt.% and N7.0 wt.%. These are bath concentrations and elemental analysis, not dry additive mass fractions.","Published p.2012 Section2.3: TGA Q500,5-6mg,RT600C,N2 60mL/min,5C/min,three runs",literature,TG only,2026-10-01,Codex local primary-source review,5,"Tp is the cellulose maximum-rate peak, stored as Tmax1 with native source_Tp; Tu is the separate urea decomposition peak. Tf is decomposition-end temperature, never a second peak or Tonset. No inferred T5/T10. WLu column heading has Celsius although WL means weight loss; its native header/value is not normalized to a clean percent. Table3 D2D4 is an unresolved sample label. D2 P is1.7% by Table1 elemental analysis whereas LOI prose/group uses1.6%; retain both descriptors. Earlier char-length prose attaches3.4%N to D1U3, contradicting Table1; no char-length alias correction. LOI30.0 at0.8%P/3.4%N crosswalks uniquely to Table1 D1U2, not that char-length sentence. Subsequent kinetics extrapolations and averaged ramps excluded.","greige cotton needle-punched nonwoven fabric,100 g/m2","greige cotton needle-punched nonwoven fabric,100 g/m2","greige cotton needle-punched nonwoven fabric,100 g/m2",tabulated,"Exact Table3 TG preserved, but own LOI only unlabelled Figure2 curve or unresolved label. No estimated LOI and no paired-state admission.",TG_only_no_exact_LOI,600,reviewed_TG_unpaired,,U4,368.2,0.6,348.5,1.0,0.2,0.2,78.1,0.1,59.2,0.6,10.8,Celsius; conflicts with WL weight-loss definition; retained verbatim as metadata,Published pp.2011-2012 Sections2.1-2.3 and Table1; p.2014 Table3 including footnotes; p.2015 Section3.1 exact LOI prose,https://doi.org/10.1016/j.polymdegradstab.2011.08.014,Complete local published primary article reviewed. No supplementary material citation or listing in the article. Publisher external inventory inaccessible (403); no identified supplementary file or missing datum needed for these main-text pairs.,"Needle-punched100g/m2 fabric from mechanically cleaned/opened American Upland fibers,12g/m2 card web,cross-lapped,two4000-needle boards. Immerse in aqueous DAP/urea bath with0.1wt.% TritonX-100,pad100+/-5% wet pickup,air dry; condition65%RH/21C24h. No cure. Bench furnace18C/min,N2 1.6L/min applies to separate spectroscopy specimens, not this TG condition.",169.3,initial prepared fabric; no durability laundering or thermal aging,
10.1016/j.apsusc.2017.09.155,HC-2,"Published p.399 Table4, zero-cycle PAN row",18.1,5,GB5454-85,,,43.53,305,Netzsch STA449F3,800,,"Published p.398 Table2 and Section3.3, PAN row",,,room temperature,,319,,,,nitrogen,Scoured plain-woven PAN fabric made from95wt.% acrylonitrile/5wt.% vinyl-acetate fiber.,"Published p.396 Section2.4: TG-specific nitrogen10C/min,RT800C; separate DSC/MCC conditions not inherited",literature,TG+LOI,2026-10-01,Codex local primary-source review,10,"Source Tonset5% is five-percent weight-loss descriptor; retain T5, not decomposition onset. Source86/93C Tmax1 is bound-water removal. Source-native Tmax2/3 stage numbering retained. A-PAN residue conflicts:Table2 47.39 versus prose47.59; clean R800 blank. MCC/DSC peaks and residues excluded. Washing5/10/20 LOI has no corresponding TG; not additional pairs. PAN fiber generic17% versus own fabricTable4 18.1% remain distinct. PA reagent named phosphorus acid in methods and phosphoric acid elsewhere; preserve source label, no chemical correction. Complete published nine-page primary has no listed supplementary-material citation; external publisher inventory403 is disclosed separately. All required numerical facts and preparation/conditions are in primary tables/prose.","plain-woven PAN fabric,400 g/m2","plain-woven PAN fabric,400 g/m2","plain-woven PAN fabric,400 g/m2",tabulated,Own initial PAN plain-woven PAN fabric pairs published Table2 TG and Table4 zero-cycle LOI. Five LOI measurements are repeats. Low-temperature source Tmax1 is bound-water removal for A-PAN/P-A-PAN and is stored separately; source Tmax2/3 numbering retained. A-PAN residue discrepancy47.39vs47.59 withheld from clean R800. Table4 own PAN fabric18.1 differs from cited/generic fiber17; no substitution or arithmetic correction. Washed LOI states have no own matched TG.,verified_exact,800,source_review_approved,8e0be48ea1d90f3b96437d861ba84ba6bff5f0ac48c738031d35e482c3ba59c3,PAN,,,,,,,,,,,,,Printed p.396 Section2.4; p.398 Table2 and Section3.3; p.399 Table4 and Section3.4,https://doi.org/10.1016/j.apsusc.2017.09.155,Complete local published primary article reviewed. No supplementary material citation or listing in the article. Publisher external inventory inaccessible (403); no identified supplementary file or missing datum needed for these main-text pairs.,Initial control scoured PAN400g/m2.,,initial prepared fabric; no durability laundering or thermal aging,
10.1016/j.apsusc.2017.09.155,HC-2,"Published p.399 Table4, zero-cycle A-PAN row",25.2,5,GB5454-85,,,,64,Netzsch STA449F3,800,,"Published p.398 Table2 and Section3.3, A-PAN row",,,room temperature,,,241,415,,nitrogen,Scoured plain-woven PAN fabric made from95wt.% acrylonitrile/5wt.% vinyl-acetate fiber. HA amidoximation.,"Published p.396 Section2.4: TG-specific nitrogen10C/min,RT800C; separate DSC/MCC conditions not inherited",literature,TG+LOI,2026-10-01,Codex local primary-source review,10,"Source Tonset5% is five-percent weight-loss descriptor; retain T5, not decomposition onset. Source86/93C Tmax1 is bound-water removal. Source-native Tmax2/3 stage numbering retained. A-PAN residue conflicts:Table2 47.39 versus prose47.59; clean R800 blank. MCC/DSC peaks and residues excluded. Washing5/10/20 LOI has no corresponding TG; not additional pairs. PAN fiber generic17% versus own fabricTable4 18.1% remain distinct. PA reagent named phosphorus acid in methods and phosphoric acid elsewhere; preserve source label, no chemical correction. Complete published nine-page primary has no listed supplementary-material citation; external publisher inventory403 is disclosed separately. All required numerical facts and preparation/conditions are in primary tables/prose.","plain-woven PAN fabric,400 g/m2","plain-woven PAN fabric,400 g/m2","plain-woven PAN fabric,400 g/m2",tabulated,Own initial A-PAN plain-woven PAN fabric pairs published Table2 TG and Table4 zero-cycle LOI. Five LOI measurements are repeats. Low-temperature source Tmax1 is bound-water removal for A-PAN/P-A-PAN and is stored separately; source Tmax2/3 numbering retained. A-PAN residue discrepancy47.39vs47.59 withheld from clean R800. Table4 own PAN fabric18.1 differs from cited/generic fiber17; no substitution or arithmetic correction. Washed LOI states have no own matched TG.,verified_exact,,source_review_approved,719d0fa78d82da449c38d2155f4d7c368f26b415dbd7294bdde687d11853bf15,A-PAN,,,,,,,,,,,,,Printed p.396 Section2.4; p.398 Table2 and Section3.3; p.399 Table4 and Section3.4,https://doi.org/10.1016/j.apsusc.2017.09.155,Complete local published primary article reviewed. No supplementary material citation or listing in the article. Publisher external inventory inaccessible (403); no identified supplementary file or missing datum needed for these main-text pairs.,"Amidoximate with0.4g HA98.5% in20mL water(20g/L),pH6.5 adjusted with0.5mol/L NaOH,95C waterbath2h;water rinses,60C oven12h.",,initial prepared fabric; no durability laundering or thermal aging,86
10.1016/j.apsusc.2017.09.155,HC-2,"Published p.399 Table4, zero-cycle P-A-PAN row",34.1,5,GB5454-85,,,55.67,70,Netzsch STA449F3,800,,"Published p.398 Table2 and Section3.3, P-A-PAN row",,,room temperature,,,164,333,,nitrogen,Scoured plain-woven PAN fabric made from95wt.% acrylonitrile/5wt.% vinyl-acetate fiber. HA amidoximation. PA/urea phosphorylation; method reagent name phosphorus acid vs abstract phosphoric acid retained as a source identity discrepancy; no silent chemical correction or guessed final loading.,"Published p.396 Section2.4: TG-specific nitrogen10C/min,RT800C; separate DSC/MCC conditions not inherited",literature,TG+LOI,2026-10-01,Codex local primary-source review,10,"Source Tonset5% is five-percent weight-loss descriptor; retain T5, not decomposition onset. Source86/93C Tmax1 is bound-water removal. Source-native Tmax2/3 stage numbering retained. A-PAN residue conflicts:Table2 47.39 versus prose47.59; clean R800 blank. MCC/DSC peaks and residues excluded. Washing5/10/20 LOI has no corresponding TG; not additional pairs. PAN fiber generic17% versus own fabricTable4 18.1% remain distinct. PA reagent named phosphorus acid in methods and phosphoric acid elsewhere; preserve source label, no chemical correction. Complete published nine-page primary has no listed supplementary-material citation; external publisher inventory403 is disclosed separately. All required numerical facts and preparation/conditions are in primary tables/prose.","plain-woven PAN fabric,400 g/m2","plain-woven PAN fabric,400 g/m2","plain-woven PAN fabric,400 g/m2",tabulated,Own initial P-A-PAN plain-woven PAN fabric pairs published Table2 TG and Table4 zero-cycle LOI. Five LOI measurements are repeats. Low-temperature source Tmax1 is bound-water removal for A-PAN/P-A-PAN and is stored separately; source Tmax2/3 numbering retained. A-PAN residue discrepancy47.39vs47.59 withheld from clean R800. Table4 own PAN fabric18.1 differs from cited/generic fiber17; no substitution or arithmetic correction. Washed LOI states have no own matched TG.,verified_exact,800,source_review_approved,3b9f80602345148d3904c095ccd0eea726a4fc719759ae50ab7287e93b8a4d7d,P-A-PAN,,,,,,,,,,,,,Printed p.396 Section2.4; p.398 Table2 and Section3.3; p.399 Table4 and Section3.4,https://doi.org/10.1016/j.apsusc.2017.09.155,Complete local published primary article reviewed. No supplementary material citation or listing in the article. Publisher external inventory inaccessible (403); no identified supplementary file or missing datum needed for these main-text pairs.,"Amidoximate with0.4g HA98.5% in20mL water(20g/L),pH6.5 adjusted with0.5mol/L NaOH,95C waterbath2h;water rinses,60C oven12h. PA85% diluted55wt.%,urea bathratio1:10 as reported,95C1h mixture;A-PAN soak95C2h without stirring,water wash,60C vacuum10h.",,initial prepared fabric; no durability laundering or thermal aging,93
