batch_id,material_category,material_form,composition,sample_state,treatment_state,treatment_chemistry,treatment_method,atmosphere,heating_rate_C_min,T5_C,Tmax1_C,residue_at_Tmax1_pct,Tmax2_C,residue_at_Tmax2_pct,Tmax3_C,residue_at_Tmax3_pct,R700_pct,LOI_pct,direct_numeric_use,evidence,source_title,year,journal,DOI,source_url,source_location,limitations
B20260921-132,cotton,fabric,100% cotton,CO,untreated,,,N2,20,330,391,41.9,,,,,4.5,,TG-only,"Open-access article Table 4; TGA/DTG under nitrogen at 20 K/min. The study reports ISO 15025 flame testing rather than LOI, so no LOI point estimate is entered.","Single-Step Phytate Flame-Retardant Coatings for Cotton, Polyester and Cotton/Polyester Blends",2026,Polymers,10.3390/polym18070819,https://www.mdpi.com/2073-4360/18/7/819,Section 3.2.3; Figure 11; Table 4,"Tmax-associated residue values are masses remaining at each reported DTG peak, not terminal char yields."
B20260921-133,cotton,fabric,100% cotton,CO_PVAmPA,FR coated,poly(vinylammonium) phytate (PVAmPA) + binder,single-step binder-assisted coating,N2,20,320,280,97.8,356,72.3,418,31,18.2,,TG-only,"Open-access article Table 4; TGA/DTG under nitrogen at 20 K/min. The study reports ISO 15025 flame testing rather than LOI, so no LOI point estimate is entered.","Single-Step Phytate Flame-Retardant Coatings for Cotton, Polyester and Cotton/Polyester Blends",2026,Polymers,10.3390/polym18070819,https://www.mdpi.com/2073-4360/18/7/819,Section 3.2.3; Figure 11; Table 4,"Tmax-associated residue values are masses remaining at each reported DTG peak, not terminal char yields."
B20260921-134,cotton,fabric,100% cotton,CO_ChiPA,FR coated,chitosan phytate (ChiPA) + binder,single-step binder-assisted coating,N2,20,291,241,97.7,351,64.7,427,26.3,15.2,,TG-only,"Open-access article Table 4; TGA/DTG under nitrogen at 20 K/min. The study reports ISO 15025 flame testing rather than LOI, so no LOI point estimate is entered.","Single-Step Phytate Flame-Retardant Coatings for Cotton, Polyester and Cotton/Polyester Blends",2026,Polymers,10.3390/polym18070819,https://www.mdpi.com/2073-4360/18/7/819,Section 3.2.3; Figure 11; Table 4,"Tmax-associated residue values are masses remaining at each reported DTG peak, not terminal char yields."
B20260921-135,cotton/polyester blend,fabric,cotton/PET blend,CO/PET,untreated,,,N2,20,341,386,71.9,455,31.7,,,11.3,,TG-only,"Open-access article Table 4; TGA/DTG under nitrogen at 20 K/min. The study reports ISO 15025 flame testing rather than LOI, so no LOI point estimate is entered.","Single-Step Phytate Flame-Retardant Coatings for Cotton, Polyester and Cotton/Polyester Blends",2026,Polymers,10.3390/polym18070819,https://www.mdpi.com/2073-4360/18/7/819,Section 3.2.3; Figure 11; Table 4,"Tmax-associated residue values are masses remaining at each reported DTG peak, not terminal char yields."
B20260921-136,cotton/polyester blend,fabric,cotton/PET blend,CO/PET_PVAmPA,FR coated,poly(vinylammonium) phytate (PVAmPA) + binder,single-step binder-assisted coating,N2,20,321,316,95.8,353,83.2,419,52.4,20.4,,TG-only,"Open-access article Table 4; TGA/DTG under nitrogen at 20 K/min. The study reports ISO 15025 flame testing rather than LOI, so no LOI point estimate is entered.","Single-Step Phytate Flame-Retardant Coatings for Cotton, Polyester and Cotton/Polyester Blends",2026,Polymers,10.3390/polym18070819,https://www.mdpi.com/2073-4360/18/7/819,Section 3.2.3; Figure 11; Table 4,"Tmax-associated residue values are masses remaining at each reported DTG peak, not terminal char yields."
B20260921-137,cotton/polyester blend,fabric,cotton/PET blend,CO/PET_ChiPA,FR coated,chitosan phytate (ChiPA) + binder,single-step binder-assisted coating,N2,20,289,245,98,347,79.9,437,43.8,14.6,,TG-only,"Open-access article Table 4; TGA/DTG under nitrogen at 20 K/min. The study reports ISO 15025 flame testing rather than LOI, so no LOI point estimate is entered.","Single-Step Phytate Flame-Retardant Coatings for Cotton, Polyester and Cotton/Polyester Blends",2026,Polymers,10.3390/polym18070819,https://www.mdpi.com/2073-4360/18/7/819,Section 3.2.3; Figure 11; Table 4,"Tmax-associated residue values are masses remaining at each reported DTG peak, not terminal char yields."
B20260921-138,polyester,fabric,PET,PET,untreated,,,N2,20,421,456,54.8,,,,,16,,TG-only,"Open-access article Table 4; TGA/DTG under nitrogen at 20 K/min. The study reports ISO 15025 flame testing rather than LOI, so no LOI point estimate is entered.","Single-Step Phytate Flame-Retardant Coatings for Cotton, Polyester and Cotton/Polyester Blends",2026,Polymers,10.3390/polym18070819,https://www.mdpi.com/2073-4360/18/7/819,Section 3.2.3; Figure 11; Table 4,"Tmax-associated residue values are masses remaining at each reported DTG peak, not terminal char yields."
B20260921-139,polyester,fabric,PET,PET_PVAmPA,FR coated,poly(vinylammonium) phytate (PVAmPA) + binder,single-step binder-assisted coating,N2,20,350,316,96.8,415,63.8,443,38.4,21.5,,TG-only,"Open-access article Table 4; TGA/DTG under nitrogen at 20 K/min. The study reports ISO 15025 flame testing rather than LOI, so no LOI point estimate is entered.","Single-Step Phytate Flame-Retardant Coatings for Cotton, Polyester and Cotton/Polyester Blends",2026,Polymers,10.3390/polym18070819,https://www.mdpi.com/2073-4360/18/7/819,Section 3.2.3; Figure 11; Table 4,"Tmax-associated residue values are masses remaining at each reported DTG peak, not terminal char yields."
B20260921-140,polyester,fabric,PET,PET_ChiPA,FR coated,chitosan phytate (ChiPA) + binder,single-step binder-assisted coating,N2,20,280,237,97.7,437,55.8,450,49.7,17.3,,TG-only,"Open-access article Table 4; TGA/DTG under nitrogen at 20 K/min. The study reports ISO 15025 flame testing rather than LOI, so no LOI point estimate is entered.","Single-Step Phytate Flame-Retardant Coatings for Cotton, Polyester and Cotton/Polyester Blends",2026,Polymers,10.3390/polym18070819,https://www.mdpi.com/2073-4360/18/7/819,Section 3.2.3; Figure 11; Table 4,"Tmax-associated residue values are masses remaining at each reported DTG peak, not terminal char yields."
