DOI,LOI_locator,LOI_method,LOI_pct,LOI_source_location,LOI_state,LOI_uncertainty_pct,LOI_uncertainty_type,R500_pct,R600_pct,R700_pct,R800_pct,T10_C,T50_C,T5_C,TGA_instrument,TGA_n,TGA_sample_mass_mg,TGA_sample_mass_uncertainty_mg,TGA_statistic,TG_end_C,TG_locator,TG_source_location,Tmax1_C,Tmax1_assignment,Tmax2_C,Tmax3_C,alginate_in_nonwoven_base_wt_pct,alternative_alkali_LOI_pct,alternative_alkali_LOI_sd,aramid_in_nonwoven_base_wt_pct,area_density_g_m2,atmosphere,batch_id,bilayers,composition,condition_status,conditions_locator,conditions_source_location,crosswalk_notes,dataset_type,direct_numeric_use,evidence_reviewed_at,evidence_reviewed_by,existing_state_status,fabric_thickness_mm,fulltext_url,gas_flow_mL_min,heating_rate_C_min,limitations,material_category,material_form,material_form_LOI,material_form_TGA,max_mass_loss_rate1,max_mass_loss_rate2,max_mass_loss_rate3,numeric_evidence_type,numeric_evidence_type_reported,pairing_evidence,pairing_status,peak_assignment_status,rate_unit,review_disposition,sample_state,source_conflicting_residue_pct,source_location,source_reported_Rmax1_pct_C,source_reported_Tmax1_C,source_sample_label_LOI,source_sample_label_TGA,source_title,source_url,tga_start_temperature_C,title,treatment_method,treatment_state,washing_state,water_removal_peak_C
10.3390/ma11040483,"Section 3.6 Flame Retardancy, last paragraph: PAN 17 vol%; FR-PAN 33.2 vol%",GB 5454-85; HC-2 oxygen index apparatus,17,"Section 3.6 Flame Retardancy, last paragraph: PAN 17 vol%; FR-PAN 33.2 vol%",as prepared,,not reported,,,,,,,310,Netzsch STA-409PC,,5.7,,,800,"Table 2 (materials-11-00483-t002), fabric PAN/FR-PAN rows and atmosphere subrows","Table 2 (materials-11-00483-t002), fabric PAN/FR-PAN rows and atmosphere subrows",320,,420,,,,,,400,N2,E20260930-B40-013,0,95 wt% acrylonitrile / 5 wt% vinyl acetate copolymer,partial,"Sections 2.1, 2.4 and 2.5: 400 g/m² fabric, 10 BL definition; TGA 20–800 °C, 10 °C/min under air; LOI GB5454-85","Sections 2.1, 2.4 and 2.5: 400 g/m² fabric, 10 BL definition; TGA 20–800 °C, 10 °C/min under air; LOI GB5454-85",,literature,TG+LOI,2026-09-30,dot primary-source review,,,https://www.ebi.ac.uk/europepmc/webservices/rest/PMC5951329/fullTextXML,,,"Table 2/Figure 6 explicitly identify N2, but Section 2.5 specifies the 10 °C/min, 20–800 °C, 50 mL/min method only for air. N2 heating rate and flow are not established, so neither is copied from air. The endpoint is supported separately by the Section 3.5 discussion of N2 residue at 800 °C. PAN N2 residue is 44 wt% in Table 2 and the paragraph directly about PAN, but a later FR-PAN comparison calls control PAN 57 wt%; R800 is conservatively withheld.",polyacrylonitrile,scoured plain-woven PAN fabric,scoured plain-woven PAN fabric,scoured plain-woven PAN fabric,,,,explicit_text,TGA tabulated; LOI explicit_text,"Sections 2.1 and 2.4 define scoured plain-woven PAN fabric from 95 wt% acrylonitrile/5 wt% vinyl acetate copolymer fibers and FR-PAN as the same fabric with 10 silica-sol/phytic-acid bilayers. Table 2 explicitly reports fabric PAN and FR-PAN separately from isolated Coating; Section 3.6 directly reports the two fabric LOI values. Preparative DI-water rinsing is part of deposition, and no subsequent wash-durability series is reported.",verified_exact,,,retain_as_condition_partial,PAN,Table 2/direct PAN N2 paragraph:44; later FR-PAN N2 comparison calls control PAN:57,"Table 2 (materials-11-00483-t002), fabric PAN/FR-PAN rows and atmosphere subrows; Section 3.6 Flame Retardancy, last paragraph: PAN 17 vol%; FR-PAN 33.2 vol%; Sections 2.1, 2.4 and 2.5: 400 g/m² fabric, 10 BL definition; TGA 20–800 °C, 10 °C/min under air; LOI GB5454-85",,,,,Preparation of Flame Retardant Polyacrylonitrile Fabric Based on Sol-Gel and Layer-by-Layer Assembly,https://pmc.ncbi.nlm.nih.gov/articles/PMC5951329/,,Preparation of Flame Retardant Polyacrylonitrile Fabric Based on Sol-Gel and Layer-by-Layer Assembly,,untreated,as_prepared_no_post_finish_laundering_reported,
10.3390/ma11040483,"Section 3.6 Flame Retardancy, last paragraph: PAN 17 vol%; FR-PAN 33.2 vol%",GB 5454-85; HC-2 oxygen index apparatus,33.2,"Section 3.6 Flame Retardancy, last paragraph: PAN 17 vol%; FR-PAN 33.2 vol%",as prepared,,not reported,,,,68,,,201,Netzsch STA-409PC,,5.7,,,800,"Table 2 (materials-11-00483-t002), fabric PAN/FR-PAN rows and atmosphere subrows","Table 2 (materials-11-00483-t002), fabric PAN/FR-PAN rows and atmosphere subrows",330,,405,,,,,,400,N2,E20260930-B40-014,10,95 wt% acrylonitrile / 5 wt% vinyl acetate copolymer,partial,"Sections 2.1, 2.4 and 2.5: 400 g/m² fabric, 10 BL definition; TGA 20–800 °C, 10 °C/min under air; LOI GB5454-85","Sections 2.1, 2.4 and 2.5: 400 g/m² fabric, 10 BL definition; TGA 20–800 °C, 10 °C/min under air; LOI GB5454-85",,literature,TG+LOI,2026-09-30,dot primary-source review,,,https://www.ebi.ac.uk/europepmc/webservices/rest/PMC5951329/fullTextXML,,,"Table 2/Figure 6 explicitly identify N2, but Section 2.5 specifies the 10 °C/min, 20–800 °C, 50 mL/min method only for air. N2 heating rate and flow are not established, so neither is copied from air. The endpoint is supported separately by the Section 3.5 discussion of N2 residue at 800 °C.",polyacrylonitrile,scoured plain-woven PAN fabric,scoured plain-woven PAN fabric,scoured plain-woven PAN fabric,,,,explicit_text,TGA tabulated; LOI explicit_text,"Sections 2.1 and 2.4 define scoured plain-woven PAN fabric from 95 wt% acrylonitrile/5 wt% vinyl acetate copolymer fibers and FR-PAN as the same fabric with 10 silica-sol/phytic-acid bilayers. Table 2 explicitly reports fabric PAN and FR-PAN separately from isolated Coating; Section 3.6 directly reports the two fabric LOI values. Preparative DI-water rinsing is part of deposition, and no subsequent wash-durability series is reported.",verified_exact,,,retain_as_condition_partial,FR-PAN,,"Table 2 (materials-11-00483-t002), fabric PAN/FR-PAN rows and atmosphere subrows; Section 3.6 Flame Retardancy, last paragraph: PAN 17 vol%; FR-PAN 33.2 vol%; Sections 2.1, 2.4 and 2.5: 400 g/m² fabric, 10 BL definition; TGA 20–800 °C, 10 °C/min under air; LOI GB5454-85",,,,,Preparation of Flame Retardant Polyacrylonitrile Fabric Based on Sol-Gel and Layer-by-Layer Assembly,https://pmc.ncbi.nlm.nih.gov/articles/PMC5951329/,,Preparation of Flame Retardant Polyacrylonitrile Fabric Based on Sol-Gel and Layer-by-Layer Assembly,,FR treated,as_prepared_no_post_finish_laundering_reported,
10.1177/1558925019870301,"Table 1, p.4: non-alkali primary-series LOI; Table 2, p.5: separately alkali-pretreated-series LOI",ASTM D2863; ATS FAAR Industries oxygen index instrument; room temperature,22.2,"Table 1, p.4: non-alkali primary-series LOI; Table 2, p.5: separately alkali-pretreated-series LOI",as prepared,0.11,standard deviation,,6.69,,,400,,,Shimadzu DTG-60H,,,,,650,"Tables 3 and 4, p.6: same named TGA row; Table 3 N2 and Table 4 air","Tables 3 and 4, p.6: same named TGA row; Table 3 N2 and Table 4 air",437,,,,,22.7,0.08,,110,N2,E20260930-B40-016,,,complete,"Experimental: Materials and chemicals p.2; LBL assembly p.2; Characterization p.3: N2/air, 10 °C/min, room temperature–650 °C; ASTM D2863","Experimental: Materials and chemicals p.2; LBL assembly p.2; Characterization p.3: N2/air, 10 °C/min, room temperature–650 °C; ASTM D2863",,literature,hold_pairing_ambiguity,2026-09-30,dot primary-source review,,,,,10,No verified branch-specific TGA to distinguish Table 1 non-alkali from Table 2 alkali-pretreated same-label fabrics. Do not multiply into two states or certify either branch by label matching alone.,polyester,100% PET knitted fabric,100% PET knitted fabric,100% PET knitted fabric,,,,tabulated,,"Table 1 non-alkali and Table 2 alkali-pretreated specimens both use PET-1. Tables 3/4 contain one TGA row with that label, without specifying alkali pretreatment or linking a measured add-on. The TGA discussion refers only to untreated and LBL-assembly-treated fabrics. Matching the label to Table 1 is plausible from the paper structure but is not an explicit identification of the pretreatment branch. Therefore the shown Table 1 LOI is a candidate, not a verified exact pair.",ambiguous,,,do_not_promote,PET-1,,"Tables 3 and 4, p.6: same named TGA row; Table 3 N2 and Table 4 air; Table 1, p.4: non-alkali primary-series LOI; Table 2, p.5: separately alkali-pretreated-series LOI; Experimental: Materials and chemicals p.2; LBL assembly p.2; Characterization p.3: N2/air, 10 °C/min, room temperature–650 °C; ASTM D2863",,,,,Layer-by-layer assembly flame-retardant and anti-dripping treatment of polyethylene terephthalate fabrics,https://journals.sagepub.com/doi/pdf/10.1177/1558925019870301,room temperature,Layer-by-layer assembly flame-retardant and anti-dripping treatment of polyethylene terephthalate fabrics,,FR treated,as_prepared_no_post_finish_laundering_reported,
10.1177/1558925019870301,"Table 1, p.4: non-alkali primary-series LOI; Table 2, p.5: separately alkali-pretreated-series LOI",ASTM D2863; ATS FAAR Industries oxygen index instrument; room temperature,24,"Table 1, p.4: non-alkali primary-series LOI; Table 2, p.5: separately alkali-pretreated-series LOI",as prepared,0.13,standard deviation,,7.1,,,398,,,Shimadzu DTG-60H,,,,,650,"Tables 3 and 4, p.6: same named TGA row; Table 3 N2 and Table 4 air","Tables 3 and 4, p.6: same named TGA row; Table 3 N2 and Table 4 air",438,,,,,24.9,0.11,,110,N2,E20260930-B40-017,,,complete,"Experimental: Materials and chemicals p.2; LBL assembly p.2; Characterization p.3: N2/air, 10 °C/min, room temperature–650 °C; ASTM D2863","Experimental: Materials and chemicals p.2; LBL assembly p.2; Characterization p.3: N2/air, 10 °C/min, room temperature–650 °C; ASTM D2863",,literature,hold_pairing_ambiguity,2026-09-30,dot primary-source review,,,,,10,No verified branch-specific TGA to distinguish Table 1 non-alkali from Table 2 alkali-pretreated same-label fabrics. Do not multiply into two states or certify either branch by label matching alone.,polyester,100% PET knitted fabric,100% PET knitted fabric,100% PET knitted fabric,,,,tabulated,,"Table 1 non-alkali and Table 2 alkali-pretreated specimens both use PET-5. Tables 3/4 contain one TGA row with that label, without specifying alkali pretreatment or linking a measured add-on. The TGA discussion refers only to untreated and LBL-assembly-treated fabrics. Matching the label to Table 1 is plausible from the paper structure but is not an explicit identification of the pretreatment branch. Therefore the shown Table 1 LOI is a candidate, not a verified exact pair.",ambiguous,,,do_not_promote,PET-5,,"Tables 3 and 4, p.6: same named TGA row; Table 3 N2 and Table 4 air; Table 1, p.4: non-alkali primary-series LOI; Table 2, p.5: separately alkali-pretreated-series LOI; Experimental: Materials and chemicals p.2; LBL assembly p.2; Characterization p.3: N2/air, 10 °C/min, room temperature–650 °C; ASTM D2863",,,,,Layer-by-layer assembly flame-retardant and anti-dripping treatment of polyethylene terephthalate fabrics,https://journals.sagepub.com/doi/pdf/10.1177/1558925019870301,room temperature,Layer-by-layer assembly flame-retardant and anti-dripping treatment of polyethylene terephthalate fabrics,,FR treated,as_prepared_no_post_finish_laundering_reported,
10.1177/1558925019870301,"Table 1, p.4: non-alkali primary-series LOI; Table 2, p.5: separately alkali-pretreated-series LOI",ASTM D2863; ATS FAAR Industries oxygen index instrument; room temperature,25.2,"Table 1, p.4: non-alkali primary-series LOI; Table 2, p.5: separately alkali-pretreated-series LOI",as prepared,0.08,standard deviation,,7.56,,,397,,,Shimadzu DTG-60H,,,,,650,"Tables 3 and 4, p.6: same named TGA row; Table 3 N2 and Table 4 air","Tables 3 and 4, p.6: same named TGA row; Table 3 N2 and Table 4 air",443,,,,,26.5,0.08,,110,N2,E20260930-B40-018,,,complete,"Experimental: Materials and chemicals p.2; LBL assembly p.2; Characterization p.3: N2/air, 10 °C/min, room temperature–650 °C; ASTM D2863","Experimental: Materials and chemicals p.2; LBL assembly p.2; Characterization p.3: N2/air, 10 °C/min, room temperature–650 °C; ASTM D2863",,literature,hold_pairing_ambiguity,2026-09-30,dot primary-source review,,,,,10,No verified branch-specific TGA to distinguish Table 1 non-alkali from Table 2 alkali-pretreated same-label fabrics. Do not multiply into two states or certify either branch by label matching alone.,polyester,100% PET knitted fabric,100% PET knitted fabric,100% PET knitted fabric,,,,tabulated,,"Table 1 non-alkali and Table 2 alkali-pretreated specimens both use PET-10. Tables 3/4 contain one TGA row with that label, without specifying alkali pretreatment or linking a measured add-on. The TGA discussion refers only to untreated and LBL-assembly-treated fabrics. Matching the label to Table 1 is plausible from the paper structure but is not an explicit identification of the pretreatment branch. Therefore the shown Table 1 LOI is a candidate, not a verified exact pair.",ambiguous,,,do_not_promote,PET-10,,"Tables 3 and 4, p.6: same named TGA row; Table 3 N2 and Table 4 air; Table 1, p.4: non-alkali primary-series LOI; Table 2, p.5: separately alkali-pretreated-series LOI; Experimental: Materials and chemicals p.2; LBL assembly p.2; Characterization p.3: N2/air, 10 °C/min, room temperature–650 °C; ASTM D2863",,,,,Layer-by-layer assembly flame-retardant and anti-dripping treatment of polyethylene terephthalate fabrics,https://journals.sagepub.com/doi/pdf/10.1177/1558925019870301,room temperature,Layer-by-layer assembly flame-retardant and anti-dripping treatment of polyethylene terephthalate fabrics,,FR treated,as_prepared_no_post_finish_laundering_reported,
10.1177/1558925019870301,"Table 1, p.4: non-alkali primary-series LOI; Table 2, p.5: separately alkali-pretreated-series LOI",ASTM D2863; ATS FAAR Industries oxygen index instrument; room temperature,26,"Table 1, p.4: non-alkali primary-series LOI; Table 2, p.5: separately alkali-pretreated-series LOI",as prepared,0.17,standard deviation,,9.35,,,393,,,Shimadzu DTG-60H,,,,,650,"Tables 3 and 4, p.6: same named TGA row; Table 3 N2 and Table 4 air","Tables 3 and 4, p.6: same named TGA row; Table 3 N2 and Table 4 air",445,,,,,26.9,0.13,,110,N2,E20260930-B40-019,,,complete,"Experimental: Materials and chemicals p.2; LBL assembly p.2; Characterization p.3: N2/air, 10 °C/min, room temperature–650 °C; ASTM D2863","Experimental: Materials and chemicals p.2; LBL assembly p.2; Characterization p.3: N2/air, 10 °C/min, room temperature–650 °C; ASTM D2863",,literature,hold_pairing_ambiguity,2026-09-30,dot primary-source review,,,,,10,No verified branch-specific TGA to distinguish Table 1 non-alkali from Table 2 alkali-pretreated same-label fabrics. Do not multiply into two states or certify either branch by label matching alone.,polyester,100% PET knitted fabric,100% PET knitted fabric,100% PET knitted fabric,,,,tabulated,,"Table 1 non-alkali and Table 2 alkali-pretreated specimens both use PET-20. Tables 3/4 contain one TGA row with that label, without specifying alkali pretreatment or linking a measured add-on. The TGA discussion refers only to untreated and LBL-assembly-treated fabrics. Matching the label to Table 1 is plausible from the paper structure but is not an explicit identification of the pretreatment branch. Therefore the shown Table 1 LOI is a candidate, not a verified exact pair.",ambiguous,,,do_not_promote,PET-20,,"Tables 3 and 4, p.6: same named TGA row; Table 3 N2 and Table 4 air; Table 1, p.4: non-alkali primary-series LOI; Table 2, p.5: separately alkali-pretreated-series LOI; Experimental: Materials and chemicals p.2; LBL assembly p.2; Characterization p.3: N2/air, 10 °C/min, room temperature–650 °C; ASTM D2863",,,,,Layer-by-layer assembly flame-retardant and anti-dripping treatment of polyethylene terephthalate fabrics,https://journals.sagepub.com/doi/pdf/10.1177/1558925019870301,room temperature,Layer-by-layer assembly flame-retardant and anti-dripping treatment of polyethylene terephthalate fabrics,,FR treated,as_prepared_no_post_finish_laundering_reported,
10.1177/1558925019870301,"Table 1, p.4: non-alkali primary-series LOI; Table 2, p.5: separately alkali-pretreated-series LOI",ASTM D2863; ATS FAAR Industries oxygen index instrument; room temperature,22.2,"Table 1, p.4: non-alkali primary-series LOI; Table 2, p.5: separately alkali-pretreated-series LOI",as prepared,0.11,standard deviation,,0.56,,,401,,,Shimadzu DTG-60H,,,,,650,"Tables 3 and 4, p.6: same named TGA row; Table 3 N2 and Table 4 air","Tables 3 and 4, p.6: same named TGA row; Table 3 N2 and Table 4 air",431,,566,,,22.7,0.08,,110,air,E20260930-B40-021,,,complete,"Experimental: Materials and chemicals p.2; LBL assembly p.2; Characterization p.3: N2/air, 10 °C/min, room temperature–650 °C; ASTM D2863","Experimental: Materials and chemicals p.2; LBL assembly p.2; Characterization p.3: N2/air, 10 °C/min, room temperature–650 °C; ASTM D2863",,literature,hold_pairing_ambiguity,2026-09-30,dot primary-source review,,,,,10,No verified branch-specific TGA to distinguish Table 1 non-alkali from Table 2 alkali-pretreated same-label fabrics. Do not multiply into two states or certify either branch by label matching alone.,polyester,100% PET knitted fabric,100% PET knitted fabric,100% PET knitted fabric,,,,tabulated,,"Table 1 non-alkali and Table 2 alkali-pretreated specimens both use PET-1. Tables 3/4 contain one TGA row with that label, without specifying alkali pretreatment or linking a measured add-on. The TGA discussion refers only to untreated and LBL-assembly-treated fabrics. Matching the label to Table 1 is plausible from the paper structure but is not an explicit identification of the pretreatment branch. Therefore the shown Table 1 LOI is a candidate, not a verified exact pair.",ambiguous,,,do_not_promote,PET-1,,"Tables 3 and 4, p.6: same named TGA row; Table 3 N2 and Table 4 air; Table 1, p.4: non-alkali primary-series LOI; Table 2, p.5: separately alkali-pretreated-series LOI; Experimental: Materials and chemicals p.2; LBL assembly p.2; Characterization p.3: N2/air, 10 °C/min, room temperature–650 °C; ASTM D2863",,,,,Layer-by-layer assembly flame-retardant and anti-dripping treatment of polyethylene terephthalate fabrics,https://journals.sagepub.com/doi/pdf/10.1177/1558925019870301,room temperature,Layer-by-layer assembly flame-retardant and anti-dripping treatment of polyethylene terephthalate fabrics,,FR treated,as_prepared_no_post_finish_laundering_reported,
10.1177/1558925019870301,"Table 1, p.4: non-alkali primary-series LOI; Table 2, p.5: separately alkali-pretreated-series LOI",ASTM D2863; ATS FAAR Industries oxygen index instrument; room temperature,24,"Table 1, p.4: non-alkali primary-series LOI; Table 2, p.5: separately alkali-pretreated-series LOI",as prepared,0.13,standard deviation,,2.2,,,400,,,Shimadzu DTG-60H,,,,,650,"Tables 3 and 4, p.6: same named TGA row; Table 3 N2 and Table 4 air","Tables 3 and 4, p.6: same named TGA row; Table 3 N2 and Table 4 air",432,,568,,,24.9,0.11,,110,air,E20260930-B40-022,,,complete,"Experimental: Materials and chemicals p.2; LBL assembly p.2; Characterization p.3: N2/air, 10 °C/min, room temperature–650 °C; ASTM D2863","Experimental: Materials and chemicals p.2; LBL assembly p.2; Characterization p.3: N2/air, 10 °C/min, room temperature–650 °C; ASTM D2863",,literature,hold_pairing_ambiguity,2026-09-30,dot primary-source review,,,,,10,No verified branch-specific TGA to distinguish Table 1 non-alkali from Table 2 alkali-pretreated same-label fabrics. Do not multiply into two states or certify either branch by label matching alone.,polyester,100% PET knitted fabric,100% PET knitted fabric,100% PET knitted fabric,,,,tabulated,,"Table 1 non-alkali and Table 2 alkali-pretreated specimens both use PET-5. Tables 3/4 contain one TGA row with that label, without specifying alkali pretreatment or linking a measured add-on. The TGA discussion refers only to untreated and LBL-assembly-treated fabrics. Matching the label to Table 1 is plausible from the paper structure but is not an explicit identification of the pretreatment branch. Therefore the shown Table 1 LOI is a candidate, not a verified exact pair.",ambiguous,,,do_not_promote,PET-5,,"Tables 3 and 4, p.6: same named TGA row; Table 3 N2 and Table 4 air; Table 1, p.4: non-alkali primary-series LOI; Table 2, p.5: separately alkali-pretreated-series LOI; Experimental: Materials and chemicals p.2; LBL assembly p.2; Characterization p.3: N2/air, 10 °C/min, room temperature–650 °C; ASTM D2863",,,,,Layer-by-layer assembly flame-retardant and anti-dripping treatment of polyethylene terephthalate fabrics,https://journals.sagepub.com/doi/pdf/10.1177/1558925019870301,room temperature,Layer-by-layer assembly flame-retardant and anti-dripping treatment of polyethylene terephthalate fabrics,,FR treated,as_prepared_no_post_finish_laundering_reported,
10.1177/1558925019870301,"Table 1, p.4: non-alkali primary-series LOI; Table 2, p.5: separately alkali-pretreated-series LOI",ASTM D2863; ATS FAAR Industries oxygen index instrument; room temperature,25.2,"Table 1, p.4: non-alkali primary-series LOI; Table 2, p.5: separately alkali-pretreated-series LOI",as prepared,0.08,standard deviation,,3.75,,,399,,,Shimadzu DTG-60H,,,,,650,"Tables 3 and 4, p.6: same named TGA row; Table 3 N2 and Table 4 air","Tables 3 and 4, p.6: same named TGA row; Table 3 N2 and Table 4 air",432,,571,,,26.5,0.08,,110,air,E20260930-B40-023,,,complete,"Experimental: Materials and chemicals p.2; LBL assembly p.2; Characterization p.3: N2/air, 10 °C/min, room temperature–650 °C; ASTM D2863","Experimental: Materials and chemicals p.2; LBL assembly p.2; Characterization p.3: N2/air, 10 °C/min, room temperature–650 °C; ASTM D2863",,literature,hold_pairing_ambiguity,2026-09-30,dot primary-source review,,,,,10,No verified branch-specific TGA to distinguish Table 1 non-alkali from Table 2 alkali-pretreated same-label fabrics. Do not multiply into two states or certify either branch by label matching alone.,polyester,100% PET knitted fabric,100% PET knitted fabric,100% PET knitted fabric,,,,tabulated,,"Table 1 non-alkali and Table 2 alkali-pretreated specimens both use PET-10. Tables 3/4 contain one TGA row with that label, without specifying alkali pretreatment or linking a measured add-on. The TGA discussion refers only to untreated and LBL-assembly-treated fabrics. Matching the label to Table 1 is plausible from the paper structure but is not an explicit identification of the pretreatment branch. Therefore the shown Table 1 LOI is a candidate, not a verified exact pair.",ambiguous,,,do_not_promote,PET-10,,"Tables 3 and 4, p.6: same named TGA row; Table 3 N2 and Table 4 air; Table 1, p.4: non-alkali primary-series LOI; Table 2, p.5: separately alkali-pretreated-series LOI; Experimental: Materials and chemicals p.2; LBL assembly p.2; Characterization p.3: N2/air, 10 °C/min, room temperature–650 °C; ASTM D2863",,,,,Layer-by-layer assembly flame-retardant and anti-dripping treatment of polyethylene terephthalate fabrics,https://journals.sagepub.com/doi/pdf/10.1177/1558925019870301,room temperature,Layer-by-layer assembly flame-retardant and anti-dripping treatment of polyethylene terephthalate fabrics,,FR treated,as_prepared_no_post_finish_laundering_reported,
10.1177/1558925019870301,"Table 1, p.4: non-alkali primary-series LOI; Table 2, p.5: separately alkali-pretreated-series LOI",ASTM D2863; ATS FAAR Industries oxygen index instrument; room temperature,26,"Table 1, p.4: non-alkali primary-series LOI; Table 2, p.5: separately alkali-pretreated-series LOI",as prepared,0.17,standard deviation,,4.46,,,396,,,Shimadzu DTG-60H,,,,,650,"Tables 3 and 4, p.6: same named TGA row; Table 3 N2 and Table 4 air","Tables 3 and 4, p.6: same named TGA row; Table 3 N2 and Table 4 air",432,,571,,,26.9,0.13,,110,air,E20260930-B40-024,,,complete,"Experimental: Materials and chemicals p.2; LBL assembly p.2; Characterization p.3: N2/air, 10 °C/min, room temperature–650 °C; ASTM D2863","Experimental: Materials and chemicals p.2; LBL assembly p.2; Characterization p.3: N2/air, 10 °C/min, room temperature–650 °C; ASTM D2863",,literature,hold_pairing_ambiguity,2026-09-30,dot primary-source review,,,,,10,No verified branch-specific TGA to distinguish Table 1 non-alkali from Table 2 alkali-pretreated same-label fabrics. Do not multiply into two states or certify either branch by label matching alone.,polyester,100% PET knitted fabric,100% PET knitted fabric,100% PET knitted fabric,,,,tabulated,,"Table 1 non-alkali and Table 2 alkali-pretreated specimens both use PET-20. Tables 3/4 contain one TGA row with that label, without specifying alkali pretreatment or linking a measured add-on. The TGA discussion refers only to untreated and LBL-assembly-treated fabrics. Matching the label to Table 1 is plausible from the paper structure but is not an explicit identification of the pretreatment branch. Therefore the shown Table 1 LOI is a candidate, not a verified exact pair.",ambiguous,,,do_not_promote,PET-20,,"Tables 3 and 4, p.6: same named TGA row; Table 3 N2 and Table 4 air; Table 1, p.4: non-alkali primary-series LOI; Table 2, p.5: separately alkali-pretreated-series LOI; Experimental: Materials and chemicals p.2; LBL assembly p.2; Characterization p.3: N2/air, 10 °C/min, room temperature–650 °C; ASTM D2863",,,,,Layer-by-layer assembly flame-retardant and anti-dripping treatment of polyethylene terephthalate fabrics,https://journals.sagepub.com/doi/pdf/10.1177/1558925019870301,room temperature,Layer-by-layer assembly flame-retardant and anti-dripping treatment of polyethylene terephthalate fabrics,,FR treated,as_prepared_no_post_finish_laundering_reported,
